[ARKADE INIT 1] Client initialization starts.
[ARKADE INIT 2] drmgr_init is done.
[ARKADE INIT 3] drutil_init is done.
[ARKADE INIT 4] drreg_init is done.
[ARKADE INIT 5] drwrap_init is done.
[ARKADE INIT 6] drsym_init is done.
[ARKADE INIT 7] module_load_event registration is done
[ARKADE INIT 8] BB(Basic Block) insertion is done

Data file /home/arkade/tools/Binary_Instrumentation_Tools/DynamoRIO/src/github/dynamorio_research/debug/arkade_examples/../samples/build/bin/arkade_memtrace_base_offset.log.hello2.3910007.0000.log created

[ARKADE WRAP MALLOC] Wrapped malloc successfully @ 0x00007f43bd9ac4a0
[ARKADE WRAP FREE] Wrapped free successfully @ 0x00007f43bd9ac600




[ARKADE BB START] Basic Block is detected -> event_bb_insert is called.

	Instruction: mov    %rsp -> %rdi
	Instruction: call   $0x00007f43bd990df0 %rsp -> %rsp 0xfffffff8(%rsp)[8byte]
[ARKADE BB END] handling event_bb is done.




[ARKADE BB START] Basic Block is detected -> event_bb_insert is called.

	Instruction: nop    %edx
	Instruction: push   %rbp %rsp -> %rsp 0xfffffff8(%rsp)[8byte]
	Instruction: mov    %rsp -> %rbp
	Instruction: push   %r15 %rsp -> %rsp 0xfffffff8(%rsp)[8byte]
	Instruction: mov    %rdi -> %r15
	Instruction: push   %r14 %rsp -> %rsp 0xfffffff8(%rsp)[8byte]
	Instruction: push   %r13 %rsp -> %rsp 0xfffffff8(%rsp)[8byte]
	Instruction: push   %r12 %rsp -> %rsp 0xfffffff8(%rsp)[8byte]
	Instruction: push   %rbx %rsp -> %rsp 0xfffffff8(%rsp)[8byte]
	Instruction: sub    $0x0000000000000038 %rsp -> %rsp
	Instruction: rdtsc   -> %edx %eax
	Instruction: shl    $0x0000000000000020 %rdx -> %rdx
	Instruction: or     %rdx %rax -> %rax
	Instruction: lea    <rel> 0x00007f43bd9bce68 -> %rdx
	Instruction: mov    %rax -> <rel> 0x00007f43bd9bc5e0[8byte]
	Instruction: mov    <rel> 0x00007f43bd9bce68[8byte] -> %rax
	Instruction: mov    %rdx -> %r12
	Instruction: sub    <rel> 0x00007f43bd9bd000[8byte] %r12 -> %r12
	Instruction: mov    %rdx -> <rel> 0x00007f43bd9bd9f8[8byte]
	Instruction: mov    %r12 -> <rel> 0x00007f43bd9bd9e8[8byte]
	Instruction: test   %rax %rax
	Instruction: jz     $0x00007f43bd990eb6
[ARKADE BB END] handling event_bb is done.




[ARKADE BB START] Basic Block is detected -> event_bb_insert is called.

	Instruction: mov    $0x6fffffff -> %edi
	Instruction: mov    $0x6ffffdff -> %r10d
	Instruction: mov    $0x6ffffeff -> %ebx
	Instruction: mov    $0x6fffff41 -> %r13d
	Instruction: lea    <rel> 0x00007f43bd9bda28 -> %rcx
	Instruction: mov    $0x6ffffe35 -> %r11d
	Instruction: mov    $0x00000032 -> %r9d
	Instruction: mov    $0x70000022 -> %r8d
	Instruction: jmp    $0x00007f43bd990e9f
[ARKADE BB END] handling event_bb is done.




[ARKADE BB START] Basic Block is detected -> event_bb_insert is called.

	Instruction: cmp    %rax $0x0000000000000022
	Instruction: jnbe   $0x00007f43bd990e78
[ARKADE BB END] handling event_bb is done.




[ARKADE BB START] Basic Block is detected -> event_bb_insert is called.

	Instruction: mov    %rdx -> (%rcx,%rax,8)[8byte]
	Instruction: mov    0x10(%rdx)[8byte] -> %rax
	Instruction: add    $0x0000000000000010 %rdx -> %rdx
	Instruction: test   %rax %rax
	Instruction: jnz    $0x00007f43bd990e9f
[ARKADE BB END] handling event_bb is done.




[ARKADE BB START] Basic Block is detected -> event_bb_insert is called.

	Instruction: mov    %rdi -> %rsi
	Instruction: sub    %rax %rsi -> %rsi
	Instruction: cmp    %rsi $0x000000000000000f
	Instruction: jnbe   $0x00007f43bd991070
[ARKADE BB END] handling event_bb is done.




[ARKADE BB START] Basic Block is detected -> event_bb_insert is called.

	Instruction: lea    (%rax,%rax) -> %esi
	Instruction: mov    %esi -> %r14d
	Instruction: sar    $0x00000001 %r14d -> %r14d
	Instruction: cmp    %esi $0xfffffff8
	Instruction: jbe    $0x00007f43bd991090
[ARKADE BB END] handling event_bb is done.




[ARKADE BB START] Basic Block is detected -> event_bb_insert is called.

	Instruction: mov    %r10 -> %rsi
	Instruction: sub    %rax %rsi -> %rsi
	Instruction: cmp    %rsi $0x000000000000000b
	Instruction: jnbe   $0x00007f43bd991210
[ARKADE BB END] handling event_bb is done.




[ARKADE BB START] Basic Block is detected -> event_bb_insert is called.

	Instruction: mov    %rbx -> %rsi
	Instruction: sub    %rax %rsi -> %rsi
	Instruction: cmp    %rsi $0x000000000000000a
	Instruction: jnbe   $0x00007f43bd990e92
[ARKADE BB END] handling event_bb is done.




[ARKADE BB START] Basic Block is detected -> event_bb_insert is called.

	Instruction: mov    %r13 -> %rsi
	Instruction: sub    %rax %rsi -> %rsi
	Instruction: mov    %rsi -> %rax
	Instruction: mov    %rdx -> (%rcx,%rax,8)[8byte]
	Instruction: jmp    $0x00007f43bd990ea9
[ARKADE BB END] handling event_bb is done.




[ARKADE BB START] Basic Block is detected -> event_bb_insert is called.

	Instruction: mov    0x10(%rdx)[8byte] -> %rax
	Instruction: add    $0x0000000000000010 %rdx -> %rdx
	Instruction: test   %rax %rax
	Instruction: jnz    $0x00007f43bd990e9f
[ARKADE BB END] handling event_bb is done.




[ARKADE BB START] Basic Block is detected -> event_bb_insert is called.

	Instruction: mov    %r8 -> %rsi
	Instruction: sub    %rax %rsi -> %rsi
	Instruction: mov    %rdx -> (%rcx,%rsi,8)[8byte]
	Instruction: mov    0x10(%rdx)[8byte] -> %rax
	Instruction: add    $0x0000000000000010 %rdx -> %rdx
	Instruction: test   %rax %rax
	Instruction: jz     $0x00007f43bd990eb6
[ARKADE BB END] handling event_bb is done.




[ARKADE BB START] Basic Block is detected -> event_bb_insert is called.

	Instruction: test   %r12 %r12
	Instruction: jz     $0x00007f43bd990f3f
[ARKADE BB END] handling event_bb is done.




[ARKADE BB START] Basic Block is detected -> event_bb_insert is called.

	Instruction: mov    <rel> 0x00007f43bd9bda48[8byte] -> %rax
	Instruction: test   %rax %rax
	Instruction: jz     $0x00007f43bd990ecf
[ARKADE BB END] handling event_bb is done.




[ARKADE BB START] Basic Block is detected -> event_bb_insert is called.

	Instruction: add    %r12 0x08(%rax)[8byte] -> 0x08(%rax)[8byte]
	Instruction: mov    <rel> 0x00007f43bd9bda40[8byte] -> %rax
	Instruction: test   %rax %rax
	Instruction: jz     $0x00007f43bd990edf
[ARKADE BB END] handling event_bb is done.




[ARKADE BB START] Basic Block is detected -> event_bb_insert is called.

	Instruction: add    %r12 0x08(%rax)[8byte] -> 0x08(%rax)[8byte]
	Instruction: mov    <rel> 0x00007f43bd9bda50[8byte] -> %rax
	Instruction: test   %rax %rax
	Instruction: jz     $0x00007f43bd990eef
[ARKADE BB END] handling event_bb is done.




[ARKADE BB START] Basic Block is detected -> event_bb_insert is called.

	Instruction: add    %r12 0x08(%rax)[8byte] -> 0x08(%rax)[8byte]
	Instruction: mov    <rel> 0x00007f43bd9bda58[8byte] -> %rax
	Instruction: test   %rax %rax
	Instruction: jz     $0x00007f43bd990eff
[ARKADE BB END] handling event_bb is done.




[ARKADE BB START] Basic Block is detected -> event_bb_insert is called.

	Instruction: add    %r12 0x08(%rax)[8byte] -> 0x08(%rax)[8byte]
	Instruction: mov    <rel> 0x00007f43bd9bda60[8byte] -> %rax
	Instruction: test   %rax %rax
	Instruction: jz     $0x00007f43bd990f0f
[ARKADE BB END] handling event_bb is done.




[ARKADE BB START] Basic Block is detected -> event_bb_insert is called.

	Instruction: add    %r12 0x08(%rax)[8byte] -> 0x08(%rax)[8byte]
	Instruction: mov    <rel> 0x00007f43bd9bdae0[8byte] -> %rax
	Instruction: test   %rax %rax
	Instruction: jz     $0x00007f43bd990f1f
[ARKADE BB END] handling event_bb is done.




[ARKADE BB START] Basic Block is detected -> event_bb_insert is called.

	Instruction: add    %r12 0x08(%rax)[8byte] -> 0x08(%rax)[8byte]
	Instruction: mov    <rel> 0x00007f43bd9bdbb8[8byte] -> %rax
	Instruction: test   %rax %rax
	Instruction: jz     $0x00007f43bd990f2f
[ARKADE BB END] handling event_bb is done.




[ARKADE BB START] Basic Block is detected -> event_bb_insert is called.

	Instruction: add    %r12 0x08(%rax)[8byte] -> 0x08(%rax)[8byte]
	Instruction: mov    <rel> 0x00007f43bd9bdc88[8byte] -> %rax
	Instruction: test   %rax %rax
	Instruction: jz     $0x00007f43bd990f3f
[ARKADE BB END] handling event_bb is done.




[ARKADE BB START] Basic Block is detected -> event_bb_insert is called.

	Instruction: add    %r12 0x08(%rax)[8byte] -> 0x08(%rax)[8byte]
	Instruction: mov    <rel> 0x00007f43bd9bdac8[8byte] -> %rdx
	Instruction: test   %rdx %rdx
	Instruction: jz     $0x00007f43bd990f56
[ARKADE BB END] handling event_bb is done.




[ARKADE BB START] Basic Block is detected -> event_bb_insert is called.

	Instruction: cmp    0x08(%rdx)[8byte] $0x0000000000000007
	Instruction: jnz    $0x00007f43bd99132e
[ARKADE BB END] handling event_bb is done.




[ARKADE BB START] Basic Block is detected -> event_bb_insert is called.

	Instruction: mov    <rel> 0x00007f43bd9bda60[8byte] -> %rax
	Instruction: test   %rax %rax
	Instruction: jz     $0x00007f43bd990f74
[ARKADE BB END] handling event_bb is done.




[ARKADE BB START] Basic Block is detected -> event_bb_insert is called.

	Instruction: mov    <rel> 0x00007f43bd9bda70[8byte] -> %rcx
	Instruction: cmp    0x08(%rcx)[8byte] $0x0000000000000018
	Instruction: jnz    $0x00007f43bd9913c9
[ARKADE BB END] handling event_bb is done.




[ARKADE BB START] Basic Block is detected -> event_bb_insert is called.

	Instruction: mov    <rel> 0x00007f43bd9bdb60[8byte] -> %rcx
	Instruction: test   %rcx %rcx
	Instruction: jz     $0x00007f43bd990f8e
[ARKADE BB END] handling event_bb is done.




[ARKADE BB START] Basic Block is detected -> event_bb_insert is called.

	Instruction: mov    <rel> 0x00007f43bd9bdb18[8byte] -> %rcx
	Instruction: test   %rcx %rcx
	Instruction: jz     $0x00007f43bd990fa8
[ARKADE BB END] handling event_bb is done.




[ARKADE BB START] Basic Block is detected -> event_bb_insert is called.

	Instruction: cmp    <rel> 0x00007f43bd9bdb10[8byte] $0x0000000000000000
	Instruction: jnz    $0x00007f43bd99136c
[ARKADE BB END] handling event_bb is done.




[ARKADE BB START] Basic Block is detected -> event_bb_insert is called.

	Instruction: cmp    <rel> 0x00007f43bd9bdaa0[8byte] $0x0000000000000000
	Instruction: jnz    $0x00007f43bd99134d
[ARKADE BB END] handling event_bb is done.




[ARKADE BB START] Basic Block is detected -> event_bb_insert is called.

	Instruction: test   %r12 %r12
	Instruction: jnz    $0x00007f43bd9910b0
[ARKADE BB END] handling event_bb is done.




[ARKADE BB START] Basic Block is detected -> event_bb_insert is called.

	Instruction: test   %rax %rax
	Instruction: jz     $0x00007f43bd9912e0
[ARKADE BB END] handling event_bb is done.




[ARKADE BB START] Basic Block is detected -> event_bb_insert is called.

	Instruction: mov    0x08(%rax)[8byte] -> %rdi
	Instruction: mov    <rel> 0x00007f43bd9bda68[8byte] -> %rax
	Instruction: mov    <rel> 0x00007f43bd9bdb70[8byte] -> %r8
	Instruction: mov    0x08(%rax)[8byte] -> %rcx
	Instruction: mov    %rdi -> %rbx
	Instruction: mov    %rdi -> %rax
	Instruction: lea    (%rdi,%rcx) -> %rsi
	Instruction: test   %r8 %r8
	Instruction: jz     $0x00007f43bd9910ea
[ARKADE BB END] handling event_bb is done.




[ARKADE BB START] Basic Block is detected -> event_bb_insert is called.

	Instruction: mov    0x08(%r8)[8byte] -> %r8
	Instruction: lea    (%r8,%r8,2) -> %r8
	Instruction: lea    (%rdi,%r8,8) -> %rbx
	Instruction: test   %rdx %rdx
	Instruction: jz     $0x00007f43bd991115
[ARKADE BB END] handling event_bb is done.




[ARKADE BB START] Basic Block is detected -> event_bb_insert is called.

	Instruction: mov    <rel> 0x00007f43bd9bda38[8byte] -> %rdx
	Instruction: mov    <rel> 0x00007f43bd9bdae0[8byte] -> %r8
	Instruction: add    %rdi %rcx -> %rcx
	Instruction: mov    0x08(%rdx)[8byte] -> %rdx
	Instruction: mov    0x08(%r8)[8byte] -> %r11
	Instruction: add    %rdx %r11 -> %r11
	Instruction: add    %rdx %rcx -> %rcx
	Instruction: cmp    %r11 %rsi
	Instruction: cmovnz %rcx -> %rsi
	Instruction: mov    <rel> 0x00007f43bd9bda58[8byte] -> %rdx
	Instruction: mov    0x08(%rdx)[8byte] -> %rdi
	Instruction: cmp    %rax %rbx
	Instruction: jnb    $0x00007f43bd99114b
[ARKADE BB END] handling event_bb is done.




[ARKADE BB START] Basic Block is detected -> event_bb_insert is called.

	Instruction: nop    (%rax)[4byte]
	Instruction: mov    (%rax)[8byte] -> %rdx
	Instruction: add    %r12 %rdx -> %rdx
	Instruction: cmp    0x08(%rax)[4byte] $0x00000008
	Instruction: jnz    $0x00007f43bd99130f
[ARKADE BB END] handling event_bb is done.




[ARKADE BB START] Basic Block is detected -> event_bb_insert is called.

	Instruction: mov    0x10(%rax)[8byte] -> %rcx
	Instruction: add    $0x0000000000000018 %rax -> %rax
	Instruction: add    %r12 %rcx -> %rcx
	Instruction: mov    %rcx -> (%rdx)[8byte]
	Instruction: cmp    %rax %rbx
	Instruction: jb     $0x00007f43bd991128
[ARKADE BB END] handling event_bb is done.




[ARKADE BB START] Basic Block is detected -> event_bb_insert is called.

	Instruction: mov    (%rax)[8byte] -> %rdx
	Instruction: add    %r12 %rdx -> %rdx
	Instruction: cmp    0x08(%rax)[4byte] $0x00000008
	Instruction: jnz    $0x00007f43bd99130f
[ARKADE BB END] handling event_bb is done.




[ARKADE BB START] Basic Block is detected -> event_bb_insert is called.

	Instruction: cmp    <rel> 0x00007f43bd9bdbb8[8byte] $0x0000000000000000
	Instruction: jz     $0x00007f43bd9913e8
[ARKADE BB END] handling event_bb is done.




[ARKADE BB START] Basic Block is detected -> event_bb_insert is called.

	Instruction: lea    <rel> 0x00007f43bd9a9be0 -> %r8
	Instruction: cmp    %rsi %rbx
	Instruction: jnbe   $0x00007f43bd991187
[ARKADE BB END] handling event_bb is done.




[ARKADE BB START] Basic Block is detected -> event_bb_insert is called.

	Instruction: mov    0x08(%rbx)[8byte] -> %r13
	Instruction: mov    (%rbx)[8byte] -> %rcx
	Instruction: mov    %r13 -> %rax
	Instruction: mov    %r13 -> %r14
	Instruction: add    %r12 %rcx -> %rcx
	Instruction: shr    $0x0000000000000020 %rax -> %rax
	Instruction: lea    (%rax,%rax,2) -> %rax
	Instruction: lea    (%rdi,%rax,8) -> %rdx
	Instruction: and    $0xffffffff %r14d -> %r14d
	Instruction: jz     $0x00007f43bd99117a
[ARKADE BB END] handling event_bb is done.




[ARKADE BB START] Basic Block is detected -> event_bb_insert is called.

	Instruction: xor    %eax %eax -> %eax
	Instruction: test   %rdx %rdx
	Instruction: jz     $0x00007f43bd9911de
[ARKADE BB END] handling event_bb is done.




[ARKADE BB START] Basic Block is detected -> event_bb_insert is called.

	Instruction: movzx  0x04(%rdx)[1byte] -> %r9d
	Instruction: movzx  0x06(%rdx)[2byte] -> %r10d
	Instruction: mov    0x08(%rdx)[8byte] -> %rax
	Instruction: and    $0x0000000f %r9d -> %r9d
	Instruction: data16 cmp    %r10w $0xfff1
	Instruction: jz     $0x00007f43bd991290
[ARKADE BB END] handling event_bb is done.




[ARKADE BB START] Basic Block is detected -> event_bb_insert is called.

	Instruction: add    <rel> 0x00007f43bd9bd9e8[8byte] %rax -> %rax
	Instruction: cmp    %r9l $0x0a
	Instruction: jz     $0x00007f43bd9912d0
[ARKADE BB END] handling event_bb is done.




[ARKADE BB START] Basic Block is detected -> event_bb_insert is called.

	Instruction: cmp    %r14 $0x0000000000000012
	Instruction: jz     $0x00007f43bd991270
[ARKADE BB END] handling event_bb is done.




[ARKADE BB START] Basic Block is detected -> event_bb_insert is called.

	Instruction: jnbe   $0x00007f43bd991238
[ARKADE BB END] handling event_bb is done.




[ARKADE BB START] Basic Block is detected -> event_bb_insert is called.

	Instruction: test   %r13d $0xfffffff8
	Instruction: jz     $0x00007f43bd991170
[ARKADE BB END] handling event_bb is done.




[ARKADE BB START] Basic Block is detected -> event_bb_insert is called.

	Instruction: cmp    %r14 $0x0000000000000005
	Instruction: jnbe   $0x00007f43bd991260
[ARKADE BB END] handling event_bb is done.




[ARKADE BB START] Basic Block is detected -> event_bb_insert is called.

	Instruction: add    0x10(%rbx)[8byte] %rax -> %rax
	Instruction: mov    %rax -> (%rcx)[8byte]
	Instruction: jmp    $0x00007f43bd99117a
[ARKADE BB END] handling event_bb is done.




[ARKADE BB START] Basic Block is detected -> event_bb_insert is called.

	Instruction: add    $0x0000000000000018 %rbx -> %rbx
	Instruction: cmp    %rsi %rbx
	Instruction: jbe    $0x00007f43bd990fdb
[ARKADE BB END] handling event_bb is done.




[ARKADE BB START] Basic Block is detected -> event_bb_insert is called.

	Instruction: or     $0x04 <rel> 0x00007f43bd9bdd04[1byte] -> <rel> 0x00007f43bd9bdd04[1byte]
	Instruction: rdtsc   -> %edx %eax
	Instruction: lea    <rel> 0x00007f43bd9bd9e8 -> %rdi
	Instruction: shl    $0x0000000000000020 %rdx -> %rdx
	Instruction: or     %rdx %rax -> %rax
	Instruction: mov    %rax -> <rel> 0x00007f43bd9bc5e0[8byte]
	Instruction: call   $0x00007f43bd99c0b0 %rsp -> %rsp 0xfffffff8(%rsp)[8byte]
[ARKADE BB END] handling event_bb is done.




[ARKADE BB START] Basic Block is detected -> event_bb_insert is called.

	Instruction: nop    %edx
	Instruction: mov    0x000002a0(%rdi)[8byte] -> %rax
	Instruction: test   %rax %rax
	Instruction: jz     $0x00007f43bd99c118
[ARKADE BB END] handling event_bb is done.




[ARKADE BB START] Basic Block is detected -> event_bb_insert is called.

	Instruction: mov    0x08(%rax)[8byte] -> %rcx
	Instruction: mov    (%rcx)[4byte] -> %edx
	Instruction: mov    %edx -> 0x000002f4(%rdi)[4byte]
	Instruction: mov    0x08(%rcx)[4byte] -> %eax
	Instruction: mov    0x04(%rcx)[4byte] -> %esi
	Instruction: lea    0xffffffff(%rax) -> %r8d
	Instruction: test   %r8d %eax
	Instruction: jnz    $0x00007f43bd99c144
[ARKADE BB END] handling event_bb is done.




[ARKADE BB START] Basic Block is detected -> event_bb_insert is called.

	Instruction: mov    %r8d -> 0x000002f8(%rdi)[4byte]
	Instruction: add    %eax %eax -> %eax
	Instruction: lea    0x10(%rcx) -> %r8
	Instruction: sub    %rsi %rdx -> %rdx
	Instruction: mov    0x0c(%rcx)[4byte] -> %ecx
	Instruction: lea    (%r8,%rax,4) -> %rax
	Instruction: mov    %r8 -> 0x00000300(%rdi)[8byte]
	Instruction: mov    %rax -> 0x00000308(%rdi)[8byte]
	Instruction: lea    (%rax,%rdx,4) -> %rax
	Instruction: mov    %ecx -> 0x000002fc(%rdi)[4byte]
	Instruction: mov    %rax -> 0x00000310(%rdi)[8byte]
	Instruction: ret    %rsp (%rsp)[8byte] -> %rsp
[ARKADE BB END] handling event_bb is done.




[ARKADE BB START] Basic Block is detected -> event_bb_insert is called.

	Instruction: lea    <rel> 0x00007f43bd9bd9e8 -> %rax
	Instruction: mov    %r15 -> %rdi
	Instruction: lea    <rel> 0x00007f43bd9915e0 -> %rsi
	Instruction: mov    %rax -> <rel> 0x00007f43bd9bda10[8byte]
	Instruction: lea    <rel> 0x00007f43bd98f000 -> %rax
	Instruction: mov    %rax -> <rel> 0x00007f43bd9bdd38[8byte]
	Instruction: lea    <rel> 0x00007f43bd9be190 -> %rax
	Instruction: mov    %rax -> <rel> 0x00007f43bd9bdd40[8byte]
	Instruction: lea    <rel> 0x00007f43bd9b2684 -> %rax
	Instruction: mov    %rax -> <rel> 0x00007f43bd9bdd48[8byte]
	Instruction: mov    %rbp -> <rel> 0x00007f43bd9bce58[8byte]
	Instruction: call   $0x00007f43bd9ab700 %rsp -> %rsp 0xfffffff8(%rsp)[8byte]
[ARKADE BB END] handling event_bb is done.




[ARKADE BB START] Basic Block is detected -> event_bb_insert is called.

	Instruction: nop    %edx
	Instruction: push   %r15 %rsp -> %rsp 0xfffffff8(%rsp)[8byte]
	Instruction: push   %r14 %rsp -> %rsp 0xfffffff8(%rsp)[8byte]
	Instruction: push   %r13 %rsp -> %rsp 0xfffffff8(%rsp)[8byte]
	Instruction: push   %r12 %rsp -> %rsp 0xfffffff8(%rsp)[8byte]
	Instruction: push   %rbp %rsp -> %rsp 0xfffffff8(%rsp)[8byte]
	Instruction: mov    %rsi -> %rbp
	Instruction: push   %rbx %rsp -> %rsp 0xfffffff8(%rsp)[8byte]
	Instruction: sub    $0x0000000000000078 %rsp -> %rsp
	Instruction: mov    (%rdi)[8byte] -> %rax
	Instruction: mov    %rdi -> <rel> 0x00007f43bd9bce58[8byte]
	Instruction: add    $0x0000000000000008 %rdi -> %rdi
	Instruction: mov    %rdi -> <rel> 0x00007f43bd9bc600[8byte]
	Instruction: mov    %eax -> <rel> 0x00007f43bd9bc608[4byte]
	Instruction: cwde   %ax -> %rax
	Instruction: lea    0x08(%rdi,%rax,8) -> %rdi
	Instruction: mov    %rdi -> <rel> 0x00007f43bd9be138[8byte]
	Instruction: cmp    (%rdi)[8byte] $0x0000000000000000
	Instruction: mov    %rdi -> %rax
	Instruction: jz     $0x00007f43bd9ab751
[ARKADE BB END] handling event_bb is done.




[ARKADE BB START] Basic Block is detected -> event_bb_insert is called.

	Instruction: add    $0x0000000000000008 %rax -> %rax
	Instruction: cmp    (%rax)[8byte] $0x0000000000000000
	Instruction: jnz    $0x00007f43bd9ab747
[ARKADE BB END] handling event_bb is done.




[ARKADE BB START] Basic Block is detected -> event_bb_insert is called.

	Instruction: lea    0x08(%rax) -> %rdx
	Instruction: mov    0x08(%rax)[8byte] -> %rax
	Instruction: lea    <rel> 0x00007f43bd990100 -> %rsi
	Instruction: mov    $0x0000000000000000 -> <rel> 0x00007f43bd9bc628[8byte]
	Instruction: mov    %rdx -> <rel> 0x00007f43bd9bc680[8byte]
	Instruction: mov    %rsi -> 0x48(%rsp)[8byte]
	Instruction: test   %rax %rax
	Instruction: jz     $0x00007f43bd9aba90
[ARKADE BB END] handling event_bb is done.




[ARKADE BB START] Basic Block is detected -> event_bb_insert is called.

	Instruction: mov    $0x00 -> 0x27(%rsp)[1byte]
	Instruction: xor    %r15d %r15d -> %r15d
	Instruction: xor    %r11d %r11d -> %r11d
	Instruction: xor    %r9d %r9d -> %r9d
	Instruction: mov    $0x00 -> 0x26(%rsp)[1byte]
	Instruction: xor    %r8d %r8d -> %r8d
	Instruction: xor    %r13d %r13d -> %r13d
	Instruction: xor    %r12d %r12d -> %r12d
	Instruction: mov    <rel> 0x00007f43bd9bc7b0[8byte] -> %rbx
	Instruction: mov    $0x00 -> 0x17(%rsp)[1byte]
	Instruction: lea    <rel> 0x00007f43bd9b383c -> %rcx
	Instruction: mov    $0x00 -> 0x16(%rsp)[1byte]
	Instruction: mov    <rel> 0x00007f43bd9bce60[4byte] -> %r14d
	Instruction: mov    %rbx -> 0x18(%rsp)[8byte]
	Instruction: mov    <rel> 0x00007f43bd9bc7e8[8byte] -> %rbx
	Instruction: mov    $0x00 -> 0x15(%rsp)[1byte]
	Instruction: mov    <rel> 0x00007f43bd9bc638[8byte] -> %r10
	Instruction: mov    %rbx -> 0x08(%rsp)[8byte]
	Instruction: mov    <rel> 0x00007f43bd9bce50[8byte] -> %rbx
	Instruction: mov    $0x00 -> 0x14(%rsp)[1byte]
	Instruction: mov    %rbx -> 0x28(%rsp)[8byte]
	Instruction: movzx  <rel> 0x00007f43bd9bc670[2byte] -> %ebx
	Instruction: data16 mov    %bx -> 0x24(%rsp)[2byte]
	Instruction: mov    <rel> 0x00007f43bd9bc658[4byte] -> %ebx
	Instruction: mov    %ebx -> 0x20(%rsp)[4byte]
	Instruction: mov    <rel> 0x00007f43bd9bc678[8byte] -> %rbx
	Instruction: mov    %rbx -> (%rsp)[8byte]
	Instruction: xor    %ebx %ebx -> %ebx
	Instruction: nop    0x00(%rax)[4byte]
	Instruction: sub    $0x0000000000000003 %rax -> %rax
	Instruction: cmp    %rax $0x000000000000001e
	Instruction: jnbe   $0x00007f43bd9ab840
[ARKADE BB END] handling event_bb is done.




[ARKADE BB START] Basic Block is detected -> event_bb_insert is called.

	Instruction: movsxd (%rcx,%rax,4)[4byte] -> %rax
	Instruction: add    %rcx %rax -> %rax
	Instruction: jmp    %rax
[ARKADE BB END] handling event_bb is done.




[ARKADE BB START] Basic Block is detected -> event_bb_insert is called.

	Instruction: mov    0x08(%rdx)[8byte] -> %rax
	Instruction: add    $0x0000000000000010 %rdx -> %rdx
	Instruction: mov    $0x01 -> 0x26(%rsp)[1byte]
	Instruction: mov    %rax -> 0x18(%rsp)[8byte]
	Instruction: mov    (%rdx)[8byte] -> %rax
	Instruction: test   %rax %rax
	Instruction: jnz    $0x00007f43bd9ab810
[ARKADE BB END] handling event_bb is done.




[ARKADE BB START] Basic Block is detected -> event_bb_insert is called.

	Instruction: sub    $0x0000000000000003 %rax -> %rax
	Instruction: cmp    %rax $0x000000000000001e
	Instruction: jnbe   $0x00007f43bd9ab840
[ARKADE BB END] handling event_bb is done.




[ARKADE BB START] Basic Block is detected -> event_bb_insert is called.

	Instruction: mov    0x08(%rdx)[8byte] -> %rax
	Instruction: add    $0x0000000000000010 %rdx -> %rdx
	Instruction: mov    $0x01 -> 0x14(%rsp)[1byte]
	Instruction: mov    %rax -> (%rsp)[8byte]
	Instruction: mov    (%rdx)[8byte] -> %rax
	Instruction: test   %rax %rax
	Instruction: jnz    $0x00007f43bd9ab810
[ARKADE BB END] handling event_bb is done.




[ARKADE BB START] Basic Block is detected -> event_bb_insert is called.

	Instruction: mov    0x08(%rdx)[8byte] -> %r10
	Instruction: mov    0x10(%rdx)[8byte] -> %rax
	Instruction: add    $0x0000000000000010 %rdx -> %rdx
	Instruction: mov    $0x00000001 -> %r8d
	Instruction: test   %rax %rax
	Instruction: jnz    $0x00007f43bd9ab810
[ARKADE BB END] handling event_bb is done.




[ARKADE BB START] Basic Block is detected -> event_bb_insert is called.

	Instruction: mov    0x08(%rdx)[4byte] -> %eax
	Instruction: add    $0x0000000000000010 %rdx -> %rdx
	Instruction: mov    $0x01 -> 0x16(%rsp)[1byte]
	Instruction: mov    %eax -> 0x20(%rsp)[4byte]
	Instruction: mov    (%rdx)[8byte] -> %rax
	Instruction: test   %rax %rax
	Instruction: jnz    $0x00007f43bd9ab810
[ARKADE BB END] handling event_bb is done.




[ARKADE BB START] Basic Block is detected -> event_bb_insert is called.

	Instruction: mov    0x08(%rdx)[8byte] -> %r12
	Instruction: mov    0x10(%rdx)[8byte] -> %rax
	Instruction: add    $0x0000000000000010 %rdx -> %rdx
	Instruction: test   %rax %rax
	Instruction: jnz    $0x00007f43bd9ab810
[ARKADE BB END] handling event_bb is done.




[ARKADE BB START] Basic Block is detected -> event_bb_insert is called.

	Instruction: mov    0x10(%rdx)[8byte] -> %rax
	Instruction: add    $0x0000000000000010 %rdx -> %rdx
	Instruction: test   %rax %rax
	Instruction: jnz    $0x00007f43bd9ab810
[ARKADE BB END] handling event_bb is done.




[ARKADE BB START] Basic Block is detected -> event_bb_insert is called.

	Instruction: mov    0x08(%rdx)[4byte] -> %r13d
	Instruction: mov    0x10(%rdx)[8byte] -> %rax
	Instruction: add    $0x0000000000000010 %rdx -> %rdx
	Instruction: test   %rax %rax
	Instruction: jnz    $0x00007f43bd9ab810
[ARKADE BB END] handling event_bb is done.




[ARKADE BB START] Basic Block is detected -> event_bb_insert is called.

	Instruction: mov    0x08(%rdx)[8byte] -> %rsi
	Instruction: mov    0x10(%rdx)[8byte] -> %rax
	Instruction: add    $0x0000000000000010 %rdx -> %rdx
	Instruction: mov    $0x00000001 -> %r9d
	Instruction: test   %rax %rax
	Instruction: jnz    $0x00007f43bd9ab810
[ARKADE BB END] handling event_bb is done.




[ARKADE BB START] Basic Block is detected -> event_bb_insert is called.

	Instruction: mov    0x08(%rdx)[4byte] -> %r14d
	Instruction: mov    0x10(%rdx)[8byte] -> %rax
	Instruction: add    $0x0000000000000010 %rdx -> %rdx
	Instruction: mov    $0x00000001 -> %r11d
	Instruction: test   %rax %rax
	Instruction: jnz    $0x00007f43bd9ab810
[ARKADE BB END] handling event_bb is done.




[ARKADE BB START] Basic Block is detected -> event_bb_insert is called.

	Instruction: mov    0x08(%rdx)[8byte] -> %rax
	Instruction: mov    $0x01 -> 0x27(%rsp)[1byte]
	Instruction: mov    %rax -> 0x28(%rsp)[8byte]
	Instruction: data16 nop    0x00000000(%rax,%rax)[4byte]
	Instruction: mov    0x10(%rdx)[8byte] -> %rax
	Instruction: add    $0x0000000000000010 %rdx -> %rdx
	Instruction: test   %rax %rax
	Instruction: jnz    $0x00007f43bd9ab810
[ARKADE BB END] handling event_bb is done.




[ARKADE BB START] Basic Block is detected -> event_bb_insert is called.

	Instruction: mov    0x08(%rdx)[8byte] -> %rax
	Instruction: add    $0x0000000000000010 %rdx -> %rdx
	Instruction: mov    $0x01 -> 0x15(%rsp)[1byte]
	Instruction: mov    %rax -> 0x08(%rsp)[8byte]
	Instruction: mov    (%rdx)[8byte] -> %rax
	Instruction: test   %rax %rax
	Instruction: jnz    $0x00007f43bd9ab810
[ARKADE BB END] handling event_bb is done.




[ARKADE BB START] Basic Block is detected -> event_bb_insert is called.

	Instruction: mov    0x08(%rdx)[8byte] -> %r15
	Instruction: mov    0x10(%rdx)[8byte] -> %rax
	Instruction: add    $0x0000000000000010 %rdx -> %rdx
	Instruction: mov    $0x00000001 -> %ebx
	Instruction: test   %rax %rax
	Instruction: jnz    $0x00007f43bd9ab810
[ARKADE BB END] handling event_bb is done.




[ARKADE BB START] Basic Block is detected -> event_bb_insert is called.

	Instruction: jmp    $0x00007f43bd9ab850
[ARKADE BB END] handling event_bb is done.




[ARKADE BB START] Basic Block is detected -> event_bb_insert is called.

	Instruction: test   %r8l %r8l
	Instruction: jz     $0x00007f43bd9ab85c
[ARKADE BB END] handling event_bb is done.




[ARKADE BB START] Basic Block is detected -> event_bb_insert is called.

	Instruction: mov    %r10 -> <rel> 0x00007f43bd9bc638[8byte]
	Instruction: test   %r9l %r9l
	Instruction: jz     $0x00007f43bd9ab866
[ARKADE BB END] handling event_bb is done.




[ARKADE BB START] Basic Block is detected -> event_bb_insert is called.

	Instruction: mov    %rsi -> 0x48(%rsp)[8byte]
	Instruction: test   %r11l %r11l
	Instruction: jz     $0x00007f43bd9ab872
[ARKADE BB END] handling event_bb is done.




[ARKADE BB START] Basic Block is detected -> event_bb_insert is called.

	Instruction: mov    %r14d -> <rel> 0x00007f43bd9bce60[4byte]
	Instruction: test   %bl %bl
	Instruction: jz     $0x00007f43bd9ab87d
[ARKADE BB END] handling event_bb is done.




[ARKADE BB START] Basic Block is detected -> event_bb_insert is called.

	Instruction: mov    %r15 -> <rel> 0x00007f43bd9bc628[8byte]
	Instruction: cmp    0x14(%rsp)[1byte] $0x00
	Instruction: jz     $0x00007f43bd9ab88f
[ARKADE BB END] handling event_bb is done.




[ARKADE BB START] Basic Block is detected -> event_bb_insert is called.

	Instruction: mov    (%rsp)[8byte] -> %rax
	Instruction: mov    %rax -> <rel> 0x00007f43bd9bc678[8byte]
	Instruction: cmp    0x15(%rsp)[1byte] $0x00
	Instruction: jz     $0x00007f43bd9ab8a2
[ARKADE BB END] handling event_bb is done.




[ARKADE BB START] Basic Block is detected -> event_bb_insert is called.

	Instruction: mov    0x08(%rsp)[8byte] -> %rax
	Instruction: mov    %rax -> <rel> 0x00007f43bd9bc7e8[8byte]
	Instruction: cmp    0x16(%rsp)[1byte] $0x00
	Instruction: jz     $0x00007f43bd9ab8b3
[ARKADE BB END] handling event_bb is done.




[ARKADE BB START] Basic Block is detected -> event_bb_insert is called.

	Instruction: mov    0x20(%rsp)[4byte] -> %eax
	Instruction: mov    %eax -> <rel> 0x00007f43bd9bc658[4byte]
	Instruction: cmp    0x17(%rsp)[1byte] $0x00
	Instruction: jz     $0x00007f43bd9ab8c6
[ARKADE BB END] handling event_bb is done.




[ARKADE BB START] Basic Block is detected -> event_bb_insert is called.

	Instruction: cmp    0x26(%rsp)[1byte] $0x00
	Instruction: jz     $0x00007f43bd9ab8d9
[ARKADE BB END] handling event_bb is done.




[ARKADE BB START] Basic Block is detected -> event_bb_insert is called.

	Instruction: mov    0x18(%rsp)[8byte] -> %rax
	Instruction: mov    %rax -> <rel> 0x00007f43bd9bc7b0[8byte]
	Instruction: cmp    0x27(%rsp)[1byte] $0x00
	Instruction: jz     $0x00007f43bd9aba96
[ARKADE BB END] handling event_bb is done.




[ARKADE BB START] Basic Block is detected -> event_bb_insert is called.

	Instruction: mov    0x28(%rsp)[8byte] -> %rax
	Instruction: mov    %rax -> <rel> 0x00007f43bd9bce50[8byte]
	Instruction: jmp    $0x00007f43bd9aba96
[ARKADE BB END] handling event_bb is done.




[ARKADE BB START] Basic Block is detected -> event_bb_insert is called.

	Instruction: call   $0x00007f43bd9a9050 %rsp -> %rsp 0xfffffff8(%rsp)[8byte]
[ARKADE BB END] handling event_bb is done.




[ARKADE BB START] Basic Block is detected -> event_bb_insert is called.

	Instruction: nop    %edx
	Instruction: push   %r15 %rsp -> %rsp 0xfffffff8(%rsp)[8byte]
	Instruction: mov    %rdi -> %r8
	Instruction: push   %r14 %rsp -> %rsp 0xfffffff8(%rsp)[8byte]
	Instruction: push   %r13 %rsp -> %rsp 0xfffffff8(%rsp)[8byte]
	Instruction: push   %r12 %rsp -> %rsp 0xfffffff8(%rsp)[8byte]
	Instruction: push   %rbp %rsp -> %rsp 0xfffffff8(%rsp)[8byte]
	Instruction: push   %rbx %rsp -> %rsp 0xfffffff8(%rsp)[8byte]
	Instruction: sub    $0x0000000000000038 %rsp -> %rsp
	Instruction: mov    <rel> 0x00007f43bd9bce60[4byte] -> %edx
	Instruction: test   %edx %edx
	Instruction: jnz    $0x00007f43bd9a957e
[ARKADE BB END] handling event_bb is done.




[ARKADE BB START] Basic Block is detected -> event_bb_insert is called.

	Instruction: mov    %r8 -> %r13
	Instruction: data16 nop    0x00000000(%rax,%rax)[4byte]
	Instruction: test   %r13 %r13
	Instruction: jz     $0x00007f43bd9a919a
[ARKADE BB END] handling event_bb is done.




[ARKADE BB START] Basic Block is detected -> event_bb_insert is called.

	Instruction: mov    0x00(%r13)[8byte] -> %rbx
	Instruction: test   %rbx %rbx
	Instruction: jz     $0x00007f43bd9a919a
[ARKADE BB END] handling event_bb is done.




[ARKADE BB START] Basic Block is detected -> event_bb_insert is called.

	Instruction: movzx  (%rbx)[1byte] -> %edx
	Instruction: lea    0x08(%r13) -> %r15
	Instruction: cmp    %dl $0x3d
	Instruction: jz     $0x00007f43bd9a9505
[ARKADE BB END] handling event_bb is done.




[ARKADE BB START] Basic Block is detected -> event_bb_insert is called.

	Instruction: test   %dl %dl
	Instruction: jz     $0x00007f43bd9a9505
[ARKADE BB END] handling event_bb is done.




[ARKADE BB START] Basic Block is detected -> event_bb_insert is called.

	Instruction: mov    $0x00000001 -> %eax
	Instruction: nop    0x00(%rax,%rax)[4byte]
	Instruction: movzx  (%rbx,%rax)[1byte] -> %edx
	Instruction: mov    %rax -> %rcx
	Instruction: add    $0x0000000000000001 %rax -> %rax
	Instruction: test   %dl %dl
	Instruction: jz     $0x00007f43bd9a918e
[ARKADE BB END] handling event_bb is done.




[ARKADE BB START] Basic Block is detected -> event_bb_insert is called.

	Instruction: cmp    %dl $0x3d
	Instruction: jnz    $0x00007f43bd9a90b8
[ARKADE BB END] handling event_bb is done.




[ARKADE BB START] Basic Block is detected -> event_bb_insert is called.

	Instruction: movzx  (%rbx,%rax)[1byte] -> %edx
	Instruction: mov    %rax -> %rcx
	Instruction: add    $0x0000000000000001 %rax -> %rax
	Instruction: test   %dl %dl
	Instruction: jz     $0x00007f43bd9a918e
[ARKADE BB END] handling event_bb is done.




[ARKADE BB START] Basic Block is detected -> event_bb_insert is called.

	Instruction: test   %dl %dl
	Instruction: jz     $0x00007f43bd9a918e
[ARKADE BB END] handling event_bb is done.




[ARKADE BB START] Basic Block is detected -> event_bb_insert is called.

	Instruction: lea    0x01(%rcx) -> %rbp
	Instruction: lea    <rel> 0x00007f43bd9b4bdd -> %rsi
	Instruction: mov    $0x00000047 -> %edx
	Instruction: lea    (%rbx,%rbp) -> %rax
	Instruction: mov    %rax -> 0x08(%rsp)[8byte]
	Instruction: mov    %rbx -> %rax
	Instruction: jmp    $0x00007f43bd9a911b
[ARKADE BB END] handling event_bb is done.




[ARKADE BB START] Basic Block is detected -> event_bb_insert is called.

	Instruction: movzx  (%rax)[1byte] -> %ecx
	Instruction: cmp    %cl %dl
	Instruction: jz     $0x00007f43bd9a9100
[ARKADE BB END] handling event_bb is done.




[ARKADE BB START] Basic Block is detected -> event_bb_insert is called.

	Instruction: mov    <rel> 0x00007f43bd9bce60[4byte] -> %r11d
	Instruction: lea    <rel> 0x00007f43bd9bc8c8 -> %r8
	Instruction: xor    %r9d %r9d -> %r9d
	Instruction: nop    0x00(%rax,%rax)[4byte]
	Instruction: cmp    (%r8)[1byte] $0x00
	Instruction: jnz    $0x00007f43bd9a9180
[ARKADE BB END] handling event_bb is done.




[ARKADE BB START] Basic Block is detected -> event_bb_insert is called.

	Instruction: mov    0x08(%r8)[8byte] -> %r10
	Instruction: test   %r10 %r10
	Instruction: jz     $0x00007f43bd9a9180
[ARKADE BB END] handling event_bb is done.




[ARKADE BB START] Basic Block is detected -> event_bb_insert is called.

	Instruction: add    $0x00000001 %r9d -> %r9d
	Instruction: add    $0x0000000000000038 %r8 -> %r8
	Instruction: cmp    %r9d $0x0000001a
	Instruction: jnz    $0x00007f43bd9a9138
[ARKADE BB END] handling event_bb is done.




[ARKADE BB START] Basic Block is detected -> event_bb_insert is called.

	Instruction: cmp    (%r8)[1byte] $0x00
	Instruction: jnz    $0x00007f43bd9a9180
[ARKADE BB END] handling event_bb is done.




[ARKADE BB START] Basic Block is detected -> event_bb_insert is called.

	Instruction: movzx  (%r10)[1byte] -> %edi
	Instruction: mov    %r10 -> %rsi
	Instruction: mov    %rbx -> %rax
	Instruction: mov    %edi -> %ecx
	Instruction: test   %dil %dil
	Instruction: jnz    $0x00007f43bd9a9174
[ARKADE BB END] handling event_bb is done.




[ARKADE BB START] Basic Block is detected -> event_bb_insert is called.

	Instruction: movzx  (%rax)[1byte] -> %edx
	Instruction: test   %dl %dl
	Instruction: jnz    $0x00007f43bd9a9160
[ARKADE BB END] handling event_bb is done.




[ARKADE BB START] Basic Block is detected -> event_bb_insert is called.

	Instruction: cmp    %dl %cl
	Instruction: jnz    $0x00007f43bd9a9180
[ARKADE BB END] handling event_bb is done.




[ARKADE BB START] Basic Block is detected -> event_bb_insert is called.

	Instruction: mov    %r15 -> %r13
	Instruction: test   %r13 %r13
	Instruction: jnz    $0x00007f43bd9a9089
[ARKADE BB END] handling event_bb is done.




[ARKADE BB START] Basic Block is detected -> event_bb_insert is called.

	Instruction: cmp    (%r8)[1byte] $0x00
	Instruction: jnz    $0x00007f43bd9a9180
[ARKADE BB END] handling event_bb is done.




[ARKADE BB START] Basic Block is detected -> event_bb_insert is called.

	Instruction: mov    0x08(%r8)[8byte] -> %r10
	Instruction: test   %r10 %r10
	Instruction: jz     $0x00007f43bd9a9180
[ARKADE BB END] handling event_bb is done.




[ARKADE BB START] Basic Block is detected -> event_bb_insert is called.

	Instruction: movzx  (%r10)[1byte] -> %edi
	Instruction: mov    %r10 -> %rsi
	Instruction: mov    %rbx -> %rax
	Instruction: mov    %edi -> %ecx
	Instruction: test   %dil %dil
	Instruction: jnz    $0x00007f43bd9a9174
[ARKADE BB END] handling event_bb is done.




[ARKADE BB START] Basic Block is detected -> event_bb_insert is called.

	Instruction: movzx  (%rax)[1byte] -> %edx
	Instruction: test   %dl %dl
	Instruction: jnz    $0x00007f43bd9a9160
[ARKADE BB END] handling event_bb is done.




[ARKADE BB START] Basic Block is detected -> event_bb_insert is called.

	Instruction: add    $0x00000001 %r9d -> %r9d
	Instruction: add    $0x0000000000000038 %r8 -> %r8
	Instruction: cmp    %r9d $0x0000001a
	Instruction: jnz    $0x00007f43bd9a9138
[ARKADE BB END] handling event_bb is done.




[ARKADE BB START] Basic Block is detected -> event_bb_insert is called.

	Instruction: movzx  0x01(%rsi)[1byte] -> %ecx
	Instruction: add    $0x0000000000000001 %rsi -> %rsi
	Instruction: add    $0x0000000000000001 %rax -> %rax
	Instruction: test   %cl %cl
	Instruction: jz     $0x00007f43bd9a91b0
[ARKADE BB END] handling event_bb is done.




[ARKADE BB START] Basic Block is detected -> event_bb_insert is called.

	Instruction: cmp    %dl %cl
	Instruction: jnz    $0x00007f43bd9a9180
[ARKADE BB END] handling event_bb is done.




[ARKADE BB START] Basic Block is detected -> event_bb_insert is called.

	Instruction: movzx  (%rbx,%rax)[1byte] -> %edx
	Instruction: mov    %rax -> %rcx
	Instruction: add    $0x0000000000000001 %rax -> %rax
	Instruction: test   %dl %dl
	Instruction: jz     $0x00007f43bd9a918e
[ARKADE BB END] handling event_bb is done.




[ARKADE BB START] Basic Block is detected -> event_bb_insert is called.

	Instruction: cmp    %dl $0x3d
	Instruction: jnz    $0x00007f43bd9a90b8
[ARKADE BB END] handling event_bb is done.




[ARKADE BB START] Basic Block is detected -> event_bb_insert is called.

	Instruction: add    $0x0000000000000038 %rsp -> %rsp
	Instruction: pop    %rsp (%rsp)[8byte] -> %rbx %rsp
	Instruction: pop    %rsp (%rsp)[8byte] -> %rbp %rsp
	Instruction: pop    %rsp (%rsp)[8byte] -> %r12 %rsp
	Instruction: pop    %rsp (%rsp)[8byte] -> %r13 %rsp
	Instruction: pop    %rsp (%rsp)[8byte] -> %r14 %rsp
	Instruction: pop    %rsp (%rsp)[8byte] -> %r15 %rsp
	Instruction: ret    %rsp (%rsp)[8byte] -> %rsp
[ARKADE BB END] handling event_bb is done.




[ARKADE BB START] Basic Block is detected -> event_bb_insert is called.

	Instruction: xor    %edi %edi -> %edi
	Instruction: call   $0x00007f43bd9acf40 %rsp -> %rsp 0xfffffff8(%rsp)[8byte]
[ARKADE BB END] handling event_bb is done.




[ARKADE BB START] Basic Block is detected -> event_bb_insert is called.

	Instruction: nop    %edx
	Instruction: mov    $0x0000000c -> %eax
	Instruction: syscall  -> %rcx %r11
[ARKADE BB END] handling event_bb is done.




[ARKADE BB START] Basic Block is detected -> event_bb_insert is called.

	Instruction: cmp    %rax $0xfffffffffffff000
	Instruction: jnbe   $0x00007f43bd9acf68
[ARKADE BB END] handling event_bb is done.




[ARKADE BB START] Basic Block is detected -> event_bb_insert is called.

	Instruction: mov    %rax -> <rel> 0x00007f43bd9be110[8byte]
	Instruction: cmp    %rdi %rax
	Instruction: jnbe   $0x00007f43bd9acf80
[ARKADE BB END] handling event_bb is done.




[ARKADE BB START] Basic Block is detected -> event_bb_insert is called.

	Instruction: xor    %eax %eax -> %eax
	Instruction: ret    %rsp (%rsp)[8byte] -> %rsp
[ARKADE BB END] handling event_bb is done.




[ARKADE BB START] Basic Block is detected -> event_bb_insert is called.

	Instruction: mov    $0x00000000 -> 0x3c(%rsp)[4byte]
	Instruction: xor    %eax %eax -> %eax
	Instruction: mov    $0x00000000 -> 0x40(%rsp)[4byte]
	Instruction: mov    $0x00000000 -> 0x44(%rsp)[4byte]
	Instruction: cpuid  %eax %ecx -> %eax %ebx %ecx %edx
	Instruction: mov    %eax -> <rel> 0x00007f43bd9bc6f4[4byte]
	Instruction: cmp    %ebx $0x756e6547
	Instruction: jnz    $0x00007f43bd9abc78
[ARKADE BB END] handling event_bb is done.




[ARKADE BB START] Basic Block is detected -> event_bb_insert is called.

	Instruction: cmp    %ebx $0x68747541
	Instruction: jnz    $0x00007f43bd9abe4b
[ARKADE BB END] handling event_bb is done.




[ARKADE BB START] Basic Block is detected -> event_bb_insert is called.

	Instruction: cmp    %ecx $0x444d4163
	Instruction: jnz    $0x00007f43bd9abe4b
[ARKADE BB END] handling event_bb is done.




[ARKADE BB START] Basic Block is detected -> event_bb_insert is called.

	Instruction: cmp    %edx $0x69746e65
	Instruction: jnz    $0x00007f43bd9abae8
[ARKADE BB END] handling event_bb is done.




[ARKADE BB START] Basic Block is detected -> event_bb_insert is called.

	Instruction: lea    0x50(%rsp) -> %r14
	Instruction: lea    0x40(%rsp) -> %rsi
	Instruction: lea    0x44(%rsp) -> %rcx
	Instruction: lea    0x3c(%rsp) -> %rdi
	Instruction: mov    %r14 -> %rdx
	Instruction: call   $0x00007f43bd9ab360 %rsp -> %rsp 0xfffffff8(%rsp)[8byte]
[ARKADE BB END] handling event_bb is done.




[ARKADE BB START] Basic Block is detected -> event_bb_insert is called.

	Instruction: push   %rbx %rsp -> %rsp 0xfffffff8(%rsp)[8byte]
	Instruction: sub    $0x0000000000000088 %rsp -> %rsp
	Instruction: test   %rdi %rdi
	Instruction: jz     $0x00007f43bd9ab3c5
[ARKADE BB END] handling event_bb is done.




[ARKADE BB START] Basic Block is detected -> event_bb_insert is called.

	Instruction: mov    %rdx -> %r8
	Instruction: mov    %rcx -> %r9
	Instruction: mov    $0x00000001 -> %eax
	Instruction: cpuid  %eax %ecx -> %eax %ebx %ecx %edx
	Instruction: mov    %edx -> <rel> 0x00007f43bd9bc694[4byte]
	Instruction: mov    %eax -> %edx
	Instruction: shr    $0x00000008 %edx -> %edx
	Instruction: mov    %ebx -> <rel> 0x00007f43bd9bc68c[4byte]
	Instruction: and    $0x0000000f %edx -> %edx
	Instruction: mov    %ecx -> <rel> 0x00007f43bd9bc690[4byte]
	Instruction: mov    %eax -> <rel> 0x00007f43bd9bc688[4byte]
	Instruction: mov    %edx -> (%rdi)[4byte]
	Instruction: mov    %eax -> %edx
	Instruction: shr    $0x00000004 %edx -> %edx
	Instruction: and    $0x0000000f %edx -> %edx
	Instruction: mov    %edx -> (%rsi)[4byte]
	Instruction: mov    %eax -> %edx
	Instruction: shr    $0x0000000c %edx -> %edx
	Instruction: and    $0x000000f0 %edx -> %edx
	Instruction: mov    %edx -> (%r8)[4byte]
	Instruction: mov    %eax -> %edx
	Instruction: and    $0x0000000f %edx -> %edx
	Instruction: mov    %edx -> (%r9)[4byte]
	Instruction: cmp    (%rdi)[4byte] $0x0000000f
	Instruction: jz     $0x00007f43bd9ab530
[ARKADE BB END] handling event_bb is done.




[ARKADE BB START] Basic Block is detected -> event_bb_insert is called.

	Instruction: shr    $0x00000014 %eax -> %eax
	Instruction: movzx  %al -> %eax
	Instruction: add    $0x0000000f %eax -> %eax
	Instruction: mov    %eax -> (%rdi)[4byte]
	Instruction: mov    (%r8)[4byte] -> %eax
	Instruction: add    %eax (%rsi)[4byte] -> (%rsi)[4byte]
	Instruction: jmp    $0x00007f43bd9ab3c5
[ARKADE BB END] handling event_bb is done.




[ARKADE BB START] Basic Block is detected -> event_bb_insert is called.

	Instruction: cmp    <rel> 0x00007f43bd9bc6f4[4byte] $0x00000006
	Instruction: jle    $0x00007f43bd9ab41c
[ARKADE BB END] handling event_bb is done.




[ARKADE BB START] Basic Block is detected -> event_bb_insert is called.

	Instruction: mov    $0x00000007 -> %eax
	Instruction: xor    %ecx %ecx -> %ecx
	Instruction: cpuid  %eax %ecx -> %eax %ebx %ecx %edx
	Instruction: cmp    <rel> 0x00007f43bd9bc6f4[4byte] $0x0000000c
	Instruction: mov    %eax -> <rel> 0x00007f43bd9bc698[4byte]
	Instruction: mov    %ebx -> <rel> 0x00007f43bd9bc69c[4byte]
	Instruction: mov    %ecx -> <rel> 0x00007f43bd9bc6a0[4byte]
	Instruction: mov    %edx -> <rel> 0x00007f43bd9bc6a4[4byte]
	Instruction: jle    $0x00007f43bd9ab41c
[ARKADE BB END] handling event_bb is done.




[ARKADE BB START] Basic Block is detected -> event_bb_insert is called.

	Instruction: mov    $0x0000000d -> %eax
	Instruction: mov    $0x00000001 -> %ecx
	Instruction: cpuid  %eax %ecx -> %eax %ebx %ecx %edx
	Instruction: mov    %eax -> <rel> 0x00007f43bd9bc6b8[4byte]
	Instruction: mov    %ebx -> <rel> 0x00007f43bd9bc6bc[4byte]
	Instruction: mov    %ecx -> <rel> 0x00007f43bd9bc6c0[4byte]
	Instruction: mov    %edx -> <rel> 0x00007f43bd9bc6c4[4byte]
	Instruction: mov    <rel> 0x00007f43bd9bc690[4byte] -> %esi
	Instruction: test   %esi $0x08000000
	Instruction: jz     $0x00007f43bd9ab524
[ARKADE BB END] handling event_bb is done.




[ARKADE BB START] Basic Block is detected -> event_bb_insert is called.

	Instruction: xor    %ecx %ecx -> %ecx
	Instruction: xgetbv %ecx -> %edx %eax
	Instruction: mov    %eax -> %edx
	Instruction: and    $0x00000006 %edx -> %edx
	Instruction: cmp    %edx $0x00000006
	Instruction: jz     $0x00007f43bd9ab548
[ARKADE BB END] handling event_bb is done.




[ARKADE BB START] Basic Block is detected -> event_bb_insert is called.

	Instruction: test   %esi $0x10000000
	Instruction: jz     $0x00007f43bd9ab5c8
[ARKADE BB END] handling event_bb is done.




[ARKADE BB START] Basic Block is detected -> event_bb_insert is called.

	Instruction: mov    <rel> 0x00007f43bd9bc6e8[4byte] -> %ecx
	Instruction: mov    %ecx -> %edx
	Instruction: or     $0x00000001 %edx -> %edx
	Instruction: mov    %edx -> <rel> 0x00007f43bd9bc6e8[4byte]
	Instruction: test   <rel> 0x00007f43bd9bc69c[1byte] $0x20
	Instruction: jz     $0x00007f43bd9ab57f
[ARKADE BB END] handling event_bb is done.




[ARKADE BB START] Basic Block is detected -> event_bb_insert is called.

	Instruction: or     $0x00000100 <rel> 0x00007f43bd9bc6ec[4byte] -> <rel> 0x00007f43bd9bc6ec[4byte]
	Instruction: or     $0x00000003 %ecx -> %ecx
	Instruction: mov    %ecx -> <rel> 0x00007f43bd9bc6e8[4byte]
	Instruction: mov    %ecx -> %edx
	Instruction: and    $0x00001000 %esi -> %esi
	Instruction: jz     $0x00007f43bd9ab593
[ARKADE BB END] handling event_bb is done.




[ARKADE BB START] Basic Block is detected -> event_bb_insert is called.

	Instruction: or     $0x00020000 %edx -> %edx
	Instruction: mov    %edx -> <rel> 0x00007f43bd9bc6e8[4byte]
	Instruction: mov    <rel> 0x00007f43bd9bc6a0[4byte] -> %ecx
	Instruction: test   %ch $0x02
	Instruction: jz     $0x00007f43bd9ab5aa
[ARKADE BB END] handling event_bb is done.




[ARKADE BB START] Basic Block is detected -> event_bb_insert is called.

	Instruction: or     $0x00080000 %edx -> %edx
	Instruction: mov    %edx -> <rel> 0x00007f43bd9bc6e8[4byte]
	Instruction: and    $0x04 %ch -> %ch
	Instruction: jz     $0x00007f43bd9ab5bb
[ARKADE BB END] handling event_bb is done.




[ARKADE BB START] Basic Block is detected -> event_bb_insert is called.

	Instruction: or     $0x00100000 %edx -> %edx
	Instruction: mov    %edx -> <rel> 0x00007f43bd9bc6e8[4byte]
	Instruction: test   <rel> 0x00007f43bd9bc6b1[1byte] $0x08
	Instruction: jnz    $0x00007f43bd9ab6e0
[ARKADE BB END] handling event_bb is done.




[ARKADE BB START] Basic Block is detected -> event_bb_insert is called.

	Instruction: and    $0x000000e0 %eax -> %eax
	Instruction: cmp    %eax $0x000000e0
	Instruction: jnz    $0x00007f43bd9ab441
[ARKADE BB END] handling event_bb is done.




[ARKADE BB START] Basic Block is detected -> event_bb_insert is called.

	Instruction: cmp    <rel> 0x00007f43bd9bc6f4[4byte] $0x0000000c
	Instruction: jle    $0x00007f43bd9ab524
[ARKADE BB END] handling event_bb is done.




[ARKADE BB START] Basic Block is detected -> event_bb_insert is called.

	Instruction: mov    $0x0000000d -> %eax
	Instruction: xor    %ecx %ecx -> %ecx
	Instruction: cpuid  %eax %ecx -> %eax %ebx %ecx %edx
	Instruction: test   %ebx %ebx
	Instruction: jz     $0x00007f43bd9ab524
[ARKADE BB END] handling event_bb is done.




[ARKADE BB START] Basic Block is detected -> event_bb_insert is called.

	Instruction: add    $0x0000007f %ebx -> %ebx
	Instruction: and    $0xffffffc0 %ebx -> %ebx
	Instruction: mov    %ebx -> %eax
	Instruction: mov    %ebx -> <rel> 0x00007f43bd9bc710[4byte]
	Instruction: mov    %rax -> <rel> 0x00007f43bd9bc708[8byte]
	Instruction: test   <rel> 0x00007f43bd9bc6b8[1byte] $0x02
	Instruction: jz     $0x00007f43bd9ab524
[ARKADE BB END] handling event_bb is done.




[ARKADE BB START] Basic Block is detected -> event_bb_insert is called.

	Instruction: lea    0xffffff90(%rsp) -> %r8
	Instruction: lea    0x10(%rsp) -> %rdi
	Instruction: mov    $0x00000002 -> %esi
	Instruction: mov    $0x00000240 -> 0xffffff90(%rsp)[4byte]
	Instruction: mov    $0x000000ee -> %r9d
	Instruction: mov    $0x0000000d -> %r10d
	Instruction: jmp    $0x00007f43bd9ab4e3
[ARKADE BB END] handling event_bb is done.




[ARKADE BB START] Basic Block is detected -> event_bb_insert is called.

	Instruction: bt     %r9d %esi
	Instruction: jb     $0x00007f43bd9ab4b0
[ARKADE BB END] handling event_bb is done.




[ARKADE BB START] Basic Block is detected -> event_bb_insert is called.

	Instruction: mov    %r10d -> %eax
	Instruction: mov    %esi -> %ecx
	Instruction: cpuid  %eax %ecx -> %eax %ebx %ecx %edx
	Instruction: mov    %eax -> (%rdi)[4byte]
	Instruction: cmp    %esi $0x00000002
	Instruction: jz     $0x00007f43bd9ab4d8
[ARKADE BB END] handling event_bb is done.




[ARKADE BB START] Basic Block is detected -> event_bb_insert is called.

	Instruction: add    $0x00000001 %esi -> %esi
	Instruction: add    $0x0000000000000004 %r8 -> %r8
	Instruction: add    $0x0000000000000004 %rdi -> %rdi
	Instruction: bt     %r9d %esi
	Instruction: jb     $0x00007f43bd9ab4b0
[ARKADE BB END] handling event_bb is done.




[ARKADE BB START] Basic Block is detected -> event_bb_insert is called.

	Instruction: mov    0xfffffffc(%rdi)[4byte] -> %eax
	Instruction: add    0xfffffffc(%r8)[4byte] %eax -> %eax
	Instruction: and    $0x00000002 %ecx -> %ecx
	Instruction: jz     $0x00007f43bd9ab4d0
[ARKADE BB END] handling event_bb is done.




[ARKADE BB START] Basic Block is detected -> event_bb_insert is called.

	Instruction: mov    %eax -> (%r8)[4byte]
	Instruction: cmp    %esi $0x0000001f
	Instruction: jz     $0x00007f43bd9ab500
[ARKADE BB END] handling event_bb is done.




[ARKADE BB START] Basic Block is detected -> event_bb_insert is called.

	Instruction: mov    $0x00000000 -> (%rdi)[4byte]
	Instruction: cmp    %esi $0x00000002
	Instruction: jz     $0x00007f43bd9ab4d8
[ARKADE BB END] handling event_bb is done.




[ARKADE BB START] Basic Block is detected -> event_bb_insert is called.

	Instruction: mov    0xfffffffc(%rdi)[4byte] -> %eax
	Instruction: add    0xfffffffc(%r8)[4byte] %eax -> %eax
	Instruction: mov    %eax -> (%r8)[4byte]
	Instruction: jmp    $0x00007f43bd9ab4d3
[ARKADE BB END] handling event_bb is done.




[ARKADE BB START] Basic Block is detected -> event_bb_insert is called.

	Instruction: cmp    %esi $0x0000001f
	Instruction: jz     $0x00007f43bd9ab500
[ARKADE BB END] handling event_bb is done.




[ARKADE BB START] Basic Block is detected -> event_bb_insert is called.

	Instruction: mov    0x84(%rsp)[4byte] -> %eax
	Instruction: add    0x04(%rsp)[4byte] %eax -> %eax
	Instruction: jz     $0x00007f43bd9ab524
[ARKADE BB END] handling event_bb is done.




[ARKADE BB START] Basic Block is detected -> event_bb_insert is called.

	Instruction: or     $0x00400000 <rel> 0x00007f43bd9bc6e8[4byte] -> <rel> 0x00007f43bd9bc6e8[4byte]
	Instruction: add    $0x0000007f %eax -> %eax
	Instruction: and    $0xffffffc0 %eax -> %eax
	Instruction: mov    %rax -> <rel> 0x00007f43bd9bc708[8byte]
	Instruction: add    $0x0000000000000088 %rsp -> %rsp
	Instruction: pop    %rsp (%rsp)[8byte] -> %rbx %rsp
	Instruction: ret    %rsp (%rsp)[8byte] -> %rsp
[ARKADE BB END] handling event_bb is done.




[ARKADE BB START] Basic Block is detected -> event_bb_insert is called.

	Instruction: mov    $0x80000000 -> %esi
	Instruction: mov    %esi -> %eax
	Instruction: cpuid  %eax %ecx -> %eax %ebx %ecx %edx
	Instruction: mov    %eax -> %esi
	Instruction: cmp    %eax $0x80000000
	Instruction: jbe    $0x00007f43bd9abd37
[ARKADE BB END] handling event_bb is done.




[ARKADE BB START] Basic Block is detected -> event_bb_insert is called.

	Instruction: mov    $0x80000001 -> %eax
	Instruction: cpuid  %eax %ecx -> %eax %ebx %ecx %edx
	Instruction: mov    %eax -> <rel> 0x00007f43bd9bc6a8[4byte]
	Instruction: mov    %ebx -> <rel> 0x00007f43bd9bc6ac[4byte]
	Instruction: mov    %ecx -> <rel> 0x00007f43bd9bc6b0[4byte]
	Instruction: mov    %edx -> <rel> 0x00007f43bd9bc6b4[4byte]
	Instruction: cmp    %esi $0x80000006
	Instruction: jbe    $0x00007f43bd9abd37
[ARKADE BB END] handling event_bb is done.




[ARKADE BB START] Basic Block is detected -> event_bb_insert is called.

	Instruction: mov    $0x80000007 -> %eax
	Instruction: cpuid  %eax %ecx -> %eax %ebx %ecx %edx
	Instruction: mov    %eax -> <rel> 0x00007f43bd9bc6c8[4byte]
	Instruction: mov    %ebx -> <rel> 0x00007f43bd9bc6cc[4byte]
	Instruction: mov    %ecx -> <rel> 0x00007f43bd9bc6d0[4byte]
	Instruction: mov    %edx -> <rel> 0x00007f43bd9bc6d4[4byte]
	Instruction: cmp    %esi $0x80000007
	Instruction: jz     $0x00007f43bd9abd37
[ARKADE BB END] handling event_bb is done.




[ARKADE BB START] Basic Block is detected -> event_bb_insert is called.

	Instruction: mov    $0x80000008 -> %eax
	Instruction: cpuid  %eax %ecx -> %eax %ebx %ecx %edx
	Instruction: mov    %eax -> <rel> 0x00007f43bd9bc6d8[4byte]
	Instruction: mov    %ebx -> <rel> 0x00007f43bd9bc6dc[4byte]
	Instruction: mov    %ecx -> <rel> 0x00007f43bd9bc6e0[4byte]
	Instruction: mov    %edx -> <rel> 0x00007f43bd9bc6e4[4byte]
	Instruction: mov    <rel> 0x00007f43bd9bc6e8[4byte] -> %eax
	Instruction: test   %al $0x01
	Instruction: jz     $0x00007f43bd9abd55
[ARKADE BB END] handling event_bb is done.




[ARKADE BB START] Basic Block is detected -> event_bb_insert is called.

	Instruction: test   <rel> 0x00007f43bd9bc6b2[1byte] $0x01
	Instruction: jz     $0x00007f43bd9abd55
[ARKADE BB END] handling event_bb is done.




[ARKADE BB START] Basic Block is detected -> event_bb_insert is called.

	Instruction: mov    0x3c(%rsp)[4byte] -> %edx
	Instruction: mov    0x40(%rsp)[4byte] -> %ecx
	Instruction: cmp    %edx $0x00000015
	Instruction: jz     $0x00007f43bd9abe80
[ARKADE BB END] handling event_bb is done.




[ARKADE BB START] Basic Block is detected -> event_bb_insert is called.

	Instruction: mov    0x44(%rsp)[4byte] -> %esi
	Instruction: mov    $0x00000002 -> %edi
	Instruction: jmp    $0x00007f43bd9abb0b
[ARKADE BB END] handling event_bb is done.




[ARKADE BB START] Basic Block is detected -> event_bb_insert is called.

	Instruction: mov    <rel> 0x00007f43bd9bc694[4byte] -> %eax
	Instruction: test   %ah $0x01
	Instruction: jz     $0x00007f43bd9abb1d
[ARKADE BB END] handling event_bb is done.




[ARKADE BB START] Basic Block is detected -> event_bb_insert is called.

	Instruction: or     $0x00000001 <rel> 0x00007f43bd9bc6ec[4byte] -> <rel> 0x00007f43bd9bc6ec[4byte]
	Instruction: test   %ah $0x80
	Instruction: jz     $0x00007f43bd9abb29
[ARKADE BB END] handling event_bb is done.




[ARKADE BB START] Basic Block is detected -> event_bb_insert is called.

	Instruction: or     $0x00000002 <rel> 0x00007f43bd9bc6ec[4byte] -> <rel> 0x00007f43bd9bc6ec[4byte]
	Instruction: mov    %edi -> <rel> 0x00007f43bd9bc6f0[4byte]
	Instruction: mov    $0x00000010 -> %edi
	Instruction: mov    %edx -> <rel> 0x00007f43bd9bc6f8[4byte]
	Instruction: lea    <rel> 0x00007f43bd9aa520 -> %rdx
	Instruction: mov    %esi -> <rel> 0x00007f43bd9bc700[4byte]
	Instruction: mov    %r14 -> %rsi
	Instruction: mov    %ecx -> <rel> 0x00007f43bd9bc6fc[4byte]
	Instruction: call   $0x00007f43bd9a95e0 %rsp -> %rsp 0xfffffff8(%rsp)[8byte]
[ARKADE BB END] handling event_bb is done.




[ARKADE BB START] Basic Block is detected -> event_bb_insert is called.

	Instruction: nop    %edx
	Instruction: mov    %edi -> %edi
	Instruction: lea    <rel> 0x00007f43bd9bc8a0 -> %rcx
	Instruction: lea    0x00(,%rdi,8) -> %rax
	Instruction: sub    %rdi %rax -> %rax
	Instruction: lea    (%rcx,%rax,8) -> %rax
	Instruction: mov    0x08(%rax)[4byte] -> %r8d
	Instruction: mov    0x20(%rax)[8byte] -> %rax
	Instruction: cmp    %r8d $0x00000002
	Instruction: jnbe   $0x00007f43bd9a9648
[ARKADE BB END] handling event_bb is done.




[ARKADE BB START] Basic Block is detected -> event_bb_insert is called.

	Instruction: mov    %rax -> (%rsi)[8byte]
	Instruction: jmp    $0x00007f43bd9a9611
[ARKADE BB END] handling event_bb is done.




[ARKADE BB START] Basic Block is detected -> event_bb_insert is called.

	Instruction: lea    0x00(,%rdi,8) -> %rax
	Instruction: sub    %rdi %rax -> %rax
	Instruction: cmp    0x28(%rcx,%rax,8)[1byte] $0x00
	Instruction: lea    0x00(,%rax,8) -> %rsi
	Instruction: jz     $0x00007f43bd9a9640
[ARKADE BB END] handling event_bb is done.




[ARKADE BB START] Basic Block is detected -> event_bb_insert is called.

	Instruction: ret    %rsp (%rsp)[8byte] -> %rsp
[ARKADE BB END] handling event_bb is done.




[ARKADE BB START] Basic Block is detected -> event_bb_insert is called.

	Instruction: xor    %edx %edx -> %edx
	Instruction: mov    %r14 -> %rsi
	Instruction: mov    $0x00000009 -> %edi
	Instruction: call   $0x00007f43bd9a95e0 %rsp -> %rsp 0xfffffff8(%rsp)[8byte]
[ARKADE BB END] handling event_bb is done.




[ARKADE BB START] Basic Block is detected -> event_bb_insert is called.

	Instruction: test   %r8d %r8d
	Instruction: jnz    $0x00007f43bd9a9648
[ARKADE BB END] handling event_bb is done.




[ARKADE BB START] Basic Block is detected -> event_bb_insert is called.

	Instruction: mov    0x50(%rsp)[8byte] -> %rax
	Instruction: xor    %edx %edx -> %edx
	Instruction: mov    %r14 -> %rsi
	Instruction: mov    $0x00000014 -> %edi
	Instruction: mov    %rax -> <rel> 0x00007f43bd9bc728[8byte]
	Instruction: call   $0x00007f43bd9a95e0 %rsp -> %rsp 0xfffffff8(%rsp)[8byte]
[ARKADE BB END] handling event_bb is done.




[ARKADE BB START] Basic Block is detected -> event_bb_insert is called.

	Instruction: mov    0x50(%rsp)[8byte] -> %rax
	Instruction: xor    %edx %edx -> %edx
	Instruction: mov    %r14 -> %rsi
	Instruction: mov    $0x00000003 -> %edi
	Instruction: mov    %rax -> <rel> 0x00007f43bd9bc718[8byte]
	Instruction: call   $0x00007f43bd9a95e0 %rsp -> %rsp 0xfffffff8(%rsp)[8byte]
[ARKADE BB END] handling event_bb is done.




[ARKADE BB START] Basic Block is detected -> event_bb_insert is called.

	Instruction: mov    0x50(%rsp)[8byte] -> %rax
	Instruction: cmp    <rel> 0x00007f43bd9bc6f0[4byte] $0x00000001
	Instruction: mov    $0x0000000000000002 -> <rel> 0x00007f43bd9bc678[8byte]
	Instruction: mov    %rax -> <rel> 0x00007f43bd9bc720[8byte]
	Instruction: jz     $0x00007f43bd9abd78
[ARKADE BB END] handling event_bb is done.




[ARKADE BB START] Basic Block is detected -> event_bb_insert is called.

	Instruction: mov    %r14 -> %rsi
	Instruction: lea    <rel> 0x00007f43bd9ab240 -> %rdx
	Instruction: mov    $0x0000000f -> %edi
	Instruction: call   $0x00007f43bd9a95e0 %rsp -> %rsp 0xfffffff8(%rsp)[8byte]
[ARKADE BB END] handling event_bb is done.




[ARKADE BB START] Basic Block is detected -> event_bb_insert is called.

	Instruction: mov    %r14 -> %rsi
	Instruction: mov    $0x0000000a -> %edi
	Instruction: lea    <rel> 0x00007f43bd9ab2d0 -> %rdx
	Instruction: call   $0x00007f43bd9a95e0 %rsp -> %rsp 0xfffffff8(%rsp)[8byte]
[ARKADE BB END] handling event_bb is done.




[ARKADE BB START] Basic Block is detected -> event_bb_insert is called.

	Instruction: mov    %r14 -> %rsi
	Instruction: mov    $0x00003001 -> %edi
	Instruction: mov    $0x0000009e -> %eax
	Instruction: syscall  -> %rcx %r11
[ARKADE BB END] handling event_bb is done.




[ARKADE BB START] Basic Block is detected -> event_bb_insert is called.

	Instruction: test   %rax %rax
	Instruction: jz     $0x00007f43bd9abc60
[ARKADE BB END] handling event_bb is done.




[ARKADE BB START] Basic Block is detected -> event_bb_insert is called.

	Instruction: mov    <rel> 0x00007f43bd9bc628[8byte] -> %rdi
	Instruction: test   %rdi %rdi
	Instruction: jz     $0x00007f43bd9abc12
[ARKADE BB END] handling event_bb is done.




[ARKADE BB START] Basic Block is detected -> event_bb_insert is called.

	Instruction: call   $0x00007f43bd9b1e20 %rsp -> %rsp 0xfffffff8(%rsp)[8byte]
[ARKADE BB END] handling event_bb is done.




[ARKADE BB START] Basic Block is detected -> event_bb_insert is called.

	Instruction: nop    %edx
	Instruction: pxor   %xmm0 %xmm0 -> %xmm0
	Instruction: pxor   %xmm1 %xmm1 -> %xmm1
	Instruction: pxor   %xmm2 %xmm2 -> %xmm2
	Instruction: pxor   %xmm3 %xmm3 -> %xmm3
	Instruction: mov    %rdi -> %rax
	Instruction: mov    %rdi -> %rcx
	Instruction: and    $0x0000000000000fff %rcx -> %rcx
	Instruction: cmp    %rcx $0x0000000000000fcf
	Instruction: jnbe   $0x00007f43bd9b1eb0
[ARKADE BB END] handling event_bb is done.




[ARKADE BB START] Basic Block is detected -> event_bb_insert is called.

	Instruction: movdqu (%rax)[16byte] -> %xmm4
	Instruction: pcmpeqb %xmm0 %xmm4 -> %xmm4
	Instruction: pmovmskb %xmm4 -> %edx
	Instruction: test   %edx %edx
	Instruction: jz     $0x00007f43bd9b1e5e
[ARKADE BB END] handling event_bb is done.




[ARKADE BB START] Basic Block is detected -> event_bb_insert is called.

	Instruction: bsf    %edx -> %eax
	Instruction: ret    %rsp (%rsp)[8byte] -> %rsp
[ARKADE BB END] handling event_bb is done.




[ARKADE BB START] Basic Block is detected -> event_bb_insert is called.

	Instruction: mov    %rax -> <rel> 0x00007f43bd9bc630[8byte]
	Instruction: xor    %edi %edi -> %edi
	Instruction: call   $0x00007f43bd9acf90 %rsp -> %rsp 0xfffffff8(%rsp)[8byte]
[ARKADE BB END] handling event_bb is done.




[ARKADE BB START] Basic Block is detected -> event_bb_insert is called.

	Instruction: nop    %edx
	Instruction: push   %r12 %rsp -> %rsp 0xfffffff8(%rsp)[8byte]
	Instruction: push   %rbx %rsp -> %rsp 0xfffffff8(%rsp)[8byte]
	Instruction: mov    %rdi -> %rbx
	Instruction: sub    $0x0000000000000008 %rsp -> %rsp
	Instruction: mov    <rel> 0x00007f43bd9be110[8byte] -> %r12
	Instruction: test   %r12 %r12
	Instruction: jz     $0x00007f43bd9acfe8
[ARKADE BB END] handling event_bb is done.




[ARKADE BB START] Basic Block is detected -> event_bb_insert is called.

	Instruction: mov    <rel> 0x00007f43bd9be0e0[4byte] -> %eax
	Instruction: test   %eax %eax
	Instruction: jnz    $0x00007f43bd9acfe8
[ARKADE BB END] handling event_bb is done.




[ARKADE BB START] Basic Block is detected -> event_bb_insert is called.

	Instruction: test   %rbx %rbx
	Instruction: jz     $0x00007f43bd9acfd9
[ARKADE BB END] handling event_bb is done.




[ARKADE BB START] Basic Block is detected -> event_bb_insert is called.

	Instruction: add    $0x0000000000000008 %rsp -> %rsp
	Instruction: mov    %r12 -> %rax
	Instruction: pop    %rsp (%rsp)[8byte] -> %rbx %rsp
	Instruction: pop    %rsp (%rsp)[8byte] -> %r12 %rsp
	Instruction: ret    %rsp (%rsp)[8byte] -> %rsp
[ARKADE BB END] handling event_bb is done.




[ARKADE BB START] Basic Block is detected -> event_bb_insert is called.

	Instruction: lea    <rel> 0x00007f43bd9be190 -> %rdx
	Instruction: cmp    %rax %rdx
	Instruction: jz     $0x00007f43bd9abe30
[ARKADE BB END] handling event_bb is done.




[ARKADE BB START] Basic Block is detected -> event_bb_insert is called.

	Instruction: mov    <rel> 0x00007f43bd9bce60[4byte] -> %eax
	Instruction: test   %eax %eax
	Instruction: jnz    $0x00007f43bd9abf90
[ARKADE BB END] handling event_bb is done.




[ARKADE BB START] Basic Block is detected -> event_bb_insert is called.

	Instruction: lea    0x48(%rsp) -> %rdx
	Instruction: mov    %r13d -> %esi
	Instruction: mov    %r12 -> %rdi
	Instruction: mov    <rel> 0x00007f43bd9bc680[8byte] -> %rcx
	Instruction: call   %rbp %rsp -> %rsp 0xfffffff8(%rsp)[8byte]
[ARKADE BB END] handling event_bb is done.




[ARKADE BB START] Basic Block is detected -> event_bb_insert is called.

	Instruction: nop    %edx
	Instruction: push   %rbp %rsp -> %rsp 0xfffffff8(%rsp)[8byte]
	Instruction: lea    <rel> 0x00007f43bd99c860 -> %rax
	Instruction: mov    %rsp -> %rbp
	Instruction: push   %r15 %rsp -> %rsp 0xfffffff8(%rsp)[8byte]
	Instruction: push   %r14 %rsp -> %rsp 0xfffffff8(%rsp)[8byte]
	Instruction: push   %r13 %rsp -> %rsp 0xfffffff8(%rsp)[8byte]
	Instruction: mov    %rdx -> %r13
	Instruction: push   %r12 %rsp -> %rsp 0xfffffff8(%rsp)[8byte]
	Instruction: mov    %rdi -> %r12
	Instruction: push   %rbx %rsp -> %rsp 0xfffffff8(%rsp)[8byte]
	Instruction: lea    <rel> 0x00007f43bd9b3018 -> %rbx
	Instruction: sub    $0x00000000000001c8 %rsp -> %rsp
	Instruction: mov    %rax -> <rel> 0x00007f43bd9bdfe0[8byte]
	Instruction: lea    <rel> 0x00007f43bd990160 -> %rax
	Instruction: movd   %rax -> %xmm2
	Instruction: mov    %esi -> 0xfffffe50(%rbp)[4byte]
	Instruction: lea    <rel> 0x00007f43bd9a4140 -> %rax
	Instruction: mov    %rcx -> 0xfffffe48(%rbp)[8byte]
	Instruction: lea    <rel> 0x00007f43bd990150 -> %rcx
	Instruction: mov    %rax -> <rel> 0x00007f43bd9bdf90[8byte]
	Instruction: movd   %rcx -> %xmm0
	Instruction: mov    <rel> 0x00007f43bd9be138[8byte] -> %rax
	Instruction: mov    <rel> 0x00007f43bd9bce60[4byte] -> %ecx
	Instruction: punpcklqdq %xmm2 %xmm0 -> %xmm0
	Instruction: mov    $0x00000000 -> 0xfffffe68(%rbp)[4byte]
	Instruction: mov    %rax -> 0xfffffea0(%rbp)[8byte]
	Instruction: lea    <rel> 0x00007f43bd9b3009 -> %rax
	Instruction: test   %ecx %ecx
	Instruction: lea    0xfffffff7(%rax) -> %rdx
	Instruction: movups %xmm0 -> <rel> 0x00007f43bd9bdf68[16byte]
	Instruction: cmovz  %rdx -> %rax
	Instruction: xor    %r15d %r15d -> %r15d
	Instruction: mov    %rax -> <rel> 0x00007f43bd9bc790[8byte]
	Instruction: lea    0xfffffea0(%rbp) -> %rax
	Instruction: mov    %rax -> 0xfffffe58(%rbp)[8byte]
	Instruction: mov    0xfffffe58(%rbp)[8byte] -> %rdi
	Instruction: call   $0x00007f43bd9ac3c0 %rsp -> %rsp 0xfffffff8(%rsp)[8byte]
[ARKADE BB END] handling event_bb is done.




[ARKADE BB START] Basic Block is detected -> event_bb_insert is called.

	Instruction: nop    %edx
	Instruction: mov    (%rdi)[8byte] -> %rdx
	Instruction: mov    (%rdx)[8byte] -> %rax
	Instruction: test   %rax %rax
	Instruction: jnz    $0x00007f43bd9ac3e5
[ARKADE BB END] handling event_bb is done.




[ARKADE BB START] Basic Block is detected -> event_bb_insert is called.

	Instruction: cmp    (%rax)[1byte] $0x4c
	Instruction: jnz    $0x00007f43bd9ac3d8
[ARKADE BB END] handling event_bb is done.




[ARKADE BB START] Basic Block is detected -> event_bb_insert is called.

	Instruction: mov    0x08(%rdx)[8byte] -> %rax
	Instruction: add    $0x0000000000000008 %rdx -> %rdx
	Instruction: test   %rax %rax
	Instruction: jz     $0x00007f43bd9ac408
[ARKADE BB END] handling event_bb is done.




[ARKADE BB START] Basic Block is detected -> event_bb_insert is called.

	Instruction: cmp    0x01(%rax)[1byte] $0x44
	Instruction: jnz    $0x00007f43bd9ac3d8
[ARKADE BB END] handling event_bb is done.




[ARKADE BB START] Basic Block is detected -> event_bb_insert is called.

	Instruction: cmp    0x02(%rax)[1byte] $0x5f
	Instruction: jnz    $0x00007f43bd9ac3d8
[ARKADE BB END] handling event_bb is done.




[ARKADE BB START] Basic Block is detected -> event_bb_insert is called.

	Instruction: add    $0x0000000000000008 %rdx -> %rdx
	Instruction: add    $0x0000000000000003 %rax -> %rax
	Instruction: mov    %rdx -> (%rdi)[8byte]
	Instruction: ret    %rsp (%rsp)[8byte] -> %rsp
[ARKADE BB END] handling event_bb is done.




[ARKADE BB START] Basic Block is detected -> event_bb_insert is called.

	Instruction: mov    %rax -> %r14
	Instruction: test   %rax %rax
	Instruction: jz     $0x00007f43bd9916eb
[ARKADE BB END] handling event_bb is done.




[ARKADE BB START] Basic Block is detected -> event_bb_insert is called.

	Instruction: movzx  (%rax)[1byte] -> %edx
	Instruction: cmp    %dl $0x3d
	Instruction: jz     $0x00007f43bd991698
[ARKADE BB END] handling event_bb is done.




[ARKADE BB START] Basic Block is detected -> event_bb_insert is called.

	Instruction: xor    %eax %eax -> %eax
	Instruction: test   %dl %dl
	Instruction: jnz    $0x00007f43bd9916c5
[ARKADE BB END] handling event_bb is done.




[ARKADE BB START] Basic Block is detected -> event_bb_insert is called.

	Instruction: add    $0x0000000000000001 %rax -> %rax
	Instruction: movzx  (%r14,%rax)[1byte] -> %edx
	Instruction: test   %dl %dl
	Instruction: jnz    $0x00007f43bd9916c0
[ARKADE BB END] handling event_bb is done.




[ARKADE BB START] Basic Block is detected -> event_bb_insert is called.

	Instruction: cmp    %dl $0x3d
	Instruction: jz     $0x00007f43bd9916d7
[ARKADE BB END] handling event_bb is done.




[ARKADE BB START] Basic Block is detected -> event_bb_insert is called.

	Instruction: sub    $0x0000000000000004 %rax -> %rax
	Instruction: cmp    %rax $0x0000000000000011
	Instruction: jnbe   $0x00007f43bd991698
[ARKADE BB END] handling event_bb is done.




[ARKADE BB START] Basic Block is detected -> event_bb_insert is called.

	Instruction: movsxd (%rbx,%rax,4)[4byte] -> %rax
	Instruction: add    %rbx %rax -> %rax
	Instruction: jmp    %rax
[ARKADE BB END] handling event_bb is done.




[ARKADE BB START] Basic Block is detected -> event_bb_insert is called.

	Instruction: mov    <rel> 0x00007f43bd9bce60[4byte] -> %eax
	Instruction: test   %eax %eax
	Instruction: jnz    $0x00007f43bd993a15
[ARKADE BB END] handling event_bb is done.




[ARKADE BB START] Basic Block is detected -> event_bb_insert is called.

	Instruction: mov    $0x5f5952415242494c -> %rax
	Instruction: cmp    (%r14)[8byte] %rax
	Instruction: jz     $0x00007f43bd993a3f
[ARKADE BB END] handling event_bb is done.




[ARKADE BB START] Basic Block is detected -> event_bb_insert is called.

	Instruction: cmp    0x08(%r14)[4byte] $0x48544150
	Instruction: jnz    $0x00007f43bd991b0a
[ARKADE BB END] handling event_bb is done.




[ARKADE BB START] Basic Block is detected -> event_bb_insert is called.

	Instruction: add    $0x000000000000000d %r14 -> %r14
	Instruction: mov    %r14 -> <rel> 0x00007f43bd9bc540[8byte]
	Instruction: jmp    $0x00007f43bd991698
[ARKADE BB END] handling event_bb is done.




[ARKADE BB START] Basic Block is detected -> event_bb_insert is called.

	Instruction: mov    0xfffffe58(%rbp)[8byte] -> %rdi
	Instruction: call   $0x00007f43bd9ac3c0 %rsp -> %rsp 0xfffffff8(%rsp)[8byte]
[ARKADE BB END] handling event_bb is done.




[ARKADE BB START] Basic Block is detected -> event_bb_insert is called.

	Instruction: ret    %rsp (%rsp)[8byte] -> %rsp
[ARKADE BB END] handling event_bb is done.




[ARKADE BB START] Basic Block is detected -> event_bb_insert is called.

	Instruction: mov    <rel> 0x00007f43bd9bce60[4byte] -> %r11d
	Instruction: test   %r11d %r11d
	Instruction: jnz    $0x00007f43bd993214
[ARKADE BB END] handling event_bb is done.




[ARKADE BB START] Basic Block is detected -> event_bb_insert is called.

	Instruction: mov    <rel> 0x00007f43bd9bc520[4byte] -> %r9d
	Instruction: test   %r9d %r9d
	Instruction: jz     $0x00007f43bd991710
[ARKADE BB END] handling event_bb is done.




[ARKADE BB START] Basic Block is detected -> event_bb_insert is called.

	Instruction: lea    <rel> 0x00007f43bd990100 -> %rax
	Instruction: cmp    0x00(%r13)[8byte] %rax
	Instruction: jnz    $0x00007f43bd991d13
[ARKADE BB END] handling event_bb is done.




[ARKADE BB START] Basic Block is detected -> event_bb_insert is called.

	Instruction: lea    <rel> 0x00007f43bd9b4342 -> %rsi
	Instruction: xor    %r9d %r9d -> %r9d
	Instruction: xor    %ecx %ecx -> %ecx
	Instruction: xor    %edx %edx -> %edx
	Instruction: mov    $0x20000000 -> %r8d
	Instruction: mov    %rsi -> %rdi
	Instruction: call   $0x00007f43bd99c210 %rsp -> %rsp 0xfffffff8(%rsp)[8byte]
[ARKADE BB END] handling event_bb is done.




[ARKADE BB START] Basic Block is detected -> event_bb_insert is called.

	Instruction: nop    %edx
	Instruction: push   %r15 %rsp -> %rsp 0xfffffff8(%rsp)[8byte]
	Instruction: push   %r14 %rsp -> %rsp 0xfffffff8(%rsp)[8byte]
	Instruction: push   %r13 %rsp -> %rsp 0xfffffff8(%rsp)[8byte]
	Instruction: push   %r12 %rsp -> %rsp 0xfffffff8(%rsp)[8byte]
	Instruction: mov    %rcx -> %r12
	Instruction: push   %rbp %rsp -> %rsp 0xfffffff8(%rsp)[8byte]
	Instruction: push   %rbx %rsp -> %rsp 0xfffffff8(%rsp)[8byte]
	Instruction: mov    %r9 -> %rbx
	Instruction: sub    $0x0000000000000038 %rsp -> %rsp
	Instruction: mov    %r8d -> 0x2c(%rsp)[4byte]
	Instruction: and    $0x20000000 %r8d -> %r8d
	Instruction: mov    %rdi -> 0x08(%rsp)[8byte]
	Instruction: mov    %edx -> 0x28(%rsp)[4byte]
	Instruction: mov    %r8d -> 0x10(%rsp)[4byte]
	Instruction: jnz    $0x00007f43bd99c5d0
[ARKADE BB END] handling event_bb is done.




[ARKADE BB START] Basic Block is detected -> event_bb_insert is called.

	Instruction: test   %edx %edx
	Instruction: jnz    $0x00007f43bd99c644
[ARKADE BB END] handling event_bb is done.




[ARKADE BB START] Basic Block is detected -> event_bb_insert is called.

	Instruction: test   %r9 %r9
	Instruction: jnz    $0x00007f43bd99c625
[ARKADE BB END] handling event_bb is done.




[ARKADE BB START] Basic Block is detected -> event_bb_insert is called.

	Instruction: mov    $0x00000100 -> %edx
	Instruction: mov    $0x00000001 -> %r11d
	Instruction: mov    $0x000005a1 -> %edi
	Instruction: xor    %r13d %r13d -> %r13d
	Instruction: mov    $0x00000010 -> %r15d
	Instruction: lea    <rel> 0x00007f43bd9b4342 -> %rbp
	Instruction: jmp    $0x00007f43bd99c270
[ARKADE BB END] handling event_bb is done.




[ARKADE BB START] Basic Block is detected -> event_bb_insert is called.

	Instruction: mov    $0x00000001 -> %esi
	Instruction: mov    %r11 -> 0x20(%rsp)[8byte]
	Instruction: mov    %rdx -> 0x18(%rsp)[8byte]
	Instruction: call   $0x00007f43bd9900c0 %rsp -> %rsp 0xfffffff8(%rsp)[8byte]
[ARKADE BB END] handling event_bb is done.




[ARKADE BB START] Basic Block is detected -> event_bb_insert is called.

	Instruction: nop    %edx
	Instruction: jmp    <rel> 0x00007f43bd9bd030[8byte]
[ARKADE BB END] handling event_bb is done.




[ARKADE BB START] Basic Block is detected -> event_bb_insert is called.

	Instruction: nop    %edx
	Instruction: mov    %rdi -> %rcx
	Instruction: imul   %rsi %rdi -> %rdi
	Instruction: mov    $0xffffffff -> %eax
	Instruction: mov    %rcx -> %rdx
	Instruction: or     %rsi %rdx -> %rdx
	Instruction: cmp    %rdx %rax
	Instruction: jbe    $0x00007f43bd9ac5e0
[ARKADE BB END] handling event_bb is done.




[ARKADE BB START] Basic Block is detected -> event_bb_insert is called.

	Instruction: jmp    $0x00007f43bd9900a0
[ARKADE BB END] handling event_bb is done.




[ARKADE BB START] Basic Block is detected -> event_bb_insert is called.

	Instruction: nop    %edx
	Instruction: jmp    <rel> 0x00007f43bd9bd020[8byte]
[ARKADE BB END] handling event_bb is done.




[ARKADE BB START] Basic Block is detected -> event_bb_insert is called.

	Instruction: nop    %edx
	Instruction: push   %rbp %rsp -> %rsp 0xfffffff8(%rsp)[8byte]
	Instruction: push   %rbx %rsp -> %rsp 0xfffffff8(%rsp)[8byte]
	Instruction: mov    %rdi -> %rbx
	Instruction: sub    $0x0000000000000008 %rsp -> %rsp
	Instruction: mov    <rel> 0x00007f43bd9be0f0[8byte] -> %rdx
	Instruction: mov    <rel> 0x00007f43bd9be0f8[8byte] -> %rax
	Instruction: test   %rdx %rdx
	Instruction: jz     $0x00007f43bd9ac568
[ARKADE BB END] handling event_bb is done.
[ARKADE MALLOC CALLED] Malloc (Nonuser Code) (size: 1441)
[ARKADE MALLOC CALLED] Module start: 0x00007f43bd98f000
[ARKADE MALLOC CALLED] Module end: 0x00007f43bd9bf000
[ARKADE MALLOC CALLED] Module full path: /lib/x86_64-linux-gnu/ld-2.31.so
[ARKADE MALLOC CALLED] Caller (Nonuser Code): _dl_new_object (/build/glibc-FcRMwW/glibc-2.31/elf/dl-object.c:89)




[ARKADE BB START] Basic Block is detected -> event_bb_insert is called.

	Instruction: mov    <rel> 0x00007f43bd9bc638[8byte] -> %rcx
	Instruction: lea    <rel> 0x00007f43bd9be190 -> %rax
	Instruction: lea    0xffffffff(%rcx,%rax) -> %rdx
	Instruction: neg    %rcx -> %rcx
	Instruction: and    %rcx %rdx -> %rdx
	Instruction: mov    %rdx -> <rel> 0x00007f43bd9be0f0[8byte]
	Instruction: jmp    $0x00007f43bd9ac4c4
[ARKADE BB END] handling event_bb is done.




[ARKADE BB START] Basic Block is detected -> event_bb_insert is called.

	Instruction: add    $0x000000000000000f %rax -> %rax
	Instruction: and    $0xfffffffffffffff0 %rax -> %rax
	Instruction: lea    (%rax,%rbx) -> %rcx
	Instruction: mov    %rax -> <rel> 0x00007f43bd9be0f8[8byte]
	Instruction: cmp    %rcx %rdx
	Instruction: jnb    $0x00007f43bd9ac500
[ARKADE BB END] handling event_bb is done.




[ARKADE BB START] Basic Block is detected -> event_bb_insert is called.

	Instruction: mov    %rax -> %rdx
	Instruction: neg    %rdx -> %rdx
	Instruction: cmp    %rdx %rbx
	Instruction: jbe    $0x00007f43bd9ac500
[ARKADE BB END] handling event_bb is done.




[ARKADE BB START] Basic Block is detected -> event_bb_insert is called.

	Instruction: mov    %rax -> <rel> 0x00007f43bd9be0e8[8byte]
	Instruction: mov    %rcx -> <rel> 0x00007f43bd9be0f8[8byte]
	Instruction: add    $0x0000000000000008 %rsp -> %rsp
	Instruction: pop    %rsp (%rsp)[8byte] -> %rbx %rsp
	Instruction: pop    %rsp (%rsp)[8byte] -> %rbp %rsp
	Instruction: ret    %rsp (%rsp)[8byte] -> %rsp
[ARKADE BB END] handling event_bb is done.




[ARKADE BB START] Basic Block is detected -> event_bb_insert is called.

	Instruction: mov    %rax -> %r14
	Instruction: test   %rax %rax
	Instruction: jz     $0x00007f43bd99c4e5
[ARKADE BB END] handling event_bb is done.
[ARKADE MALLOC RETURN] Malloc (Nonuser Code) return base address: 0x00007f43bd9be190, Size: 1441, Active: true




[ARKADE BB START] Basic Block is detected -> event_bb_insert is called.

	Instruction: mov    0x18(%rsp)[8byte] -> %rdx
	Instruction: mov    0x20(%rsp)[8byte] -> %r11
	Instruction: mov    %rax -> 0x28(%rax)[8byte]
	Instruction: mov    %rbp -> %rsi
	Instruction: lea    0x00000480(%rax,%rdx) -> %r9
	Instruction: mov    %r11 -> %rdx
	Instruction: mov    %r9 -> 0x000002d0(%rax)[8byte]
	Instruction: lea    0x20(%r9) -> %rdi
	Instruction: lea    0x08(%r9) -> %rax
	Instruction: mov    %r9 -> 0x18(%rsp)[8byte]
	Instruction: mov    %rax -> 0x38(%r14)[8byte]
	Instruction: call   $0x00007f43bd9b2390 %rsp -> %rsp 0xfffffff8(%rsp)[8byte]
[ARKADE BB END] handling event_bb is done.




[ARKADE BB START] Basic Block is detected -> event_bb_insert is called.

	Instruction: nop    %edx
	Instruction: mov    %rdi -> %rax
	Instruction: cmp    %rdx $0x0000000000000010
	Instruction: jb     $0x00007f43bd9b23b4
[ARKADE BB END] handling event_bb is done.




[ARKADE BB START] Basic Block is detected -> event_bb_insert is called.

	Instruction: cmp    %dl $0x08
	Instruction: jnb    $0x00007f43bd9b23cb
[ARKADE BB END] handling event_bb is done.




[ARKADE BB START] Basic Block is detected -> event_bb_insert is called.

	Instruction: cmp    %dl $0x04
	Instruction: jnb    $0x00007f43bd9b23dc
[ARKADE BB END] handling event_bb is done.




[ARKADE BB START] Basic Block is detected -> event_bb_insert is called.

	Instruction: cmp    %dl $0x01
	Instruction: jnbe   $0x00007f43bd9b23e9
[ARKADE BB END] handling event_bb is done.




[ARKADE BB START] Basic Block is detected -> event_bb_insert is called.

	Instruction: jb     $0x00007f43bd9b23ca
[ARKADE BB END] handling event_bb is done.




[ARKADE BB START] Basic Block is detected -> event_bb_insert is called.

	Instruction: movzx  (%rsi)[1byte] -> %ecx
	Instruction: mov    %cl -> (%rdi)[1byte]
	Instruction: ret    %rsp (%rsp)[8byte] -> %rsp
[ARKADE BB END] handling event_bb is done.




[ARKADE BB START] Basic Block is detected -> event_bb_insert is called.

	Instruction: mov    0x18(%rsp)[8byte] -> %r9
	Instruction: mov    0x08(%rsp)[8byte] -> %rdx
	Instruction: mov    0x10(%rsp)[4byte] -> %ecx
	Instruction: mov    %rax -> 0x08(%r9)[8byte]
	Instruction: movzx  (%rdx)[1byte] -> %esi
	Instruction: mov    $0x00000001 -> 0x18(%r9)[4byte]
	Instruction: test   %ecx %ecx
	Instruction: jnz    $0x00007f43bd99c2ef
[ARKADE BB END] handling event_bb is done.




[ARKADE BB START] Basic Block is detected -> event_bb_insert is called.

	Instruction: lea    (%rax,%r13) -> %rdx
	Instruction: movzx  0x0000031c(%r14)[1byte] -> %eax
	Instruction: movzx  0x28(%rsp)[1byte] -> %ebp
	Instruction: mov    %rdx -> 0x08(%r14)[8byte]
	Instruction: and    $0x00000003 %ebp -> %ebp
	Instruction: and    $0xfffffffc %eax -> %eax
	Instruction: or     %eax %ebp -> %ebp
	Instruction: mov    %bpl -> 0x0000031c(%r14)[1byte]
	Instruction: test   <rel> 0x00007f43bd9bc621[1byte] $0x01
	Instruction: jz     $0x00007f43bd99c500
[ARKADE BB END] handling event_bb is done.




[ARKADE BB START] Basic Block is detected -> event_bb_insert is called.

	Instruction: mov    $0x00000001 -> 0x000003dc(%r14)[4byte]
	Instruction: jmp    $0x00007f43bd99c320
[ARKADE BB END] handling event_bb is done.




[ARKADE BB START] Basic Block is detected -> event_bb_insert is called.

	Instruction: mov    %r12 -> 0x000002e0(%r14)[8byte]
	Instruction: mov    %rbx -> 0x30(%r14)[8byte]
	Instruction: test   %r15d %r15d
	Instruction: jz     $0x00007f43bd99c36c
[ARKADE BB END] handling event_bb is done.




[ARKADE BB START] Basic Block is detected -> event_bb_insert is called.

	Instruction: lea    <rel> 0x00007f43bd9bd9e8 -> %rax
	Instruction: cmp    %r14 %rax
	Instruction: jz     $0x00007f43bd99c550
[ARKADE BB END] handling event_bb is done.




[ARKADE BB START] Basic Block is detected -> event_bb_insert is called.

	Instruction: lea    0xffffffff(%r15) -> %edx
	Instruction: lea    0x00000480(%r14) -> %rax
	Instruction: shl    $0x0000000000000004 %rdx -> %rdx
	Instruction: lea    0x00000490(%r14,%rdx) -> %rdx
	Instruction: data16 nop    0x00000000(%rax,%rax)[4byte]
	Instruction: mov    %r14 -> (%rax)[8byte]
	Instruction: add    $0x0000000000000010 %rax -> %rax
	Instruction: cmp    %rdx %rax
	Instruction: jnz    $0x00007f43bd99c360
[ARKADE BB END] handling event_bb is done.




[ARKADE BB START] Basic Block is detected -> event_bb_insert is called.

	Instruction: mov    %r14 -> (%rax)[8byte]
	Instruction: add    $0x0000000000000010 %rax -> %rax
	Instruction: cmp    %rdx %rax
	Instruction: jnz    $0x00007f43bd99c360
[ARKADE BB END] handling event_bb is done.




[ARKADE BB START] Basic Block is detected -> event_bb_insert is called.

	Instruction: lea    (%rbx,%rbx,8) -> %rax
	Instruction: lea    <rel> 0x00007f43bd9bd060 -> %rdx
	Instruction: mov    $0x0000000000000004 -> 0x00000388(%r14)[8byte]
	Instruction: shl    $0x0000000000000004 %rax -> %rax
	Instruction: lea    0x00000368(%r14) -> %rdi
	Instruction: mov    (%rdx,%rax)[8byte] -> %rax
	Instruction: mov    %rdi -> 0x00000390(%r14)[8byte]
	Instruction: test   %rax %rax
	Instruction: jz     $0x00007f43bd99c538
[ARKADE BB END] handling event_bb is done.




[ARKADE BB START] Basic Block is detected -> event_bb_insert is called.

	Instruction: xor    %edx %edx -> %edx
	Instruction: test   %r12 %r12
	Instruction: jnz    $0x00007f43bd99c3c0
[ARKADE BB END] handling event_bb is done.




[ARKADE BB START] Basic Block is detected -> event_bb_insert is called.

	Instruction: mov    %r14 -> %rax
	Instruction: jmp    $0x00007f43bd99c3d8
[ARKADE BB END] handling event_bb is done.




[ARKADE BB START] Basic Block is detected -> event_bb_insert is called.

	Instruction: add    $0x00000000000002c0 %rax -> %rax
	Instruction: mov    %rax -> (%rdi)[8byte]
	Instruction: lea    0x000002c0(%r14) -> %rax
	Instruction: test   %sil %sil
	Instruction: mov    %sil -> 0x28(%rsp)[1byte]
	Instruction: mov    %rax -> 0x00000398(%r14)[8byte]
	Instruction: jz     $0x00007f43bd99c4e5
[ARKADE BB END] handling event_bb is done.




[ARKADE BB START] Basic Block is detected -> event_bb_insert is called.

	Instruction: add    $0x0000000000000038 %rsp -> %rsp
	Instruction: mov    %r14 -> %rax
	Instruction: pop    %rsp (%rsp)[8byte] -> %rbx %rsp
	Instruction: pop    %rsp (%rsp)[8byte] -> %rbp %rsp
	Instruction: pop    %rsp (%rsp)[8byte] -> %r12 %rsp
	Instruction: pop    %rsp (%rsp)[8byte] -> %r13 %rsp
	Instruction: pop    %rsp (%rsp)[8byte] -> %r14 %rsp
	Instruction: pop    %rsp (%rsp)[8byte] -> %r15 %rsp
	Instruction: ret    %rsp (%rsp)[8byte] -> %rsp
[ARKADE BB END] handling event_bb is done.




[ARKADE BB START] Basic Block is detected -> event_bb_insert is called.

	Instruction: mov    %rax -> %r15
	Instruction: test   %rax %rax
	Instruction: jz     $0x00007f43bd993fbe
[ARKADE BB END] handling event_bb is done.




[ARKADE BB START] Basic Block is detected -> event_bb_insert is called.

	Instruction: mov    %r12 -> 0x000002a8(%rax)[8byte]
	Instruction: movzx  0xfffffe50(%rbp)[2byte] -> %eax
	Instruction: xor    %esi %esi -> %esi
	Instruction: mov    %r15 -> %rdi
	Instruction: data16 mov    %ax -> 0x000002b8(%r15)[2byte]
	Instruction: mov    0x00(%r13)[8byte] -> %rax
	Instruction: mov    %rax -> 0x000002b0(%r15)[8byte]
	Instruction: call   $0x00007f43bd99c170 %rsp -> %rsp 0xfffffff8(%rsp)[8byte]
[ARKADE BB END] handling event_bb is done.




[ARKADE BB START] Basic Block is detected -> event_bb_insert is called.

	Instruction: nop    %edx
	Instruction: push   %r12 %rsp -> %rsp 0xfffffff8(%rsp)[8byte]
	Instruction: lea    <rel> 0x00007f43bd9bd060 -> %r12
	Instruction: push   %rbp %rsp -> %rsp 0xfffffff8(%rsp)[8byte]
	Instruction: mov    %rdi -> %rbp
	Instruction: lea    0x00000930(%r12) -> %rdi
	Instruction: push   %rbx %rsp -> %rsp 0xfffffff8(%rsp)[8byte]
	Instruction: mov    %rsi -> %rbx
	Instruction: call   <rel> 0x00007f43bd9bdf68[8byte] %rsp -> %rsp 0xfffffff8(%rsp)[8byte]
[ARKADE BB END] handling event_bb is done.




[ARKADE BB START] Basic Block is detected -> event_bb_insert is called.

	Instruction: nop    %edx
	Instruction: add    $0x00000001 0x04(%rdi)[4byte] -> 0x04(%rdi)[4byte]
	Instruction: ret    %rsp (%rsp)[8byte] -> %rsp
[ARKADE BB END] handling event_bb is done.




[ARKADE BB START] Basic Block is detected -> event_bb_insert is called.

	Instruction: lea    (%rbx,%rbx,8) -> %rdx
	Instruction: shl    $0x0000000000000004 %rdx -> %rdx
	Instruction: add    %r12 %rdx -> %rdx
	Instruction: mov    (%rdx)[8byte] -> %rax
	Instruction: test   %rax %rax
	Instruction: jz     $0x00007f43bd99c200
[ARKADE BB END] handling event_bb is done.




[ARKADE BB START] Basic Block is detected -> event_bb_insert is called.

	Instruction: mov    %rbp -> (%rdx)[8byte]
	Instruction: jmp    $0x00007f43bd99c1c4
[ARKADE BB END] handling event_bb is done.




[ARKADE BB START] Basic Block is detected -> event_bb_insert is called.

	Instruction: lea    (%rbx,%rbx,8) -> %rax
	Instruction: lea    <rel> 0x00007f43bd9bd990 -> %rdi
	Instruction: pop    %rsp (%rsp)[8byte] -> %rbx %rsp
	Instruction: shl    $0x0000000000000004 %rax -> %rax
	Instruction: add    $0x00000001 0x08(%r12,%rax)[4byte] -> 0x08(%r12,%rax)[4byte]
	Instruction: mov    <rel> 0x00007f43bd9bd9b8[8byte] -> %rax
	Instruction: mov    %rax -> 0x00000478(%rbp)[8byte]
	Instruction: add    $0x0000000000000001 %rax -> %rax
	Instruction: pop    %rsp (%rsp)[8byte] -> %rbp %rsp
	Instruction: mov    %rax -> <rel> 0x00007f43bd9bd9b8[8byte]
	Instruction: pop    %rsp (%rsp)[8byte] -> %r12 %rsp
	Instruction: jmp    <rel> 0x00007f43bd9bdf70[8byte]
[ARKADE BB END] handling event_bb is done.




[ARKADE BB START] Basic Block is detected -> event_bb_insert is called.

	Instruction: nop    %edx
	Instruction: sub    $0x00000001 0x04(%rdi)[4byte] -> 0x04(%rdi)[4byte]
	Instruction: ret    %rsp (%rsp)[8byte] -> %rsp
[ARKADE BB END] handling event_bb is done.




[ARKADE BB START] Basic Block is detected -> event_bb_insert is called.

	Instruction: cmp    <rel> 0x00007f43bd9bd060[8byte] %r15
	Instruction: jnz    $0x00007f43bd993fdd
[ARKADE BB END] handling event_bb is done.




[ARKADE BB START] Basic Block is detected -> event_bb_insert is called.

	Instruction: mov    $0x00 -> 0xfffffe60(%rbp)[1byte]
	Instruction: mov    0xfffffe50(%rbp)[4byte] -> %edx
	Instruction: movdqa <rel> 0x00007f43bd9b7d30[16byte] -> %xmm0
	Instruction: mov    $0x0000000000000000 -> 0x00000360(%r15)[8byte]
	Instruction: add    $0x00000001 0x00000318(%r15)[4byte] -> 0x00000318(%r15)[4byte]
	Instruction: lea    0x00(,%rdx,8) -> %rax
	Instruction: movups %xmm0 -> 0x00000350(%r15)[16byte]
	Instruction: sub    %rdx %rax -> %rax
	Instruction: lea    (%r12,%rax,8) -> %rax
	Instruction: mov    %rax -> 0xfffffe28(%rbp)[8byte]
	Instruction: cmp    %r12 %rax
	Instruction: jnb    $0x00007f43bd992d69
[ARKADE BB END] handling event_bb is done.




[ARKADE BB START] Basic Block is detected -> event_bb_insert is called.

	Instruction: mov    <rel> 0x00007f43bd9bc638[8byte] -> %rax
	Instruction: xor    %r13d %r13d -> %r13d
	Instruction: mov    %r12 -> %rbx
	Instruction: mov    %r12 -> %r9
	Instruction: mov    %r14 -> 0xfffffe18(%rbp)[8byte]
	Instruction: lea    <rel> 0x00007f43bd9be050 -> %r11
	Instruction: mov    %r13d -> %r14d
	Instruction: neg    %rax -> %rax
	Instruction: mov    %rax -> 0xfffffe48(%rbp)[8byte]
	Instruction: lea    <rel> 0x00007f43bd9b3060 -> %rax
	Instruction: mov    (%rbx)[4byte] -> %edx
	Instruction: cmp    %edx $0x00000007
	Instruction: jnbe   $0x00007f43bd992840
[ARKADE BB END] handling event_bb is done.




[ARKADE BB START] Basic Block is detected -> event_bb_insert is called.

	Instruction: test   %edx %edx
	Instruction: jz     $0x00007f43bd991e32
[ARKADE BB END] handling event_bb is done.




[ARKADE BB START] Basic Block is detected -> event_bb_insert is called.

	Instruction: cmp    %edx $0x00000007
	Instruction: jnbe   $0x00007f43bd991e32
[ARKADE BB END] handling event_bb is done.




[ARKADE BB START] Basic Block is detected -> event_bb_insert is called.

	Instruction: movsxd (%rax,%rdx,4)[4byte] -> %rdx
	Instruction: add    %rax %rdx -> %rdx
	Instruction: jmp    %rdx
[ARKADE BB END] handling event_bb is done.




[ARKADE BB START] Basic Block is detected -> event_bb_insert is called.

	Instruction: mov    %r9 -> %rdx
	Instruction: sub    0x10(%rbx)[8byte] %rdx -> %rdx
	Instruction: add    $0x0000000000000038 %rbx -> %rbx
	Instruction: mov    %rdx -> (%r15)[8byte]
	Instruction: cmp    %rbx 0xfffffe28(%rbp)[8byte]
	Instruction: jb     $0x00007f43bd991df4
[ARKADE BB END] handling event_bb is done.




[ARKADE BB START] Basic Block is detected -> event_bb_insert is called.

	Instruction: mov    (%rbx)[4byte] -> %edx
	Instruction: cmp    %edx $0x00000007
	Instruction: jnbe   $0x00007f43bd992840
[ARKADE BB END] handling event_bb is done.




[ARKADE BB START] Basic Block is detected -> event_bb_insert is called.

	Instruction: mov    <rel> 0x00007f43bd9bd9f8[8byte] -> %rcx
	Instruction: mov    (%r15)[8byte] -> %rdx
	Instruction: mov    $0x00000001 -> %r14d
	Instruction: add    0x10(%rbx)[8byte] %rdx -> %rdx
	Instruction: mov    %r11 -> <rel> 0x00007f43bd9bda20[8byte]
	Instruction: mov    %rdx -> (%r11)[8byte]
	Instruction: test   %rcx %rcx
	Instruction: jnz    $0x00007f43bd991e32
[ARKADE BB END] handling event_bb is done.




[ARKADE BB START] Basic Block is detected -> event_bb_insert is called.

	Instruction: add    $0x0000000000000038 %rbx -> %rbx
	Instruction: cmp    %rbx 0xfffffe28(%rbp)[8byte]
	Instruction: jb     $0x00007f43bd991df4
[ARKADE BB END] handling event_bb is done.




[ARKADE BB START] Basic Block is detected -> event_bb_insert is called.

	Instruction: mov    0x10(%rbx)[8byte] -> %rdx
	Instruction: mov    0xfffffe48(%rbp)[8byte] -> %rcx
	Instruction: mov    (%r15)[8byte] -> %rsi
	Instruction: and    %rdx %rcx -> %rcx
	Instruction: add    %rsi %rcx -> %rcx
	Instruction: cmp    0x00000350(%r15)[8byte] %rcx
	Instruction: jbe    $0x00007f43bd9927cf
[ARKADE BB END] handling event_bb is done.




[ARKADE BB START] Basic Block is detected -> event_bb_insert is called.

	Instruction: mov    %rcx -> 0x00000350(%r15)[8byte]
	Instruction: add    0x28(%rbx)[8byte] %rdx -> %rdx
	Instruction: add    %rsi %rdx -> %rdx
	Instruction: cmp    0x00000358(%r15)[8byte] %rdx
	Instruction: jnb    $0x00007f43bd9927e6
[ARKADE BB END] handling event_bb is done.




[ARKADE BB START] Basic Block is detected -> event_bb_insert is called.

	Instruction: mov    %rdx -> 0x00000358(%r15)[8byte]
	Instruction: test   0x04(%rbx)[1byte] $0x01
	Instruction: jz     $0x00007f43bd991e32
[ARKADE BB END] handling event_bb is done.




[ARKADE BB START] Basic Block is detected -> event_bb_insert is called.

	Instruction: add    0x28(%rbx)[8byte] %rdx -> %rdx
	Instruction: add    %rsi %rdx -> %rdx
	Instruction: cmp    0x00000358(%r15)[8byte] %rdx
	Instruction: jnb    $0x00007f43bd9927e6
[ARKADE BB END] handling event_bb is done.




[ARKADE BB START] Basic Block is detected -> event_bb_insert is called.

	Instruction: cmp    0x00000360(%r15)[8byte] %rdx
	Instruction: jnb    $0x00007f43bd991e32
[ARKADE BB END] handling event_bb is done.




[ARKADE BB START] Basic Block is detected -> event_bb_insert is called.

	Instruction: mov    %rdx -> 0x00000360(%r15)[8byte]
	Instruction: add    $0x0000000000000038 %rbx -> %rbx
	Instruction: cmp    %rbx 0xfffffe28(%rbp)[8byte]
	Instruction: jb     $0x00007f43bd991df4
[ARKADE BB END] handling event_bb is done.




[ARKADE BB START] Basic Block is detected -> event_bb_insert is called.

	Instruction: mov    (%r15)[8byte] -> %rdx
	Instruction: add    0x10(%rbx)[8byte] %rdx -> %rdx
	Instruction: add    $0x0000000000000038 %rbx -> %rbx
	Instruction: mov    %rdx -> 0x10(%r15)[8byte]
	Instruction: cmp    %rbx 0xfffffe28(%rbp)[8byte]
	Instruction: jb     $0x00007f43bd991df4
[ARKADE BB END] handling event_bb is done.




[ARKADE BB START] Basic Block is detected -> event_bb_insert is called.

	Instruction: test   0x00000321(%r15)[1byte] $0x07
	Instruction: jnz    $0x00007f43bd991e32
[ARKADE BB END] handling event_bb is done.




[ARKADE BB START] Basic Block is detected -> event_bb_insert is called.

	Instruction: cmp    0x30(%rbx)[8byte] $0x0000000000000008
	Instruction: jnz    $0x00007f43bd991e32
[ARKADE BB END] handling event_bb is done.




[ARKADE BB START] Basic Block is detected -> event_bb_insert is called.

	Instruction: mov    0x28(%rbx)[8byte] -> %rcx
	Instruction: mov    %rcx -> 0xfffffe40(%rbp)[8byte]
	Instruction: cmp    %rcx $0x000000000000000c
	Instruction: jbe    $0x00007f43bd991e32
[ARKADE BB END] handling event_bb is done.




[ARKADE BB START] Basic Block is detected -> event_bb_insert is called.

	Instruction: mov    (%r15)[8byte] -> %rdx
	Instruction: mov    $0x0000000c -> %ecx
	Instruction: add    0x10(%rbx)[8byte] %rdx -> %rdx
	Instruction: xor    %r10d %r10d -> %r10d
	Instruction: sub    %rdx %rcx -> %rcx
	Instruction: xor    %r12d %r12d -> %r12d
	Instruction: mov    %rcx -> 0xfffffe20(%rbp)[8byte]
	Instruction: jmp    $0x00007f43bd992654
[ARKADE BB END] handling event_bb is done.




[ARKADE BB START] Basic Block is detected -> event_bb_insert is called.

	Instruction: mov    (%rdx)[4byte] -> %ecx
	Instruction: mov    %ecx -> 0xfffffe38(%rbp)[4byte]
	Instruction: cmp    %ecx $0x00000004
	Instruction: jnz    $0x00007f43bd992620
[ARKADE BB END] handling event_bb is done.




[ARKADE BB START] Basic Block is detected -> event_bb_insert is called.

	Instruction: cmp    0x08(%rdx)[4byte] $0x00000005
	Instruction: jnz    $0x00007f43bd992620
[ARKADE BB END] handling event_bb is done.




[ARKADE BB START] Basic Block is detected -> event_bb_insert is called.

	Instruction: cmp    0x0c(%rdx)[4byte] $0x00554e47
	Instruction: jnz    $0x00007f43bd992620
[ARKADE BB END] handling event_bb is done.




[ARKADE BB START] Basic Block is detected -> event_bb_insert is called.

	Instruction: movzx  0x00000321(%r15)[1byte] -> %ecx
	Instruction: test   %cl $0x07
	Instruction: jnz    $0x00007f43bd991e32
[ARKADE BB END] handling event_bb is done.




[ARKADE BB START] Basic Block is detected -> event_bb_insert is called.

	Instruction: and    $0xfffffff8 %ecx -> %ecx
	Instruction: or     $0x00000001 %ecx -> %ecx
	Instruction: mov    %cl -> 0x00000321(%r15)[1byte]
	Instruction: mov    0x04(%rdx)[4byte] -> %edi
	Instruction: cmp    %edi $0x00000007
	Instruction: jbe    $0x00007f43bd991e32
[ARKADE BB END] handling event_bb is done.




[ARKADE BB START] Basic Block is detected -> event_bb_insert is called.

	Instruction: test   %dil $0x07
	Instruction: jnz    $0x00007f43bd991e32
[ARKADE BB END] handling event_bb is done.




[ARKADE BB START] Basic Block is detected -> event_bb_insert is called.

	Instruction: lea    0x10(%rdx) -> %rcx
	Instruction: lea    (%rcx,%rdi) -> %rsi
	Instruction: mov    %rsi -> 0xfffffe50(%rbp)[8byte]
	Instruction: jmp    $0x00007f43bd992700
[ARKADE BB END] handling event_bb is done.




[ARKADE BB START] Basic Block is detected -> event_bb_insert is called.

	Instruction: mov    0x04(%rcx)[4byte] -> %r13d
	Instruction: mov    %r12d -> %esi
	Instruction: mov    (%rcx)[4byte] -> %r12d
	Instruction: mov    %r13d -> 0xfffffe30(%rbp)[4byte]
	Instruction: mov    %r13d -> %r8d
	Instruction: cmp    %r12d %esi
	Instruction: jnb    $0x00007f43bd9926b5
[ARKADE BB END] handling event_bb is done.




[ARKADE BB START] Basic Block is detected -> event_bb_insert is called.

	Instruction: lea    0x08(%rcx) -> %r13
	Instruction: mov    %r8d -> %esi
	Instruction: lea    0x00(%r13,%rsi) -> %r8
	Instruction: cmp    0xfffffe50(%rbp)[8byte] %r8
	Instruction: jb     $0x00007f43bd991e32
[ARKADE BB END] handling event_bb is done.




[ARKADE BB START] Basic Block is detected -> event_bb_insert is called.

	Instruction: cmp    %r12d $0xc0000002
	Instruction: jz     $0x00007f43bd99400b
[ARKADE BB END] handling event_bb is done.




[ARKADE BB START] Basic Block is detected -> event_bb_insert is called.

	Instruction: cmp    0xfffffe30(%rbp)[4byte] $0x00000004
	Instruction: jnz    $0x00007f43bd991e32
[ARKADE BB END] handling event_bb is done.




[ARKADE BB START] Basic Block is detected -> event_bb_insert is called.

	Instruction: mov    0x08(%rcx)[4byte] -> %r10d
	Instruction: jmp    $0x00007f43bd992623
[ARKADE BB END] handling event_bb is done.




[ARKADE BB START] Basic Block is detected -> event_bb_insert is called.

	Instruction: mov    0xfffffe38(%rbp)[4byte] -> %ecx
	Instruction: add    $0x0000000000000013 %rcx -> %rcx
	Instruction: and    $0xfffffffffffffff8 %rcx -> %rcx
	Instruction: lea    0x07(%rdi,%rcx) -> %rcx
	Instruction: and    $0xfffffffffffffff8 %rcx -> %rcx
	Instruction: add    %rcx %rdx -> %rdx
	Instruction: mov    0xfffffe20(%rbp)[8byte] -> %rcx
	Instruction: add    %rdx %rcx -> %rcx
	Instruction: cmp    0xfffffe40(%rbp)[8byte] %rcx
	Instruction: jbe    $0x00007f43bd991e12
[ARKADE BB END] handling event_bb is done.




[ARKADE BB START] Basic Block is detected -> event_bb_insert is called.

	Instruction: mov    %r10d -> %edx
	Instruction: and    $0x00000002 %edx -> %edx
	Instruction: and    $0x00000001 %r10d -> %r10d
	Instruction: jz     $0x00007f43bd991e26
[ARKADE BB END] handling event_bb is done.




[ARKADE BB START] Basic Block is detected -> event_bb_insert is called.

	Instruction: or     $0x02 0x00000321(%r15)[1byte] -> 0x00000321(%r15)[1byte]
	Instruction: test   %edx %edx
	Instruction: jz     $0x00007f43bd991e32
[ARKADE BB END] handling event_bb is done.




[ARKADE BB START] Basic Block is detected -> event_bb_insert is called.

	Instruction: or     $0x04 0x00000321(%r15)[1byte] -> 0x00000321(%r15)[1byte]
	Instruction: add    $0x0000000000000038 %rbx -> %rbx
	Instruction: cmp    %rbx 0xfffffe28(%rbp)[8byte]
	Instruction: jb     $0x00007f43bd991df4
[ARKADE BB END] handling event_bb is done.




[ARKADE BB START] Basic Block is detected -> event_bb_insert is called.

	Instruction: cmp    %edx $0x6474e551
	Instruction: jz     $0x00007f43bd992df2
[ARKADE BB END] handling event_bb is done.




[ARKADE BB START] Basic Block is detected -> event_bb_insert is called.

	Instruction: cmp    %edx $0x6474e552
	Instruction: jnz    $0x00007f43bd991e32
[ARKADE BB END] handling event_bb is done.




[ARKADE BB START] Basic Block is detected -> event_bb_insert is called.

	Instruction: mov    0x04(%rbx)[4byte] -> %edx
	Instruction: add    $0x0000000000000038 %rbx -> %rbx
	Instruction: mov    %edx -> <rel> 0x00007f43bd9bdf98[4byte]
	Instruction: cmp    %rbx 0xfffffe28(%rbp)[8byte]
	Instruction: jb     $0x00007f43bd991df4
[ARKADE BB END] handling event_bb is done.




[ARKADE BB START] Basic Block is detected -> event_bb_insert is called.

	Instruction: movdqu 0x10(%rbx)[16byte] -> %xmm0
	Instruction: movdqu 0x20(%rbx)[16byte] -> %xmm3
	Instruction: add    $0x0000000000000038 %rbx -> %rbx
	Instruction: shufpd %xmm3 $0x02 %xmm0 -> %xmm0
	Instruction: movups %xmm0 -> 0x00000468(%r15)[16byte]
	Instruction: cmp    %rbx 0xfffffe28(%rbp)[8byte]
	Instruction: jb     $0x00007f43bd991df4
[ARKADE BB END] handling event_bb is done.




[ARKADE BB START] Basic Block is detected -> event_bb_insert is called.

	Instruction: jmp    $0x00007f43bd991e3f
[ARKADE BB END] handling event_bb is done.




[ARKADE BB START] Basic Block is detected -> event_bb_insert is called.

	Instruction: mov    0x00000428(%r15)[8byte] -> %rax
	Instruction: mov    %r14d -> %r13d
	Instruction: mov    0x00000358(%r15)[8byte] -> %rcx
	Instruction: mov    0xfffffe18(%rbp)[8byte] -> %r14
	Instruction: mov    0x00000360(%r15)[8byte] -> %rdx
	Instruction: test   %rax %rax
	Instruction: jz     $0x00007f43bd991e6d
[ARKADE BB END] handling event_bb is done.




[ARKADE BB START] Basic Block is detected -> event_bb_insert is called.

	Instruction: test   %rcx %rcx
	Instruction: jnz    $0x00007f43bd991e7d
[ARKADE BB END] handling event_bb is done.




[ARKADE BB START] Basic Block is detected -> event_bb_insert is called.

	Instruction: test   %rdx %rdx
	Instruction: jz     $0x00007f43bd992d91
[ARKADE BB END] handling event_bb is done.




[ARKADE BB START] Basic Block is detected -> event_bb_insert is called.

	Instruction: mov    <rel> 0x00007f43bd9bda20[8byte] -> %rbx
	Instruction: test   %rbx %rbx
	Instruction: jz     $0x00007f43bd992dac
[ARKADE BB END] handling event_bb is done.




[ARKADE BB START] Basic Block is detected -> event_bb_insert is called.

	Instruction: mov    <rel> 0x00007f43bd9bda98[8byte] -> %rax
	Instruction: test   %rax %rax
	Instruction: jz     $0x00007f43bd991ef2
[ARKADE BB END] handling event_bb is done.




[ARKADE BB START] Basic Block is detected -> event_bb_insert is called.

	Instruction: mov    0x08(%rax)[8byte] -> %r12
	Instruction: mov    <rel> 0x00007f43bd9bda50[8byte] -> %rax
	Instruction: mov    (%rbx)[8byte] -> %rdi
	Instruction: add    0x08(%rax)[8byte] %r12 -> %r12
	Instruction: mov    %r12 -> %rsi
	Instruction: call   $0x00007f43bd9ae600 %rsp -> %rsp 0xfffffff8(%rsp)[8byte]
[ARKADE BB END] handling event_bb is done.




[ARKADE BB START] Basic Block is detected -> event_bb_insert is called.

	Instruction: nop    %edx
	Instruction: mov    %esi -> %ecx
	Instruction: mov    %edi -> %eax
	Instruction: and    $0x000000000000003f %rcx -> %rcx
	Instruction: and    $0x000000000000003f %rax -> %rax
	Instruction: cmp    %ecx $0x00000030
	Instruction: jnbe   $0x00007f43bd9ae660
[ARKADE BB END] handling event_bb is done.




[ARKADE BB START] Basic Block is detected -> event_bb_insert is called.

	Instruction: cmp    %eax $0x00000030
	Instruction: jnbe   $0x00007f43bd9ae660
[ARKADE BB END] handling event_bb is done.




[ARKADE BB START] Basic Block is detected -> event_bb_insert is called.

	Instruction: movlpd (%rdi)[8byte] -> %xmm1[8byte]
	Instruction: movlpd (%rsi)[8byte] -> %xmm2[8byte]
	Instruction: movhpd 0x08(%rdi)[8byte] -> %xmm1[8byte]
	Instruction: movhpd 0x08(%rsi)[8byte] -> %xmm2[8byte]
	Instruction: pxor   %xmm0 %xmm0 -> %xmm0
	Instruction: pcmpeqb %xmm1 %xmm0 -> %xmm0
	Instruction: pcmpeqb %xmm2 %xmm1 -> %xmm1
	Instruction: psubb  %xmm0 %xmm1 -> %xmm1
	Instruction: pmovmskb %xmm1 -> %edx
	Instruction: sub    $0x0000ffff %edx -> %edx
	Instruction: jnz    $0x00007f43bd9afa20
[ARKADE BB END] handling event_bb is done.




[ARKADE BB START] Basic Block is detected -> event_bb_insert is called.

	Instruction: bsf    %rdx -> %rdx
	Instruction: movzx  (%rsi,%rdx)[1byte] -> %ecx
	Instruction: movzx  (%rdi,%rdx)[1byte] -> %eax
	Instruction: sub    %ecx %eax -> %eax
	Instruction: ret    %rsp (%rsp)[8byte] -> %rsp
[ARKADE BB END] handling event_bb is done.




[ARKADE BB START] Basic Block is detected -> event_bb_insert is called.

	Instruction: test   %eax %eax
	Instruction: jz     $0x00007f43bd991ef2
[ARKADE BB END] handling event_bb is done.




[ARKADE BB START] Basic Block is detected -> event_bb_insert is called.

	Instruction: mov    $0x0000000000000000 -> <rel> 0x00007f43bd9be008[8byte]
	Instruction: cmp    0x08(%rbx)[8byte] $0x0000000000000000
	Instruction: mov    %r12 -> <rel> 0x00007f43bd9be000[8byte]
	Instruction: mov    $0x00000001 -> <rel> 0x00007f43bd9be010[4byte]
	Instruction: jnz    $0x00007f43bd994021
[ARKADE BB END] handling event_bb is done.




[ARKADE BB START] Basic Block is detected -> event_bb_insert is called.

	Instruction: lea    <rel> 0x00007f43bd9be000 -> %rax
	Instruction: mov    %rax -> 0x08(%rbx)[8byte]
	Instruction: test   <rel> 0x00007f43bd9bdd04[1byte] $0x04
	Instruction: jz     $0x00007f43bd994040
[ARKADE BB END] handling event_bb is done.




[ARKADE BB START] Basic Block is detected -> event_bb_insert is called.

	Instruction: cmp    0xfffffe60(%rbp)[1byte] $0x00
	Instruction: jnz    $0x00007f43bd9920c1
[ARKADE BB END] handling event_bb is done.




[ARKADE BB START] Basic Block is detected -> event_bb_insert is called.

	Instruction: mov    0x10(%r15)[8byte] -> %rdx
	Instruction: test   %rdx %rdx
	Instruction: jz     $0x00007f43bd9920b9
[ARKADE BB END] handling event_bb is done.




[ARKADE BB START] Basic Block is detected -> event_bb_insert is called.

	Instruction: mov    (%rdx)[8byte] -> %rax
	Instruction: lea    0x40(%r15) -> %rcx
	Instruction: test   %rax %rax
	Instruction: jz     $0x00007f43bd991f88
[ARKADE BB END] handling event_bb is done.




[ARKADE BB START] Basic Block is detected -> event_bb_insert is called.

	Instruction: mov    $0x6fffffff -> %r10d
	Instruction: mov    $0x6ffffdff -> %r9d
	Instruction: mov    $0x6fffff41 -> %ebx
	Instruction: mov    $0x6ffffeff -> %r8d
	Instruction: mov    $0x6ffffe35 -> %r12d
	Instruction: mov    $0x70000022 -> %r11d
	Instruction: jmp    $0x00007f43bd991f71
[ARKADE BB END] handling event_bb is done.




[ARKADE BB START] Basic Block is detected -> event_bb_insert is called.

	Instruction: cmp    %rax $0x0000000000000022
	Instruction: jnbe   $0x00007f43bd991f4a
[ARKADE BB END] handling event_bb is done.




[ARKADE BB START] Basic Block is detected -> event_bb_insert is called.

	Instruction: mov    %rdx -> (%rcx,%rax,8)[8byte]
	Instruction: mov    0x10(%rdx)[8byte] -> %rax
	Instruction: add    $0x0000000000000010 %rdx -> %rdx
	Instruction: test   %rax %rax
	Instruction: jnz    $0x00007f43bd991f71
[ARKADE BB END] handling event_bb is done.




[ARKADE BB START] Basic Block is detected -> event_bb_insert is called.

	Instruction: mov    %r10 -> %rsi
	Instruction: sub    %rax %rsi -> %rsi
	Instruction: cmp    %rsi $0x000000000000000f
	Instruction: jnbe   $0x00007f43bd992dd6
[ARKADE BB END] handling event_bb is done.




[ARKADE BB START] Basic Block is detected -> event_bb_insert is called.

	Instruction: lea    (%rax,%rax) -> %esi
	Instruction: mov    %esi -> %edi
	Instruction: sar    $0x00000001 %edi -> %edi
	Instruction: cmp    %esi $0xfffffff8
	Instruction: jbe    $0x00007f43bd992e11
[ARKADE BB END] handling event_bb is done.




[ARKADE BB START] Basic Block is detected -> event_bb_insert is called.

	Instruction: mov    %r9 -> %rsi
	Instruction: sub    %rax %rsi -> %rsi
	Instruction: cmp    %rsi $0x000000000000000b
	Instruction: jbe    $0x00007f43bd993bd2
[ARKADE BB END] handling event_bb is done.




[ARKADE BB START] Basic Block is detected -> event_bb_insert is called.

	Instruction: mov    %r8 -> %rsi
	Instruction: sub    %rax %rsi -> %rsi
	Instruction: cmp    %rsi $0x000000000000000a
	Instruction: jnbe   $0x00007f43bd991f64
[ARKADE BB END] handling event_bb is done.




[ARKADE BB START] Basic Block is detected -> event_bb_insert is called.

	Instruction: mov    %rbx -> %rsi
	Instruction: sub    %rax %rsi -> %rsi
	Instruction: mov    %rsi -> %rax
	Instruction: jmp    $0x00007f43bd991f77
[ARKADE BB END] handling event_bb is done.




[ARKADE BB START] Basic Block is detected -> event_bb_insert is called.

	Instruction: mov    %r11 -> %rsi
	Instruction: sub    %rax %rsi -> %rsi
	Instruction: mov    %rdx -> (%rcx,%rsi,8)[8byte]
	Instruction: mov    0x10(%rdx)[8byte] -> %rax
	Instruction: add    $0x0000000000000010 %rdx -> %rdx
	Instruction: test   %rax %rax
	Instruction: jz     $0x00007f43bd991f88
[ARKADE BB END] handling event_bb is done.




[ARKADE BB START] Basic Block is detected -> event_bb_insert is called.

	Instruction: mov    (%r15)[8byte] -> %rax
	Instruction: test   %rax %rax
	Instruction: jz     $0x00007f43bd992001
[ARKADE BB END] handling event_bb is done.




[ARKADE BB START] Basic Block is detected -> event_bb_insert is called.

	Instruction: mov    0x60(%r15)[8byte] -> %rdx
	Instruction: test   %rdx %rdx
	Instruction: jz     $0x00007f43bd991f9d
[ARKADE BB END] handling event_bb is done.




[ARKADE BB START] Basic Block is detected -> event_bb_insert is called.

	Instruction: mov    0x58(%r15)[8byte] -> %rdx
	Instruction: test   %rdx %rdx
	Instruction: jz     $0x00007f43bd991faa
[ARKADE BB END] handling event_bb is done.




[ARKADE BB START] Basic Block is detected -> event_bb_insert is called.

	Instruction: add    %rax 0x08(%rdx)[8byte] -> 0x08(%rdx)[8byte]
	Instruction: mov    0x68(%r15)[8byte] -> %rdx
	Instruction: test   %rdx %rdx
	Instruction: jz     $0x00007f43bd991fb7
[ARKADE BB END] handling event_bb is done.




[ARKADE BB START] Basic Block is detected -> event_bb_insert is called.

	Instruction: add    %rax 0x08(%rdx)[8byte] -> 0x08(%rdx)[8byte]
	Instruction: mov    0x70(%r15)[8byte] -> %rdx
	Instruction: test   %rdx %rdx
	Instruction: jz     $0x00007f43bd991fc4
[ARKADE BB END] handling event_bb is done.




[ARKADE BB START] Basic Block is detected -> event_bb_insert is called.

	Instruction: add    %rax 0x08(%rdx)[8byte] -> 0x08(%rdx)[8byte]
	Instruction: mov    0x78(%r15)[8byte] -> %rdx
	Instruction: test   %rdx %rdx
	Instruction: jz     $0x00007f43bd991fd1
[ARKADE BB END] handling event_bb is done.




[ARKADE BB START] Basic Block is detected -> event_bb_insert is called.

	Instruction: add    %rax 0x08(%rdx)[8byte] -> 0x08(%rdx)[8byte]
	Instruction: mov    0xf8(%r15)[8byte] -> %rdx
	Instruction: test   %rdx %rdx
	Instruction: jz     $0x00007f43bd991fe1
[ARKADE BB END] handling event_bb is done.




[ARKADE BB START] Basic Block is detected -> event_bb_insert is called.

	Instruction: add    %rax 0x08(%rdx)[8byte] -> 0x08(%rdx)[8byte]
	Instruction: mov    0x000001d0(%r15)[8byte] -> %rdx
	Instruction: test   %rdx %rdx
	Instruction: jz     $0x00007f43bd991ff1
[ARKADE BB END] handling event_bb is done.




[ARKADE BB START] Basic Block is detected -> event_bb_insert is called.

	Instruction: add    %rax 0x08(%rdx)[8byte] -> 0x08(%rdx)[8byte]
	Instruction: mov    0x000002a0(%r15)[8byte] -> %rdx
	Instruction: test   %rdx %rdx
	Instruction: jz     $0x00007f43bd992001
[ARKADE BB END] handling event_bb is done.




[ARKADE BB START] Basic Block is detected -> event_bb_insert is called.

	Instruction: add    %rax 0x08(%rdx)[8byte] -> 0x08(%rdx)[8byte]
	Instruction: mov    0xe0(%r15)[8byte] -> %rax
	Instruction: test   %rax %rax
	Instruction: jz     $0x00007f43bd992018
[ARKADE BB END] handling event_bb is done.




[ARKADE BB START] Basic Block is detected -> event_bb_insert is called.

	Instruction: cmp    0x08(%rax)[8byte] $0x0000000000000007
	Instruction: jnz    $0x00007f43bd993f29
[ARKADE BB END] handling event_bb is done.




[ARKADE BB START] Basic Block is detected -> event_bb_insert is called.

	Instruction: cmp    0x78(%r15)[8byte] $0x0000000000000000
	Instruction: jz     $0x00007f43bd992031
[ARKADE BB END] handling event_bb is done.




[ARKADE BB START] Basic Block is detected -> event_bb_insert is called.

	Instruction: mov    0x88(%r15)[8byte] -> %rax
	Instruction: cmp    0x08(%rax)[8byte] $0x0000000000000018
	Instruction: jnz    $0x00007f43bd993eaa
[ARKADE BB END] handling event_bb is done.




[ARKADE BB START] Basic Block is detected -> event_bb_insert is called.

	Instruction: mov    0x00000130(%r15)[8byte] -> %rax
	Instruction: test   %rax %rax
	Instruction: jz     $0x00007f43bd992069
[ARKADE BB END] handling event_bb is done.




[ARKADE BB START] Basic Block is detected -> event_bb_insert is called.

	Instruction: mov    0x08(%rax)[8byte] -> %rdx
	Instruction: mov    %edx -> 0x000003e8(%r15)[4byte]
	Instruction: test   %dl $0x02
	Instruction: jz     $0x00007f43bd992054
[ARKADE BB END] handling event_bb is done.




[ARKADE BB START] Basic Block is detected -> event_bb_insert is called.

	Instruction: test   %dl $0x04
	Instruction: jz     $0x00007f43bd992060
[ARKADE BB END] handling event_bb is done.




[ARKADE BB START] Basic Block is detected -> event_bb_insert is called.

	Instruction: and    $0x00000008 %edx -> %edx
	Instruction: jnz    $0x00007f43bd9931f2
[ARKADE BB END] handling event_bb is done.




[ARKADE BB START] Basic Block is detected -> event_bb_insert is called.

	Instruction: mov    %rax -> 0x00000100(%r15)[8byte]
	Instruction: jmp    $0x00007f43bd992069
[ARKADE BB END] handling event_bb is done.




[ARKADE BB START] Basic Block is detected -> event_bb_insert is called.

	Instruction: mov    0x00000178(%r15)[8byte] -> %rax
	Instruction: test   %rax %rax
	Instruction: jz     $0x00007f43bd9920a4
[ARKADE BB END] handling event_bb is done.




[ARKADE BB START] Basic Block is detected -> event_bb_insert is called.

	Instruction: mov    0x08(%rax)[8byte] -> %rax
	Instruction: mov    %eax -> 0x000003e4(%r15)[4byte]
	Instruction: mov    %eax -> %edx
	Instruction: test   %al $0x08
	Instruction: jz     $0x00007f43bd99208e
[ARKADE BB END] handling event_bb is done.




[ARKADE BB START] Basic Block is detected -> event_bb_insert is called.

	Instruction: test   <rel> 0x00007f43bd9bc620[1byte] $0x40
	Instruction: jnz    $0x00007f43bd994090
[ARKADE BB END] handling event_bb is done.




[ARKADE BB START] Basic Block is detected -> event_bb_insert is called.

	Instruction: and    $0x00000001 %edx -> %edx
	Instruction: jnz    $0x00007f43bd9931df
[ARKADE BB END] handling event_bb is done.




[ARKADE BB START] Basic Block is detected -> event_bb_insert is called.

	Instruction: mov    0x00000178(%r15)[8byte] -> %rax
	Instruction: mov    %rax -> 0x00000100(%r15)[8byte]
	Instruction: jmp    $0x00007f43bd9920a4
[ARKADE BB END] handling event_bb is done.




[ARKADE BB START] Basic Block is detected -> event_bb_insert is called.

	Instruction: cmp    0x00000128(%r15)[8byte] $0x0000000000000000
	Instruction: jz     $0x00007f43bd9920b9
[ARKADE BB END] handling event_bb is done.




[ARKADE BB START] Basic Block is detected -> event_bb_insert is called.

	Instruction: mov    %r15 -> %rdi
	Instruction: call   $0x00007f43bd99c0b0 %rsp -> %rsp 0xfffffff8(%rsp)[8byte]
[ARKADE BB END] handling event_bb is done.




[ARKADE BB START] Basic Block is detected -> event_bb_insert is called.

	Instruction: cmp    0xfffffe68(%rbp)[4byte] $0x00000002
	Instruction: jz     $0x00007f43bd9937f1
[ARKADE BB END] handling event_bb is done.




[ARKADE BB START] Basic Block is detected -> event_bb_insert is called.

	Instruction: cmp    <rel> 0x00007f43bd9bc7b0[8byte] $0x0000000000000000
	Instruction: jz     $0x00007f43bd9928f1
[ARKADE BB END] handling event_bb is done.




[ARKADE BB START] Basic Block is detected -> event_bb_insert is called.

	Instruction: lea    <rel> 0x00007f43bd9b4342 -> %rsi
	Instruction: xor    %r9d %r9d -> %r9d
	Instruction: xor    %r8d %r8d -> %r8d
	Instruction: xor    %ecx %ecx -> %ecx
	Instruction: mov    $0x00000001 -> %edx
	Instruction: mov    %rsi -> %rdi
	Instruction: call   $0x00007f43bd99c210 %rsp -> %rsp 0xfffffff8(%rsp)[8byte]
[ARKADE BB END] handling event_bb is done.




[ARKADE BB START] Basic Block is detected -> event_bb_insert is called.

	Instruction: mov    <rel> 0x00007f43bd9bc830[4byte] -> %r15d
	Instruction: mov    %rsi -> %rdi
	Instruction: mov    %rsi -> %rbp
	Instruction: call   $0x00007f43bd9b1e20 %rsp -> %rsp 0xfffffff8(%rsp)[8byte]
[ARKADE BB END] handling event_bb is done.




[ARKADE BB START] Basic Block is detected -> event_bb_insert is called.

	Instruction: mov    %r15d -> %edx
	Instruction: mov    %rax -> %r13
	Instruction: lea    0x01(%rax) -> %r11
	Instruction: shl    $0x0000000000000004 %rdx -> %rdx
	Instruction: lea    0x000004a1(%rdx,%rax) -> %rdi
	Instruction: mov    $0x00000001 -> %esi
	Instruction: mov    %r11 -> 0x20(%rsp)[8byte]
	Instruction: mov    %rdx -> 0x18(%rsp)[8byte]
	Instruction: call   $0x00007f43bd9900c0 %rsp -> %rsp 0xfffffff8(%rsp)[8byte]
[ARKADE BB END] handling event_bb is done.
[ARKADE MALLOC CALLED] Malloc (Nonuser Code) (size: 1185)
[ARKADE MALLOC CALLED] Module start: 0x00007f43bd98f000
[ARKADE MALLOC CALLED] Module end: 0x00007f43bd9bf000
[ARKADE MALLOC CALLED] Module full path: /lib/x86_64-linux-gnu/ld-2.31.so
[ARKADE MALLOC CALLED] Caller (Nonuser Code): _dl_new_object (/build/glibc-FcRMwW/glibc-2.31/elf/dl-object.c:89)
[ARKADE MALLOC RETURN] Malloc (Nonuser Code) return base address: 0x00007f43bd9be740, Size: 1185, Active: true




[ARKADE BB START] Basic Block is detected -> event_bb_insert is called.

	Instruction: test   %sil %sil
	Instruction: jnz    $0x00007f43bd99c2f3
[ARKADE BB END] handling event_bb is done.




[ARKADE BB START] Basic Block is detected -> event_bb_insert is called.

	Instruction: lea    0x000002c0(%rax) -> %rdx
	Instruction: mov    %rdx -> 0x00000368(%r14)[8byte]
	Instruction: test   %r12 %r12
	Instruction: jz     $0x00007f43bd99c510
[ARKADE BB END] handling event_bb is done.




[ARKADE BB START] Basic Block is detected -> event_bb_insert is called.

	Instruction: mov    %r14 -> %rax
	Instruction: add    $0x00000000000002c0 %rax -> %rax
	Instruction: cmp    %rax %rdx
	Instruction: jz     $0x00007f43bd99c3e1
[ARKADE BB END] handling event_bb is done.




[ARKADE BB START] Basic Block is detected -> event_bb_insert is called.

	Instruction: test   0x2c(%rsp)[1byte] $0x08
	Instruction: jz     $0x00007f43bd99c5a0
[ARKADE BB END] handling event_bb is done.




[ARKADE BB START] Basic Block is detected -> event_bb_insert is called.

	Instruction: lea    0x00000370(%r14) -> %rdi
	Instruction: jmp    $0x00007f43bd99c3de
[ARKADE BB END] handling event_bb is done.




[ARKADE BB START] Basic Block is detected -> event_bb_insert is called.

	Instruction: mov    %rax -> (%rdi)[8byte]
	Instruction: lea    0x000002c0(%r14) -> %rax
	Instruction: test   %sil %sil
	Instruction: mov    %sil -> 0x28(%rsp)[1byte]
	Instruction: mov    %rax -> 0x00000398(%r14)[8byte]
	Instruction: jz     $0x00007f43bd99c4e5
[ARKADE BB END] handling event_bb is done.




[ARKADE BB START] Basic Block is detected -> event_bb_insert is called.

	Instruction: mov    %rax -> %r13
	Instruction: test   %rax %rax
	Instruction: jz     $0x00007f43bd9928f1
[ARKADE BB END] handling event_bb is done.




[ARKADE BB START] Basic Block is detected -> event_bb_insert is called.

	Instruction: mov    <rel> 0x00007f43bd9bc7b0[8byte] -> %rax
	Instruction: xor    %edi %edi -> %edi
	Instruction: mov    0x20(%rax)[8byte] -> %rdx
	Instruction: movzx  0x38(%rax)[2byte] -> %esi
	Instruction: add    %rax %rdx -> %rdx
	Instruction: data16 mov    %si -> 0x000002b8(%r13)[2byte]
	Instruction: mov    %rdx -> 0x000002a8(%r13)[8byte]
	Instruction: test   %rsi %rsi
	Instruction: jnz    $0x00007f43bd99214f
[ARKADE BB END] handling event_bb is done.




[ARKADE BB START] Basic Block is detected -> event_bb_insert is called.

	Instruction: mov    (%rdx)[4byte] -> %ecx
	Instruction: cmp    %ecx $0x00000002
	Instruction: jnz    $0x00007f43bd992130
[ARKADE BB END] handling event_bb is done.




[ARKADE BB START] Basic Block is detected -> event_bb_insert is called.

	Instruction: cmp    %ecx $0x00000001
	Instruction: jz     $0x00007f43bd992888
[ARKADE BB END] handling event_bb is done.




[ARKADE BB START] Basic Block is detected -> event_bb_insert is called.

	Instruction: cmp    0x00(%r13)[8byte] $0x0000000000000000
	Instruction: mov    0x10(%rdx)[8byte] -> %rcx
	Instruction: jnz    $0x00007f43bd992897
[ARKADE BB END] handling event_bb is done.




[ARKADE BB START] Basic Block is detected -> event_bb_insert is called.

	Instruction: mov    %rcx -> 0x00(%r13)[8byte]
	Instruction: add    0x28(%rdx)[8byte] %rcx -> %rcx
	Instruction: cmp    %rcx 0x00000358(%r13)[8byte]
	Instruction: jb     $0x00007f43bd9928ab
[ARKADE BB END] handling event_bb is done.




[ARKADE BB START] Basic Block is detected -> event_bb_insert is called.

	Instruction: mov    %rcx -> 0x00000358(%r13)[8byte]
	Instruction: test   0x04(%rdx)[1byte] $0x01
	Instruction: jz     $0x00007f43bd992142
[ARKADE BB END] handling event_bb is done.




[ARKADE BB START] Basic Block is detected -> event_bb_insert is called.

	Instruction: cmp    %rcx 0x00000360(%r13)[8byte]
	Instruction: jb     $0x00007f43bd992142
[ARKADE BB END] handling event_bb is done.




[ARKADE BB START] Basic Block is detected -> event_bb_insert is called.

	Instruction: mov    %rcx -> 0x00000360(%r13)[8byte]
	Instruction: jmp    $0x00007f43bd992142
[ARKADE BB END] handling event_bb is done.




[ARKADE BB START] Basic Block is detected -> event_bb_insert is called.

	Instruction: add    $0x0000000000000001 %rdi -> %rdi
	Instruction: add    $0x0000000000000038 %rdx -> %rdx
	Instruction: cmp    %rdi %rsi
	Instruction: jz     $0x00007f43bd99217b
[ARKADE BB END] handling event_bb is done.




[ARKADE BB START] Basic Block is detected -> event_bb_insert is called.

	Instruction: mov    0x10(%rdx)[8byte] -> %rcx
	Instruction: add    $0x0000000000000001 %rdi -> %rdi
	Instruction: add    $0x0000000000000038 %rdx -> %rdx
	Instruction: mov    %rcx -> 0x10(%r13)[8byte]
	Instruction: mov    0xfffffff0(%rdx)[8byte] -> %rcx
	Instruction: shr    $0x0000000000000004 %rcx -> %rcx
	Instruction: data16 mov    %cx -> 0x000002ba(%r13)[2byte]
	Instruction: cmp    %rdi %rsi
	Instruction: jnz    $0x00007f43bd99214f
[ARKADE BB END] handling event_bb is done.




[ARKADE BB START] Basic Block is detected -> event_bb_insert is called.

	Instruction: cmp    %ecx $0x00000007
	Instruction: jz     $0x00007f43bd99406f
[ARKADE BB END] handling event_bb is done.




[ARKADE BB START] Basic Block is detected -> event_bb_insert is called.

	Instruction: mov    %rax -> 0x00000350(%r13)[8byte]
	Instruction: sub    0x00(%r13)[8byte] %rax -> %rax
	Instruction: mov    %rax -> %rcx
	Instruction: add    %rax 0x00000358(%r13)[8byte] -> 0x00000358(%r13)[8byte]
	Instruction: add    %rax 0x00000360(%r13)[8byte] -> 0x00000360(%r13)[8byte]
	Instruction: add    0x10(%r13)[8byte] %rcx -> %rcx
	Instruction: mov    %rax -> 0x00(%r13)[8byte]
	Instruction: mov    %rcx -> 0x10(%r13)[8byte]
	Instruction: jz     $0x00007f43bd99248a
[ARKADE BB END] handling event_bb is done.




[ARKADE BB START] Basic Block is detected -> event_bb_insert is called.

	Instruction: mov    (%rcx)[8byte] -> %rdx
	Instruction: lea    0x40(%r13) -> %rsi
	Instruction: test   %rdx %rdx
	Instruction: jz     $0x00007f43bd992212
[ARKADE BB END] handling event_bb is done.




[ARKADE BB START] Basic Block is detected -> event_bb_insert is called.

	Instruction: mov    $0x6fffffff -> %r10d
	Instruction: mov    $0x6ffffdff -> %r9d
	Instruction: mov    $0x6ffffeff -> %ebx
	Instruction: mov    $0x6fffff41 -> %r12d
	Instruction: mov    $0x70000022 -> %r11d
	Instruction: jmp    $0x00007f43bd9921fb
[ARKADE BB END] handling event_bb is done.




[ARKADE BB START] Basic Block is detected -> event_bb_insert is called.

	Instruction: cmp    %rdx $0x0000000000000022
	Instruction: jnbe   $0x00007f43bd9921d4
[ARKADE BB END] handling event_bb is done.




[ARKADE BB START] Basic Block is detected -> event_bb_insert is called.

	Instruction: mov    %rcx -> (%rsi,%rdx,8)[8byte]
	Instruction: mov    0x10(%rcx)[8byte] -> %rdx
	Instruction: add    $0x0000000000000010 %rcx -> %rcx
	Instruction: test   %rdx %rdx
	Instruction: jnz    $0x00007f43bd9921fb
[ARKADE BB END] handling event_bb is done.




[ARKADE BB START] Basic Block is detected -> event_bb_insert is called.

	Instruction: mov    %r10 -> %rdi
	Instruction: sub    %rdx %rdi -> %rdi
	Instruction: cmp    %rdi $0x000000000000000f
	Instruction: jnbe   $0x00007f43bd9928ce
[ARKADE BB END] handling event_bb is done.




[ARKADE BB START] Basic Block is detected -> event_bb_insert is called.

	Instruction: lea    (%rdx,%rdx) -> %edi
	Instruction: mov    %edi -> %r8d
	Instruction: sar    $0x00000001 %r8d -> %r8d
	Instruction: cmp    %edi $0xfffffff8
	Instruction: jbe    $0x00007f43bd992d3b
[ARKADE BB END] handling event_bb is done.




[ARKADE BB START] Basic Block is detected -> event_bb_insert is called.

	Instruction: mov    %r9 -> %rdi
	Instruction: sub    %rdx %rdi -> %rdi
	Instruction: cmp    %rdi $0x000000000000000b
	Instruction: jbe    $0x00007f43bd993b17
[ARKADE BB END] handling event_bb is done.




[ARKADE BB START] Basic Block is detected -> event_bb_insert is called.

	Instruction: mov    %rbx -> %rdi
	Instruction: sub    %rdx %rdi -> %rdi
	Instruction: cmp    %rdi $0x000000000000000a
	Instruction: jnbe   $0x00007f43bd9921ee
[ARKADE BB END] handling event_bb is done.




[ARKADE BB START] Basic Block is detected -> event_bb_insert is called.

	Instruction: mov    %r12 -> %rdi
	Instruction: sub    %rdx %rdi -> %rdi
	Instruction: mov    %rdi -> %rdx
	Instruction: jmp    $0x00007f43bd992201
[ARKADE BB END] handling event_bb is done.




[ARKADE BB START] Basic Block is detected -> event_bb_insert is called.

	Instruction: mov    %r11 -> %rdi
	Instruction: sub    %rdx %rdi -> %rdi
	Instruction: mov    %rcx -> (%rsi,%rdi,8)[8byte]
	Instruction: mov    0x10(%rcx)[8byte] -> %rdx
	Instruction: add    $0x0000000000000010 %rcx -> %rcx
	Instruction: test   %rdx %rdx
	Instruction: jz     $0x00007f43bd992212
[ARKADE BB END] handling event_bb is done.




[ARKADE BB START] Basic Block is detected -> event_bb_insert is called.

	Instruction: test   %rax %rax
	Instruction: jz     $0x00007f43bd9923d6
[ARKADE BB END] handling event_bb is done.




[ARKADE BB START] Basic Block is detected -> event_bb_insert is called.

	Instruction: mov    0x60(%r13)[8byte] -> %rdx
	Instruction: test   %rdx %rdx
	Instruction: jz     $0x00007f43bd9937ca
[ARKADE BB END] handling event_bb is done.




[ARKADE BB START] Basic Block is detected -> event_bb_insert is called.

	Instruction: mov    (%rdx)[8byte] -> %rcx
	Instruction: mov    $0x00000070 -> %ebx
	Instruction: mov    $0x00000040 -> %edi
	Instruction: mov    $0x00000060 -> %r10d
	Instruction: mov    $0x00000050 -> %r8d
	Instruction: mov    $0x00000030 -> %esi
	Instruction: mov    %rcx -> <rel> 0x00007f43bd9bc560[8byte]
	Instruction: mov    0x08(%rdx)[8byte] -> %rcx
	Instruction: mov    $0x00000010 -> %edx
	Instruction: add    %rax %rcx -> %rcx
	Instruction: mov    %rcx -> <rel> 0x00007f43bd9bc568[8byte]
	Instruction: lea    <rel> 0x00007f43bd9bc560 -> %rcx
	Instruction: mov    %rcx -> 0x60(%r13)[8byte]
	Instruction: mov    $0x00000020 -> %ecx
	Instruction: mov    0x58(%r13)[8byte] -> %r11
	Instruction: test   %r11 %r11
	Instruction: jz     $0x00007f43bd9922aa
[ARKADE BB END] handling event_bb is done.




[ARKADE BB START] Basic Block is detected -> event_bb_insert is called.

	Instruction: mov    0x68(%r13)[8byte] -> %r9
	Instruction: test   %r9 %r9
	Instruction: jz     $0x00007f43bd9922e1
[ARKADE BB END] handling event_bb is done.




[ARKADE BB START] Basic Block is detected -> event_bb_insert is called.

	Instruction: mov    0x08(%r9)[8byte] -> %rbx
	Instruction: lea    <rel> 0x00007f43bd9bc560 -> %r11
	Instruction: add    %r11 %rdx -> %rdx
	Instruction: mov    (%r9)[8byte] -> %r11
	Instruction: add    %rax %rbx -> %rbx
	Instruction: mov    %r11 -> (%rdx)[8byte]
	Instruction: mov    %rbx -> 0x08(%rdx)[8byte]
	Instruction: mov    %rdx -> 0x68(%r13)[8byte]
	Instruction: mov    %rcx -> %rdx
	Instruction: mov    %rsi -> %rcx
	Instruction: mov    %rdi -> %rsi
	Instruction: mov    %r8 -> %rdi
	Instruction: mov    %r10 -> %r8
	Instruction: mov    0x70(%r13)[8byte] -> %r10
	Instruction: test   %r10 %r10
	Instruction: jz     $0x00007f43bd992315
[ARKADE BB END] handling event_bb is done.




[ARKADE BB START] Basic Block is detected -> event_bb_insert is called.

	Instruction: lea    <rel> 0x00007f43bd9bc560 -> %r9
	Instruction: add    %r9 %rdx -> %rdx
	Instruction: mov    (%r10)[8byte] -> %r9
	Instruction: mov    %r9 -> (%rdx)[8byte]
	Instruction: mov    0x08(%r10)[8byte] -> %r9
	Instruction: add    %rax %r9 -> %r9
	Instruction: mov    %r9 -> 0x08(%rdx)[8byte]
	Instruction: mov    %rdx -> 0x70(%r13)[8byte]
	Instruction: mov    %rcx -> %rdx
	Instruction: mov    %rsi -> %rcx
	Instruction: mov    %rdi -> %rsi
	Instruction: mov    %r8 -> %rdi
	Instruction: mov    0x78(%r13)[8byte] -> %r9
	Instruction: test   %r9 %r9
	Instruction: jz     $0x00007f43bd992346
[ARKADE BB END] handling event_bb is done.




[ARKADE BB START] Basic Block is detected -> event_bb_insert is called.

	Instruction: mov    0xf8(%r13)[8byte] -> %r8
	Instruction: test   %r8 %r8
	Instruction: jz     $0x00007f43bd99237a
[ARKADE BB END] handling event_bb is done.




[ARKADE BB START] Basic Block is detected -> event_bb_insert is called.

	Instruction: mov    0x000001d0(%r13)[8byte] -> %rdi
	Instruction: test   %rdi %rdi
	Instruction: jz     $0x00007f43bd9923ab
[ARKADE BB END] handling event_bb is done.




[ARKADE BB START] Basic Block is detected -> event_bb_insert is called.

	Instruction: lea    <rel> 0x00007f43bd9bc560 -> %rsi
	Instruction: add    %rsi %rdx -> %rdx
	Instruction: mov    (%rdi)[8byte] -> %rsi
	Instruction: mov    %rsi -> (%rdx)[8byte]
	Instruction: mov    0x08(%rdi)[8byte] -> %rsi
	Instruction: add    %rax %rsi -> %rsi
	Instruction: mov    %rsi -> 0x08(%rdx)[8byte]
	Instruction: mov    %rdx -> 0x000001d0(%r13)[8byte]
	Instruction: mov    %rcx -> %rdx
	Instruction: mov    0x000002a0(%r13)[8byte] -> %rcx
	Instruction: test   %rcx %rcx
	Instruction: jz     $0x00007f43bd9923d6
[ARKADE BB END] handling event_bb is done.




[ARKADE BB START] Basic Block is detected -> event_bb_insert is called.

	Instruction: lea    <rel> 0x00007f43bd9bc560 -> %rsi
	Instruction: add    0x08(%rcx)[8byte] %rax -> %rax
	Instruction: add    %rsi %rdx -> %rdx
	Instruction: mov    (%rcx)[8byte] -> %rsi
	Instruction: mov    %rax -> 0x08(%rdx)[8byte]
	Instruction: mov    %rsi -> (%rdx)[8byte]
	Instruction: mov    %rdx -> 0x000002a0(%r13)[8byte]
	Instruction: mov    0xe0(%r13)[8byte] -> %rax
	Instruction: test   %rax %rax
	Instruction: jz     $0x00007f43bd9923ed
[ARKADE BB END] handling event_bb is done.




[ARKADE BB START] Basic Block is detected -> event_bb_insert is called.

	Instruction: cmp    0x78(%r13)[8byte] $0x0000000000000000
	Instruction: jz     $0x00007f43bd992406
[ARKADE BB END] handling event_bb is done.




[ARKADE BB START] Basic Block is detected -> event_bb_insert is called.

	Instruction: mov    0x00000130(%r13)[8byte] -> %rax
	Instruction: test   %rax %rax
	Instruction: jz     $0x00007f43bd99243e
[ARKADE BB END] handling event_bb is done.




[ARKADE BB START] Basic Block is detected -> event_bb_insert is called.

	Instruction: mov    0x08(%rax)[8byte] -> %rdx
	Instruction: mov    %edx -> 0x000003e8(%r13)[4byte]
	Instruction: test   %dl $0x02
	Instruction: jz     $0x00007f43bd992429
[ARKADE BB END] handling event_bb is done.




[ARKADE BB START] Basic Block is detected -> event_bb_insert is called.

	Instruction: mov    %rax -> 0xc0(%r13)[8byte]
	Instruction: test   %dl $0x04
	Instruction: jz     $0x00007f43bd992435
[ARKADE BB END] handling event_bb is done.




[ARKADE BB START] Basic Block is detected -> event_bb_insert is called.

	Instruction: and    $0x00000008 %edx -> %edx
	Instruction: jnz    $0x00007f43bd993bb9
[ARKADE BB END] handling event_bb is done.




[ARKADE BB START] Basic Block is detected -> event_bb_insert is called.

	Instruction: mov    0x00000178(%r13)[8byte] -> %rax
	Instruction: test   %rax %rax
	Instruction: jz     $0x00007f43bd992475
[ARKADE BB END] handling event_bb is done.




[ARKADE BB START] Basic Block is detected -> event_bb_insert is called.

	Instruction: cmp    0x00000128(%r13)[8byte] $0x0000000000000000
	Instruction: jz     $0x00007f43bd99248a
[ARKADE BB END] handling event_bb is done.




[ARKADE BB START] Basic Block is detected -> event_bb_insert is called.

	Instruction: mov    %r13 -> %rdi
	Instruction: call   $0x00007f43bd99c0b0 %rsp -> %rsp 0xfffffff8(%rsp)[8byte]
[ARKADE BB END] handling event_bb is done.




[ARKADE BB START] Basic Block is detected -> event_bb_insert is called.

	Instruction: mov    0x00000398(%r13)[8byte] -> %rax
	Instruction: lea    0x28(%r13) -> %rdx
	Instruction: or     $0x04 0x0000031c(%r13)[1byte] -> 0x0000031c(%r13)[1byte]
	Instruction: mov    $0x00000001 -> 0x000003dc(%r13)[4byte]
	Instruction: mov    $0x00000001 -> 0x08(%rax)[4byte]
	Instruction: mov    %rdx -> (%rax)[8byte]
	Instruction: mov    0xb0(%r13)[8byte] -> %rax
	Instruction: test   %rax %rax
	Instruction: jz     $0x00007f43bd992508
[ARKADE BB END] handling event_bb is done.




[ARKADE BB START] Basic Block is detected -> event_bb_insert is called.

	Instruction: mov    0x68(%r13)[8byte] -> %rdx
	Instruction: mov    0x08(%rax)[8byte] -> %r12
	Instruction: add    0x08(%rdx)[8byte] %r12 -> %r12
	Instruction: mov    %r12 -> %rdi
	Instruction: call   $0x00007f43bd9b1e20 %rsp -> %rsp 0xfffffff8(%rsp)[8byte]
[ARKADE BB END] handling event_bb is done.




[ARKADE BB START] Basic Block is detected -> event_bb_insert is called.

	Instruction: lea    0x01(%rax) -> %rbx
	Instruction: mov    %rbx -> %rdi
	Instruction: call   $0x00007f43bd9900a0 %rsp -> %rsp 0xfffffff8(%rsp)[8byte]
[ARKADE BB END] handling event_bb is done.
[ARKADE MALLOC CALLED] Malloc (Nonuser Code) (size: 16)
[ARKADE MALLOC CALLED] Module start: 0x00007f43bd98f000
[ARKADE MALLOC CALLED] Module end: 0x00007f43bd9bf000
[ARKADE MALLOC CALLED] Module full path: /lib/x86_64-linux-gnu/ld-2.31.so
[ARKADE MALLOC CALLED] Caller (Nonuser Code): dl_main (./setup-vdso.h:93)




[ARKADE BB START] Basic Block is detected -> event_bb_insert is called.

	Instruction: mov    %rax -> %rdi
	Instruction: test   %rax %rax
	Instruction: jz     $0x00007f43bd993ec9
[ARKADE BB END] handling event_bb is done.
[ARKADE MALLOC RETURN] Malloc (Nonuser Code) return base address: 0x00007f43bd9bebf0, Size: 16, Active: true




[ARKADE BB START] Basic Block is detected -> event_bb_insert is called.

	Instruction: mov    %rbx -> %rdx
	Instruction: mov    %r12 -> %rsi
	Instruction: call   $0x00007f43bd9b2390 %rsp -> %rsp 0xfffffff8(%rsp)[8byte]
[ARKADE BB END] handling event_bb is done.




[ARKADE BB START] Basic Block is detected -> event_bb_insert is called.

	Instruction: cmp    %rdx $0x0000000000000020
	Instruction: jnbe   $0x00007f43bd9b23fa
[ARKADE BB END] handling event_bb is done.




[ARKADE BB START] Basic Block is detected -> event_bb_insert is called.

	Instruction: movups (%rsi)[16byte] -> %xmm0
	Instruction: movups 0xfffffff0(%rsi,%rdx)[16byte] -> %xmm1
	Instruction: movups %xmm0 -> (%rdi)[16byte]
	Instruction: movups %xmm1 -> 0xfffffff0(%rdi,%rdx)[16byte]
	Instruction: ret    %rsp (%rsp)[8byte] -> %rsp
[ARKADE BB END] handling event_bb is done.




[ARKADE BB START] Basic Block is detected -> event_bb_insert is called.

	Instruction: mov    0x38(%r13)[8byte] -> %rdx
	Instruction: mov    %rax -> 0x08(%r13)[8byte]
	Instruction: mov    %rax -> (%rdx)[8byte]
	Instruction: xor    %esi %esi -> %esi
	Instruction: mov    %r13 -> %rdi
	Instruction: call   $0x00007f43bd99c170 %rsp -> %rsp 0xfffffff8(%rsp)[8byte]
[ARKADE BB END] handling event_bb is done.




[ARKADE BB START] Basic Block is detected -> event_bb_insert is called.

	Instruction: data16 nop    0x00000000(%rax,%rax)[4byte]
	Instruction: mov    %rax -> %rdx
	Instruction: mov    0x18(%rax)[8byte] -> %rax
	Instruction: test   %rax %rax
	Instruction: jnz    $0x00007f43bd99c1b0
[ARKADE BB END] handling event_bb is done.




[ARKADE BB START] Basic Block is detected -> event_bb_insert is called.

	Instruction: mov    %rdx -> 0x20(%rbp)[8byte]
	Instruction: mov    %rbp -> 0x18(%rdx)[8byte]
	Instruction: lea    (%rbx,%rbx,8) -> %rax
	Instruction: lea    <rel> 0x00007f43bd9bd990 -> %rdi
	Instruction: pop    %rsp (%rsp)[8byte] -> %rbx %rsp
	Instruction: shl    $0x0000000000000004 %rax -> %rax
	Instruction: add    $0x00000001 0x08(%r12,%rax)[4byte] -> 0x08(%r12,%rax)[4byte]
	Instruction: mov    <rel> 0x00007f43bd9bd9b8[8byte] -> %rax
	Instruction: mov    %rax -> 0x00000478(%rbp)[8byte]
	Instruction: add    $0x0000000000000001 %rax -> %rax
	Instruction: pop    %rsp (%rsp)[8byte] -> %rbp %rsp
	Instruction: mov    %rax -> <rel> 0x00007f43bd9bd9b8[8byte]
	Instruction: pop    %rsp (%rsp)[8byte] -> %r12 %rsp
	Instruction: jmp    <rel> 0x00007f43bd9bdf70[8byte]
[ARKADE BB END] handling event_bb is done.




[ARKADE BB START] Basic Block is detected -> event_bb_insert is called.

	Instruction: cmp    0x18(%r13)[8byte] $0x0000000000000000
	Instruction: jnz    $0x00007f43bd993eeb
[ARKADE BB END] handling event_bb is done.




[ARKADE BB START] Basic Block is detected -> event_bb_insert is called.

	Instruction: cmp    %r15 0x20(%r13)[8byte]
	Instruction: jnz    $0x00007f43bd993f0a
[ARKADE BB END] handling event_bb is done.




[ARKADE BB START] Basic Block is detected -> event_bb_insert is called.

	Instruction: lea    <rel> 0x00007f43bd9bd9e8 -> %rax
	Instruction: mov    %r13 -> <rel> 0x00007f43bd9bda00[8byte]
	Instruction: mov    %rax -> 0xfffffe60(%rbp)[8byte]
	Instruction: mov    %rax -> 0x20(%r13)[8byte]
	Instruction: lea    0x18(%r13) -> %rax
	Instruction: mov    %rax -> 0xfffffe40(%rbp)[8byte]
	Instruction: mov    %r13 -> <rel> 0x00007f43bd9bc7b8[8byte]
	Instruction: jmp    $0x00007f43bd99291a
[ARKADE BB END] handling event_bb is done.




[ARKADE BB START] Basic Block is detected -> event_bb_insert is called.

	Instruction: lea    <rel> 0x00007f43bd9b4272 -> %rax
	Instruction: pxor   %xmm0 %xmm0 -> %xmm0
	Instruction: lea    0xfffffec0(%rbp) -> %rbx
	Instruction: mov    $0x0000000000000000 -> 0xfffffeb0(%rbp)[8byte]
	Instruction: mov    %rax -> 0xfffffec0(%rbp)[8byte]
	Instruction: mov    %r13 -> %rsi
	Instruction: xor    %r9d %r9d -> %r9d
	Instruction: mov    %rbx -> %r8
	Instruction: lea    0xfffffe90(%rbp) -> %r12
	Instruction: mov    $0x0000000103ae75f6 -> %rax
	Instruction: movaps %xmm0 -> 0xfffffea0(%rbp)[16byte]
	Instruction: lea    0x00000398(%r13) -> %rcx
	Instruction: mov    %rax -> 0xfffffec8(%rbp)[8byte]
	Instruction: mov    0xfffffe58(%rbp)[8byte] -> %rax
	Instruction: mov    %r12 -> %rdx
	Instruction: lea    <rel> 0x00007f43bd9b427c -> %rdi
	Instruction: mov    $0x20 -> 0xfffffea4(%rbp)[1byte]
	Instruction: mov    $0x0000000000000000 -> 0xfffffed0(%rbp)[8byte]
	Instruction: mov    %rax -> 0xfffffe90(%rbp)[8byte]
	Instruction: push   $0x0000000000000000 %rsp -> %rsp 0xfffffff8(%rsp)[8byte]
	Instruction: push   $0x0000000000000000 %rsp -> %rsp 0xfffffff8(%rsp)[8byte]
	Instruction: call   <rel> 0x00007f43bd9bc800[8byte] %rsp -> %rsp 0xfffffff8(%rsp)[8byte]
[ARKADE BB END] handling event_bb is done.




[ARKADE BB START] Basic Block is detected -> event_bb_insert is called.

	Instruction: nop    %edx
	Instruction: push   %r15 %rsp -> %rsp 0xfffffff8(%rsp)[8byte]
	Instruction: push   %r14 %rsp -> %rsp 0xfffffff8(%rsp)[8byte]
	Instruction: push   %r13 %rsp -> %rsp 0xfffffff8(%rsp)[8byte]
	Instruction: mov    %rdi -> %r13
	Instruction: push   %r12 %rsp -> %rsp 0xfffffff8(%rsp)[8byte]
	Instruction: mov    %rdx -> %r12
	Instruction: push   %rbp %rsp -> %rsp 0xfffffff8(%rsp)[8byte]
	Instruction: push   %rbx %rsp -> %rsp 0xfffffff8(%rsp)[8byte]
	Instruction: sub    $0x0000000000000098 %rsp -> %rsp
	Instruction: movzx  (%rdi)[1byte] -> %edx
	Instruction: mov    %rsi -> 0x10(%rsp)[8byte]
	Instruction: mov    %rcx -> 0x18(%rsp)[8byte]
	Instruction: mov    %r8 -> 0x08(%rsp)[8byte]
	Instruction: mov    %r9d -> 0x38(%rsp)[4byte]
	Instruction: test   %dl %dl
	Instruction: jz     $0x00007f43bd99b330
[ARKADE BB END] handling event_bb is done.




[ARKADE BB START] Basic Block is detected -> event_bb_insert is called.

	Instruction: mov    %rdi -> %rcx
	Instruction: mov    $0x00001505 -> %eax
	Instruction: data16 nop    0x00(%rax,%rax)[4byte]
	Instruction: mov    %rax -> %rsi
	Instruction: movzx  %dl -> %edx
	Instruction: add    $0x0000000000000001 %rcx -> %rcx
	Instruction: shl    $0x0000000000000005 %rsi -> %rsi
	Instruction: add    %rsi %rax -> %rax
	Instruction: add    %rdx %rax -> %rax
	Instruction: movzx  (%rcx)[1byte] -> %edx
	Instruction: test   %dl %dl
	Instruction: jnz    $0x00007f43bd99b118
[ARKADE BB END] handling event_bb is done.




[ARKADE BB START] Basic Block is detected -> event_bb_insert is called.

	Instruction: mov    %rax -> %rsi
	Instruction: movzx  %dl -> %edx
	Instruction: add    $0x0000000000000001 %rcx -> %rcx
	Instruction: shl    $0x0000000000000005 %rsi -> %rsi
	Instruction: add    %rsi %rax -> %rax
	Instruction: add    %rdx %rax -> %rax
	Instruction: movzx  (%rcx)[1byte] -> %edx
	Instruction: test   %dl %dl
	Instruction: jnz    $0x00007f43bd99b118
[ARKADE BB END] handling event_bb is done.




[ARKADE BB START] Basic Block is detected -> event_bb_insert is called.

	Instruction: mov    %eax -> %ebx
	Instruction: add    $0x0000000000000001 <rel> 0x00007f43bd9bd9d0[8byte] -> <rel> 0x00007f43bd9bd9d0[8byte]
	Instruction: mov    $0xffffffff -> %eax
	Instruction: pxor   %xmm0 %xmm0 -> %xmm0
	Instruction: cmp    0x08(%rsp)[8byte] $0x0000000000000000
	Instruction: mov    %rax -> 0x40(%rsp)[8byte]
	Instruction: movaps %xmm0 -> 0x50(%rsp)[16byte]
	Instruction: jz     $0x00007f43bd99b166
[ARKADE BB END] handling event_bb is done.




[ARKADE BB START] Basic Block is detected -> event_bb_insert is called.

	Instruction: test   0xd0(%rsp)[1byte] $0x02
	Instruction: jnz    $0x00007f43bd99beb2
[ARKADE BB END] handling event_bb is done.




[ARKADE BB START] Basic Block is detected -> event_bb_insert is called.

	Instruction: mov    0x18(%rsp)[8byte] -> %rax
	Instruction: mov    (%r12)[8byte] -> %rcx
	Instruction: cmp    0xd8(%rsp)[8byte] $0x0000000000000000
	Instruction: mov    (%rax)[8byte] -> %r9
	Instruction: jnz    $0x00007f43bd99b3f0
[ARKADE BB END] handling event_bb is done.




[ARKADE BB START] Basic Block is detected -> event_bb_insert is called.

	Instruction: test   %r9 %r9
	Instruction: jz     $0x00007f43bd99b340
[ARKADE BB END] handling event_bb is done.




[ARKADE BB START] Basic Block is detected -> event_bb_insert is called.

	Instruction: mov    $0x0000000000000000 -> 0x20(%rsp)[8byte]
	Instruction: mov    %rax -> %rbp
	Instruction: mov    0x20(%rsp)[8byte] -> %rax
	Instruction: lea    0x50(%rsp) -> %r15
	Instruction: lea    0x40(%rsp) -> %r14
	Instruction: jmp    $0x00007f43bd99b1c3
[ARKADE BB END] handling event_bb is done.




[ARKADE BB START] Basic Block is detected -> event_bb_insert is called.

	Instruction: push   0x10(%rsp)[8byte] %rsp -> %rsp 0xfffffff8(%rsp)[8byte]
	Instruction: mov    0x40(%rsp)[4byte] -> %edi
	Instruction: mov    %r15 -> %r8
	Instruction: mov    %r14 -> %rdx
	Instruction: mov    %rbx -> %rsi
	Instruction: push   %rdi %rsp -> %rsp 0xfffffff8(%rsp)[8byte]
	Instruction: push   0xe8(%rsp)[8byte] %rsp -> %rsp 0xfffffff8(%rsp)[8byte]
	Instruction: mov    0xe8(%rsp)[4byte] -> %edi
	Instruction: push   %rdi %rsp -> %rsp 0xfffffff8(%rsp)[8byte]
	Instruction: mov    %r13 -> %rdi
	Instruction: push   0x28(%rsp)[8byte] %rsp -> %rsp 0xfffffff8(%rsp)[8byte]
	Instruction: push   %rax %rsp -> %rsp 0xfffffff8(%rsp)[8byte]
	Instruction: call   $0x00007f43bd99a4c0 %rsp -> %rsp 0xfffffff8(%rsp)[8byte]
[ARKADE BB END] handling event_bb is done.




[ARKADE BB START] Basic Block is detected -> event_bb_insert is called.

	Instruction: push   %r15 %rsp -> %rsp 0xfffffff8(%rsp)[8byte]
	Instruction: push   %r14 %rsp -> %rsp 0xfffffff8(%rsp)[8byte]
	Instruction: mov    %rsi -> %r14
	Instruction: push   %r13 %rsp -> %rsp 0xfffffff8(%rsp)[8byte]
	Instruction: push   %r12 %rsp -> %rsp 0xfffffff8(%rsp)[8byte]
	Instruction: push   %rbp %rsp -> %rsp 0xfffffff8(%rsp)[8byte]
	Instruction: push   %rbx %rsp -> %rsp 0xfffffff8(%rsp)[8byte]
	Instruction: sub    $0x0000000000000098 %rsp -> %rsp
	Instruction: mov    0x08(%r9)[4byte] -> %r12d
	Instruction: mov    %rdi -> 0x20(%rsp)[8byte]
	Instruction: mov    0xd0(%rsp)[8byte] -> %rbp
	Instruction: mov    %rdx -> 0x58(%rsp)[8byte]
	Instruction: mov    0xe8(%rsp)[8byte] -> %r15
	Instruction: mov    %rcx -> 0x50(%rsp)[8byte]
	Instruction: mov    %r8 -> 0x48(%rsp)[8byte]
	Instruction: shr    $0x0000000000000006 %rsi -> %rsi
	Instruction: mov    %r12 -> %r11
	Instruction: mov    %r14 -> 0x28(%rsp)[8byte]
	Instruction: mov    %r15 -> %r12
	Instruction: mov    0xf0(%rsp)[4byte] -> %eax
	Instruction: mov    (%r9)[8byte] -> %r13
	Instruction: mov    %rsi -> 0x30(%rsp)[8byte]
	Instruction: and    $0x00000002 %eax -> %eax
	Instruction: mov    %eax -> 0x64(%rsp)[4byte]
	Instruction: mov    %eax -> %r15d
	Instruction: jmp    $0x00007f43bd99a5bf
[ARKADE BB END] handling event_bb is done.




[ARKADE BB START] Basic Block is detected -> event_bb_insert is called.

	Instruction: mov    0x00(%r13,%rbp,8)[8byte] -> %rax
	Instruction: mov    0x28(%rax)[8byte] -> %rbx
	Instruction: cmp    %rbx %r12
	Instruction: jz     $0x00007f43bd99a5b2
[ARKADE BB END] handling event_bb is done.




[ARKADE BB START] Basic Block is detected -> event_bb_insert is called.

	Instruction: test   %r15d %r15d
	Instruction: jz     $0x00007f43bd99a5db
[ARKADE BB END] handling event_bb is done.




[ARKADE BB START] Basic Block is detected -> event_bb_insert is called.

	Instruction: test   0x0000031d(%rbx)[1byte] $0x20
	Instruction: jnz    $0x00007f43bd99a5b2
[ARKADE BB END] handling event_bb is done.




[ARKADE BB START] Basic Block is detected -> event_bb_insert is called.

	Instruction: test   <rel> 0x00007f43bd9bc620[1byte] $0x08
	Instruction: jz     $0x00007f43bd99a530
[ARKADE BB END] handling event_bb is done.




[ARKADE BB START] Basic Block is detected -> event_bb_insert is called.

	Instruction: mov    0x000002f4(%rbx)[4byte] -> %esi
	Instruction: test   %esi %esi
	Instruction: jz     $0x00007f43bd99a5b2
[ARKADE BB END] handling event_bb is done.




[ARKADE BB START] Basic Block is detected -> event_bb_insert is called.

	Instruction: mov    $0x00000000 -> 0x84(%rsp)[4byte]
	Instruction: mov    0x70(%rbx)[8byte] -> %rax
	Instruction: mov    $0x0000000000000000 -> 0x88(%rsp)[8byte]
	Instruction: mov    0x08(%rax)[8byte] -> %rax
	Instruction: mov    %rax -> 0x18(%rsp)[8byte]
	Instruction: mov    0x68(%rbx)[8byte] -> %rax
	Instruction: mov    0x08(%rax)[8byte] -> %rax
	Instruction: mov    %rax -> (%rsp)[8byte]
	Instruction: mov    0x00000300(%rbx)[8byte] -> %rax
	Instruction: test   %rax %rax
	Instruction: jz     $0x00007f43bd99a640
[ARKADE BB END] handling event_bb is done.




[ARKADE BB START] Basic Block is detected -> event_bb_insert is called.

	Instruction: mov    0x28(%rsp)[8byte] -> %rdi
	Instruction: mov    0x000002fc(%rbx)[4byte] -> %ecx
	Instruction: mov    0x30(%rsp)[4byte] -> %edx
	Instruction: and    0x000002f8(%rbx)[4byte] %edx -> %edx
	Instruction: mov    (%rax,%rdx,8)[8byte] -> %rax
	Instruction: mov    %rdi -> %rdx
	Instruction: shr    %cl %rdx -> %rdx
	Instruction: mov    %rdx -> %rcx
	Instruction: mov    %rax -> %rdx
	Instruction: shr    %cl %rdx -> %rdx
	Instruction: mov    %edi -> %ecx
	Instruction: shr    %cl %rax -> %rax
	Instruction: and    %rdx %rax -> %rax
	Instruction: test   %al $0x01
	Instruction: jnz    $0x00007f43bd99a7b0
[ARKADE BB END] handling event_bb is done.




[ARKADE BB START] Basic Block is detected -> event_bb_insert is called.

	Instruction: mov    %rdi -> %rax
	Instruction: xor    %edx %edx -> %edx
	Instruction: div    %rsi %rdx %rax -> %rdx %rax
	Instruction: mov    0x00000308(%rbx)[8byte] -> %rax
	Instruction: mov    (%rax,%rdx,4)[4byte] -> %eax
	Instruction: test   %eax %eax
	Instruction: jz     $0x00007f43bd99a5b2
[ARKADE BB END] handling event_bb is done.




[ARKADE BB START] Basic Block is detected -> event_bb_insert is called.

	Instruction: mov    0x00000310(%rbx)[8byte] -> %rdx
	Instruction: mov    %r15d -> 0x40(%rsp)[4byte]
	Instruction: mov    %r13 -> 0x68(%rsp)[8byte]
	Instruction: mov    0xe0(%rsp)[4byte] -> %r15d
	Instruction: lea    (%rdx,%rax,4) -> %r14
	Instruction: lea    0x84(%rsp) -> %rax
	Instruction: mov    %r11 -> 0x70(%rsp)[8byte]
	Instruction: mov    0xd8(%rsp)[8byte] -> %r13
	Instruction: mov    %rbp -> 0xd0(%rsp)[8byte]
	Instruction: mov    %rdi -> %rbp
	Instruction: mov    %r12 -> 0xe8(%rsp)[8byte]
	Instruction: mov    0x50(%rsp)[8byte] -> %r12
	Instruction: mov    %rax -> 0x38(%rsp)[8byte]
	Instruction: jmp    $0x00007f43bd99a82d
[ARKADE BB END] handling event_bb is done.




[ARKADE BB START] Basic Block is detected -> event_bb_insert is called.

	Instruction: mov    (%r14)[4byte] -> %eax
	Instruction: mov    %rax -> %rdx
	Instruction: xor    %rbp %rax -> %rax
	Instruction: shr    $0x0000000000000001 %rax -> %rax
	Instruction: jnz    $0x00007f43bd99a820
[ARKADE BB END] handling event_bb is done.




[ARKADE BB START] Basic Block is detected -> event_bb_insert is called.

	Instruction: add    $0x0000000000000004 %r14 -> %r14
	Instruction: and    $0x00000001 %edx -> %edx
	Instruction: jnz    $0x00007f43bd99ae5c
[ARKADE BB END] handling event_bb is done.




[ARKADE BB START] Basic Block is detected -> event_bb_insert is called.

	Instruction: sub    $0x0000000000000008 %rsp -> %rsp
	Instruction: mov    %r14 -> %rax
	Instruction: sub    0x00000310(%rbx)[8byte] %rax -> %rax
	Instruction: mov    %r12 -> %rsi
	Instruction: push   0x40(%rsp)[8byte] %rsp -> %rsp 0xfffffff8(%rsp)[8byte]
	Instruction: sar    $0x0000000000000002 %rax -> %rax
	Instruction: mov    %eax -> %edx
	Instruction: lea    (%rdx,%rdx,2) -> %rdx
	Instruction: lea    0x98(%rsp) -> %rcx
	Instruction: push   %rcx %rsp -> %rsp 0xfffffff8(%rsp)[8byte]
	Instruction: mov    %r15d -> %ecx
	Instruction: push   %rbx %rsp -> %rsp 0xfffffff8(%rsp)[8byte]
	Instruction: push   0x20(%rsp)[8byte] %rsp -> %rsp 0xfffffff8(%rsp)[8byte]
	Instruction: push   %rax %rsp -> %rsp 0xfffffff8(%rsp)[8byte]
	Instruction: mov    0x48(%rsp)[8byte] -> %rax
	Instruction: mov    0x00000120(%rsp)[4byte] -> %r8d
	Instruction: mov    0x50(%rsp)[8byte] -> %rdi
	Instruction: lea    (%rax,%rdx,8) -> %r9
	Instruction: mov    %r13 -> %rdx
	Instruction: call   $0x00007f43bd99a330 %rsp -> %rsp 0xfffffff8(%rsp)[8byte]
[ARKADE BB END] handling event_bb is done.




[ARKADE BB START] Basic Block is detected -> event_bb_insert is called.

	Instruction: push   %r14 %rsp -> %rsp 0xfffffff8(%rsp)[8byte]
	Instruction: mov    %rdi -> %r10
	Instruction: push   %r13 %rsp -> %rsp 0xfffffff8(%rsp)[8byte]
	Instruction: mov    %rdx -> %r13
	Instruction: movzx  0x06(%r9)[2byte] -> %edx
	Instruction: push   %r12 %rsp -> %rsp 0xfffffff8(%rsp)[8byte]
	Instruction: push   %rbp %rsp -> %rsp 0xfffffff8(%rsp)[8byte]
	Instruction: mov    %ecx -> %ebp
	Instruction: movzx  0x04(%r9)[1byte] -> %ecx
	Instruction: push   %rbx %rsp -> %rsp 0xfffffff8(%rsp)[8byte]
	Instruction: mov    %r9 -> %rbx
	Instruction: mov    0x40(%rsp)[8byte] -> %r12
	Instruction: and    $0x0000000f %ecx -> %ecx
	Instruction: cmp    0x08(%r9)[8byte] $0x0000000000000000
	Instruction: jz     $0x00007f43bd99a468
[ARKADE BB END] handling event_bb is done.




[ARKADE BB START] Basic Block is detected -> event_bb_insert is called.

	Instruction: mov    $0x00000467 -> %eax
	Instruction: sar    %cl %eax -> %eax
	Instruction: not    %eax -> %eax
	Instruction: and    $0x00000001 %eax -> %eax
	Instruction: data16 test   %dx %dx
	Instruction: setz    -> %dl
	Instruction: movzx  %dl -> %edx
	Instruction: and    %edx %r8d -> %r8d
	Instruction: or     %r8d %eax -> %eax
	Instruction: jnz    $0x00007f43bd99a440
[ARKADE BB END] handling event_bb is done.




[ARKADE BB START] Basic Block is detected -> event_bb_insert is called.

	Instruction: cmp    %rbx %rsi
	Instruction: jz     $0x00007f43bd99a39d
[ARKADE BB END] handling event_bb is done.




[ARKADE BB START] Basic Block is detected -> event_bb_insert is called.

	Instruction: mov    (%rbx)[4byte] -> %edi
	Instruction: mov    %r10 -> %rsi
	Instruction: add    0x38(%rsp)[8byte] %rdi -> %rdi
	Instruction: call   $0x00007f43bd9ae600 %rsp -> %rsp 0xfffffff8(%rsp)[8byte]
[ARKADE BB END] handling event_bb is done.




[ARKADE BB START] Basic Block is detected -> event_bb_insert is called.

	Instruction: and    $0xfffffffffffffff0 %rsi -> %rsi
	Instruction: and    $0xfffffffffffffff0 %rdi -> %rdi
	Instruction: mov    $0x0000ffff -> %edx
	Instruction: xor    %r8d %r8d -> %r8d
	Instruction: and    $0x0000000f %ecx -> %ecx
	Instruction: and    $0x0000000f %eax -> %eax
	Instruction: cmp    %ecx %eax
	Instruction: jz     $0x00007f43bd9ae6a0
[ARKADE BB END] handling event_bb is done.




[ARKADE BB START] Basic Block is detected -> event_bb_insert is called.

	Instruction: jnbe   $0x00007f43bd9ae683
[ARKADE BB END] handling event_bb is done.




[ARKADE BB START] Basic Block is detected -> event_bb_insert is called.

	Instruction: lea    0x0f(%rax) -> %r9
	Instruction: sub    %rcx %r9 -> %r9
	Instruction: lea    <rel> 0x00007f43bd9b3f48 -> %r10
	Instruction: movsxd (%r10,%r9,4)[4byte] -> %r9
	Instruction: lea    (%r10,%r9) -> %r10
	Instruction: jmp    %r10
[ARKADE BB END] handling event_bb is done.




[ARKADE BB START] Basic Block is detected -> event_bb_insert is called.

	Instruction: pxor   %xmm0 %xmm0 -> %xmm0
	Instruction: movdqa (%rdi)[16byte] -> %xmm2
	Instruction: movdqa (%rsi)[16byte] -> %xmm1
	Instruction: pcmpeqb %xmm1 %xmm0 -> %xmm0
	Instruction: pslldq $0x03 %xmm2 -> %xmm2
	Instruction: pcmpeqb %xmm1 %xmm2 -> %xmm2
	Instruction: psubb  %xmm0 %xmm2 -> %xmm2
	Instruction: pmovmskb %xmm2 -> %r9d
	Instruction: shr    %cl %edx -> %edx
	Instruction: shr    %cl %r9d -> %r9d
	Instruction: sub    %r9d %edx -> %edx
	Instruction: jnz    $0x00007f43bd9afa05
[ARKADE BB END] handling event_bb is done.




[ARKADE BB START] Basic Block is detected -> event_bb_insert is called.

	Instruction: movdqa (%rdi)[16byte] -> %xmm3
	Instruction: pxor   %xmm0 %xmm0 -> %xmm0
	Instruction: mov    $0x0000000000000010 -> %rcx
	Instruction: mov    $0x0000000d -> %r9d
	Instruction: lea    0x0d(%rdi) -> %r10
	Instruction: and    $0x0000000000000fff %r10 -> %r10
	Instruction: sub    $0x0000000000001000 %r10 -> %r10
	Instruction: data16 nop    0x00000000(%rax,%rax)[4byte]
	Instruction: add    $0x0000000000000010 %r10 -> %r10
	Instruction: jnle   $0x00007f43bd9af740
[ARKADE BB END] handling event_bb is done.




[ARKADE BB START] Basic Block is detected -> event_bb_insert is called.

	Instruction: movdqa (%rsi,%rcx)[16byte] -> %xmm1
	Instruction: movdqa (%rdi,%rcx)[16byte] -> %xmm2
	Instruction: movdqa %xmm2 -> %xmm4
	Instruction: psrldq $0x0d %xmm3 -> %xmm3
	Instruction: pslldq $0x03 %xmm2 -> %xmm2
	Instruction: por    %xmm3 %xmm2 -> %xmm2
	Instruction: pcmpeqb %xmm1 %xmm0 -> %xmm0
	Instruction: pcmpeqb %xmm2 %xmm1 -> %xmm1
	Instruction: psubb  %xmm0 %xmm1 -> %xmm1
	Instruction: pmovmskb %xmm1 -> %edx
	Instruction: sub    $0x0000ffff %edx -> %edx
	Instruction: jnz    $0x00007f43bd9afa00
[ARKADE BB END] handling event_bb is done.




[ARKADE BB START] Basic Block is detected -> event_bb_insert is called.

	Instruction: add    $0x0000000000000010 %rcx -> %rcx
	Instruction: movdqa %xmm4 -> %xmm3
	Instruction: add    $0x0000000000000010 %r10 -> %r10
	Instruction: jnle   $0x00007f43bd9af740
[ARKADE BB END] handling event_bb is done.




[ARKADE BB START] Basic Block is detected -> event_bb_insert is called.

	Instruction: movdqa (%rsi,%rcx)[16byte] -> %xmm1
	Instruction: movdqa (%rdi,%rcx)[16byte] -> %xmm2
	Instruction: movdqa %xmm2 -> %xmm4
	Instruction: psrldq $0x0d %xmm3 -> %xmm3
	Instruction: pslldq $0x03 %xmm2 -> %xmm2
	Instruction: por    %xmm3 %xmm2 -> %xmm2
	Instruction: pcmpeqb %xmm1 %xmm0 -> %xmm0
	Instruction: pcmpeqb %xmm2 %xmm1 -> %xmm1
	Instruction: psubb  %xmm0 %xmm1 -> %xmm1
	Instruction: pmovmskb %xmm1 -> %edx
	Instruction: sub    $0x0000ffff %edx -> %edx
	Instruction: jnz    $0x00007f43bd9afa00
[ARKADE BB END] handling event_bb is done.




[ARKADE BB START] Basic Block is detected -> event_bb_insert is called.

	Instruction: lea    0xfffffff0(%r9,%rcx) -> %rax
	Instruction: lea    (%rdi,%rax) -> %rdi
	Instruction: lea    (%rsi,%rcx) -> %rsi
	Instruction: test   %r8d %r8d
	Instruction: jz     $0x00007f43bd9afa20
[ARKADE BB END] handling event_bb is done.




[ARKADE BB START] Basic Block is detected -> event_bb_insert is called.

	Instruction: test   %eax %eax
	Instruction: jnz    $0x00007f43bd99a440
[ARKADE BB END] handling event_bb is done.




[ARKADE BB START] Basic Block is detected -> event_bb_insert is called.

	Instruction: mov    0x00000340(%r12)[8byte] -> %rax
	Instruction: test   %r13 %r13
	Instruction: jz     $0x00007f43bd99a3f8
[ARKADE BB END] handling event_bb is done.




[ARKADE BB START] Basic Block is detected -> event_bb_insert is called.

	Instruction: test   %rax %rax
	Instruction: jz     $0x00007f43bd99a480
[ARKADE BB END] handling event_bb is done.




[ARKADE BB START] Basic Block is detected -> event_bb_insert is called.

	Instruction: mov    0x10(%r13)[8byte] -> %rdi
	Instruction: test   %rdi %rdi
	Instruction: jz     $0x00007f43bd99a3e9
[ARKADE BB END] handling event_bb is done.




[ARKADE BB START] Basic Block is detected -> event_bb_insert is called.

	Instruction: mov    %rbx -> %rax
	Instruction: pop    %rsp (%rsp)[8byte] -> %rbx %rsp
	Instruction: pop    %rsp (%rsp)[8byte] -> %rbp %rsp
	Instruction: pop    %rsp (%rsp)[8byte] -> %r12 %rsp
	Instruction: pop    %rsp (%rsp)[8byte] -> %r13 %rsp
	Instruction: pop    %rsp (%rsp)[8byte] -> %r14 %rsp
	Instruction: ret    %rsp (%rsp)[8byte] -> %rsp
[ARKADE BB END] handling event_bb is done.




[ARKADE BB START] Basic Block is detected -> event_bb_insert is called.

	Instruction: add    $0x0000000000000030 %rsp -> %rsp
	Instruction: test   %rax %rax
	Instruction: jnz    $0x00007f43bd99afd4
[ARKADE BB END] handling event_bb is done.




[ARKADE BB START] Basic Block is detected -> event_bb_insert is called.

	Instruction: mov    0x40(%rsp)[4byte] -> %r15d
	Instruction: mov    0x68(%rsp)[8byte] -> %r13
	Instruction: mov    %rax -> %r8
	Instruction: mov    0xd0(%rsp)[8byte] -> %rbp
	Instruction: mov    0xe8(%rsp)[8byte] -> %r12
	Instruction: mov    0x70(%rsp)[8byte] -> %r11
	Instruction: jmp    $0x00007f43bd99a748
[ARKADE BB END] handling event_bb is done.




[ARKADE BB START] Basic Block is detected -> event_bb_insert is called.

	Instruction: cmp    0xf8(%rsp)[8byte] $0x0000000000000000
	Instruction: jz     $0x00007f43bd99a8b8
[ARKADE BB END] handling event_bb is done.




[ARKADE BB START] Basic Block is detected -> event_bb_insert is called.

	Instruction: movzx  0x05(%r8)[1byte] -> %eax
	Instruction: and    $0x00000003 %eax -> %eax
	Instruction: sub    $0x00000001 %eax -> %eax
	Instruction: cmp    %eax $0x00000001
	Instruction: jbe    $0x00007f43bd99a5b2
[ARKADE BB END] handling event_bb is done.




[ARKADE BB START] Basic Block is detected -> event_bb_insert is called.

	Instruction: movzx  0x04(%r8)[1byte] -> %eax
	Instruction: shr    $0x04 %al -> %al
	Instruction: cmp    %al $0x02
	Instruction: jz     $0x00007f43bd99a9c0
[ARKADE BB END] handling event_bb is done.




[ARKADE BB START] Basic Block is detected -> event_bb_insert is called.

	Instruction: cmp    %al $0x0a
	Instruction: jz     $0x00007f43bd99a9f8
[ARKADE BB END] handling event_bb is done.




[ARKADE BB START] Basic Block is detected -> event_bb_insert is called.

	Instruction: cmp    %al $0x01
	Instruction: jnz    $0x00007f43bd99a5b2
[ARKADE BB END] handling event_bb is done.




[ARKADE BB START] Basic Block is detected -> event_bb_insert is called.

	Instruction: mov    0x48(%rsp)[8byte] -> %rax
	Instruction: movd   %r8 -> %xmm0
	Instruction: movd   %rbx -> %xmm1
	Instruction: punpcklqdq %xmm1 %xmm0 -> %xmm0
	Instruction: movaps %xmm0 -> (%rax)[16byte]
	Instruction: mov    $0x00000001 -> %eax
	Instruction: jmp    $0x00007f43bd99a8a2
[ARKADE BB END] handling event_bb is done.




[ARKADE BB START] Basic Block is detected -> event_bb_insert is called.

	Instruction: add    $0x0000000000000098 %rsp -> %rsp
	Instruction: pop    %rsp (%rsp)[8byte] -> %rbx %rsp
	Instruction: pop    %rsp (%rsp)[8byte] -> %rbp %rsp
	Instruction: pop    %rsp (%rsp)[8byte] -> %r12 %rsp
	Instruction: pop    %rsp (%rsp)[8byte] -> %r13 %rsp
	Instruction: pop    %rsp (%rsp)[8byte] -> %r14 %rsp
	Instruction: pop    %rsp (%rsp)[8byte] -> %r15 %rsp
	Instruction: ret    %rsp (%rsp)[8byte] -> %rsp
[ARKADE BB END] handling event_bb is done.




[ARKADE BB START] Basic Block is detected -> event_bb_insert is called.

	Instruction: add    $0x0000000000000030 %rsp -> %rsp
	Instruction: test   %eax %eax
	Instruction: jz     $0x00007f43bd99b1b0
[ARKADE BB END] handling event_bb is done.




[ARKADE BB START] Basic Block is detected -> event_bb_insert is called.

	Instruction: mov    (%r12)[8byte] -> %rcx
	Instruction: cmp    0x50(%rsp)[8byte] $0x0000000000000000
	Instruction: jz     $0x00007f43bd99b340
[ARKADE BB END] handling event_bb is done.




[ARKADE BB START] Basic Block is detected -> event_bb_insert is called.

	Instruction: test   %rcx %rcx
	Instruction: jz     $0x00007f43bd99b219
[ARKADE BB END] handling event_bb is done.




[ARKADE BB START] Basic Block is detected -> event_bb_insert is called.

	Instruction: movzx  0x05(%rcx)[1byte] -> %eax
	Instruction: and    $0x00000003 %eax -> %eax
	Instruction: cmp    %al $0x03
	Instruction: jz     $0x00007f43bd99b278
[ARKADE BB END] handling event_bb is done.




[ARKADE BB START] Basic Block is detected -> event_bb_insert is called.

	Instruction: mov    0x58(%rsp)[8byte] -> %r14
	Instruction: xor    %ebx %ebx -> %ebx
	Instruction: movzx  0x0000031c(%r14)[1byte] -> %eax
	Instruction: and    $0x00000003 %eax -> %eax
	Instruction: cmp    %al $0x02
	Instruction: jz     $0x00007f43bd99b5fa
[ARKADE BB END] handling event_bb is done.




[ARKADE BB START] Basic Block is detected -> event_bb_insert is called.

	Instruction: mov    0x000003dc(%r14)[4byte] -> %ecx
	Instruction: test   %ecx %ecx
	Instruction: jz     $0x00007f43bd99b5ea
[ARKADE BB END] handling event_bb is done.




[ARKADE BB START] Basic Block is detected -> event_bb_insert is called.

	Instruction: mov    <rel> 0x00007f43bd9bc620[4byte] -> %eax
	Instruction: test   %eax $0x00000804
	Instruction: jnz    $0x00007f43bd99b429
[ARKADE BB END] handling event_bb is done.




[ARKADE BB START] Basic Block is detected -> event_bb_insert is called.

	Instruction: mov    0x50(%rsp)[8byte] -> %rax
	Instruction: mov    %rax -> (%r12)[8byte]
	Instruction: add    $0x0000000000000098 %rsp -> %rsp
	Instruction: mov    %r14 -> %rax
	Instruction: pop    %rsp (%rsp)[8byte] -> %rbx %rsp
	Instruction: pop    %rsp (%rsp)[8byte] -> %rbp %rsp
	Instruction: pop    %rsp (%rsp)[8byte] -> %r12 %rsp
	Instruction: pop    %rsp (%rsp)[8byte] -> %r13 %rsp
	Instruction: pop    %rsp (%rsp)[8byte] -> %r14 %rsp
	Instruction: pop    %rsp (%rsp)[8byte] -> %r15 %rsp
	Instruction: ret    %rsp (%rsp)[8byte] -> %rsp
[ARKADE BB END] handling event_bb is done.




[ARKADE BB START] Basic Block is detected -> event_bb_insert is called.

	Instruction: mov    0xfffffe90(%rbp)[8byte] -> %rdx
	Instruction: pop    %rsp (%rsp)[8byte] -> %rcx %rsp
	Instruction: pop    %rsp (%rsp)[8byte] -> %rsi %rsp
	Instruction: test   %rdx %rdx
	Instruction: jz     $0x00007f43bd993bab
[ARKADE BB END] handling event_bb is done.




[ARKADE BB START] Basic Block is detected -> event_bb_insert is called.

	Instruction: data16 cmp    0x06(%rdx)[2byte] $0xfff1
	Instruction: jz     $0x00007f43bd992e5b
[ARKADE BB END] handling event_bb is done.




[ARKADE BB START] Basic Block is detected -> event_bb_insert is called.

	Instruction: test   %rax %rax
	Instruction: jz     $0x00007f43bd992e5b
[ARKADE BB END] handling event_bb is done.




[ARKADE BB START] Basic Block is detected -> event_bb_insert is called.

	Instruction: mov    (%rax)[8byte] -> %rax
	Instruction: mov    <rel> 0x00007f43bd9bc7b8[8byte] -> %rsi
	Instruction: add    0x08(%rdx)[8byte] %rax -> %rax
	Instruction: mov    %rax -> <rel> 0x00007f43bd9bc7c0[8byte]
	Instruction: test   %rsi %rsi
	Instruction: jz     $0x00007f43bd993b59
[ARKADE BB END] handling event_bb is done.




[ARKADE BB START] Basic Block is detected -> event_bb_insert is called.

	Instruction: lea    <rel> 0x00007f43bd9b4272 -> %rax
	Instruction: mov    %r12 -> %rdx
	Instruction: xor    %r9d %r9d -> %r9d
	Instruction: mov    %rbx -> %r8
	Instruction: mov    %rax -> 0xfffffec0(%rbp)[8byte]
	Instruction: pxor   %xmm0 %xmm0 -> %xmm0
	Instruction: mov    $0x0000000103ae75f6 -> %rax
	Instruction: lea    0x00000398(%rsi) -> %rcx
	Instruction: mov    %rax -> 0xfffffec8(%rbp)[8byte]
	Instruction: mov    0xfffffe58(%rbp)[8byte] -> %rax
	Instruction: lea    <rel> 0x00007f43bd9b4291 -> %rdi
	Instruction: movaps %xmm0 -> 0xfffffea0(%rbp)[16byte]
	Instruction: mov    $0x0000000000000000 -> 0xfffffeb0(%rbp)[8byte]
	Instruction: mov    $0x20 -> 0xfffffea4(%rbp)[1byte]
	Instruction: mov    $0x0000000000000000 -> 0xfffffed0(%rbp)[8byte]
	Instruction: mov    %rax -> 0xfffffe90(%rbp)[8byte]
	Instruction: push   $0x0000000000000000 %rsp -> %rsp 0xfffffff8(%rsp)[8byte]
	Instruction: push   $0x0000000000000000 %rsp -> %rsp 0xfffffff8(%rsp)[8byte]
	Instruction: call   <rel> 0x00007f43bd9bc800[8byte] %rsp -> %rsp 0xfffffff8(%rsp)[8byte]
[ARKADE BB END] handling event_bb is done.




[ARKADE BB START] Basic Block is detected -> event_bb_insert is called.

	Instruction: add    $0x0000000000000010 %rsi -> %rsi
	Instruction: add    $0x0000000000000010 %rdi -> %rdi
	Instruction: data16 nop    0x00000000(%rax,%rax)[4byte]
	Instruction: nop
	Instruction: and    $0xfffffffffffffff0 %rsi -> %rsi
	Instruction: and    $0xfffffffffffffff0 %rdi -> %rdi
	Instruction: mov    $0x0000ffff -> %edx
	Instruction: xor    %r8d %r8d -> %r8d
	Instruction: and    $0x0000000f %ecx -> %ecx
	Instruction: and    $0x0000000f %eax -> %eax
	Instruction: cmp    %ecx %eax
	Instruction: jz     $0x00007f43bd9ae6a0
[ARKADE BB END] handling event_bb is done.




[ARKADE BB START] Basic Block is detected -> event_bb_insert is called.

	Instruction: mov    %edx -> %r8d
	Instruction: xchg   %ecx %eax -> %ecx %eax
	Instruction: xchg   %rdi %rsi -> %rdi %rsi
	Instruction: lea    0x0f(%rax) -> %r9
	Instruction: sub    %rcx %r9 -> %r9
	Instruction: lea    <rel> 0x00007f43bd9b3f48 -> %r10
	Instruction: movsxd (%r10,%r9,4)[4byte] -> %r9
	Instruction: lea    (%r10,%r9) -> %r10
	Instruction: jmp    %r10
[ARKADE BB END] handling event_bb is done.




[ARKADE BB START] Basic Block is detected -> event_bb_insert is called.

	Instruction: pxor   %xmm0 %xmm0 -> %xmm0
	Instruction: movdqa (%rdi)[16byte] -> %xmm2
	Instruction: movdqa (%rsi)[16byte] -> %xmm1
	Instruction: pcmpeqb %xmm1 %xmm0 -> %xmm0
	Instruction: pslldq $0x08 %xmm2 -> %xmm2
	Instruction: pcmpeqb %xmm1 %xmm2 -> %xmm2
	Instruction: psubb  %xmm0 %xmm2 -> %xmm2
	Instruction: pmovmskb %xmm2 -> %r9d
	Instruction: shr    %cl %edx -> %edx
	Instruction: shr    %cl %r9d -> %r9d
	Instruction: sub    %r9d %edx -> %edx
	Instruction: jnz    $0x00007f43bd9afa05
[ARKADE BB END] handling event_bb is done.




[ARKADE BB START] Basic Block is detected -> event_bb_insert is called.

	Instruction: lea    (%rdi,%rax) -> %rdi
	Instruction: lea    (%rsi,%rcx) -> %rsi
	Instruction: test   %r8d %r8d
	Instruction: jz     $0x00007f43bd9afa20
[ARKADE BB END] handling event_bb is done.




[ARKADE BB START] Basic Block is detected -> event_bb_insert is called.

	Instruction: xchg   %rdi %rsi -> %rdi %rsi
	Instruction: data16 nop    0x00000000(%rax,%rax)[4byte]
	Instruction: bsf    %rdx -> %rdx
	Instruction: movzx  (%rsi,%rdx)[1byte] -> %ecx
	Instruction: movzx  (%rdi,%rdx)[1byte] -> %eax
	Instruction: sub    %ecx %eax -> %eax
	Instruction: ret    %rsp (%rsp)[8byte] -> %rsp
[ARKADE BB END] handling event_bb is done.




[ARKADE BB START] Basic Block is detected -> event_bb_insert is called.

	Instruction: mov    0xfffffe90(%rbp)[8byte] -> %rdx
	Instruction: pop    %rsp (%rsp)[8byte] -> %r11 %rsp
	Instruction: pop    %rsp (%rsp)[8byte] -> %r13 %rsp
	Instruction: test   %rdx %rdx
	Instruction: jz     $0x00007f43bd993b9d
[ARKADE BB END] handling event_bb is done.




[ARKADE BB START] Basic Block is detected -> event_bb_insert is called.

	Instruction: data16 cmp    0x06(%rdx)[2byte] $0xfff1
	Instruction: jz     $0x00007f43bd992e54
[ARKADE BB END] handling event_bb is done.




[ARKADE BB START] Basic Block is detected -> event_bb_insert is called.

	Instruction: test   %rax %rax
	Instruction: jz     $0x00007f43bd992e54
[ARKADE BB END] handling event_bb is done.




[ARKADE BB START] Basic Block is detected -> event_bb_insert is called.

	Instruction: mov    (%rax)[8byte] -> %rax
	Instruction: mov    <rel> 0x00007f43bd9bc7b8[8byte] -> %rsi
	Instruction: add    0x08(%rdx)[8byte] %rax -> %rax
	Instruction: mov    %rax -> <rel> 0x00007f43bd9bc7c8[8byte]
	Instruction: test   %rsi %rsi
	Instruction: jz     $0x00007f43bd993b64
[ARKADE BB END] handling event_bb is done.




[ARKADE BB START] Basic Block is detected -> event_bb_insert is called.

	Instruction: lea    <rel> 0x00007f43bd9b4272 -> %rax
	Instruction: xor    %r9d %r9d -> %r9d
	Instruction: mov    %r12 -> %rdx
	Instruction: mov    %rbx -> %r8
	Instruction: mov    %rax -> 0xfffffec0(%rbp)[8byte]
	Instruction: pxor   %xmm0 %xmm0 -> %xmm0
	Instruction: mov    $0x0000000103ae75f6 -> %rax
	Instruction: lea    0x00000398(%rsi) -> %rcx
	Instruction: mov    %rax -> 0xfffffec8(%rbp)[8byte]
	Instruction: mov    0xfffffe58(%rbp)[8byte] -> %rax
	Instruction: lea    <rel> 0x00007f43bd9b42a5 -> %rdi
	Instruction: movaps %xmm0 -> 0xfffffea0(%rbp)[16byte]
	Instruction: mov    $0x0000000000000000 -> 0xfffffeb0(%rbp)[8byte]
	Instruction: mov    $0x20 -> 0xfffffea4(%rbp)[1byte]
	Instruction: mov    $0x0000000000000000 -> 0xfffffed0(%rbp)[8byte]
	Instruction: mov    %rax -> 0xfffffe90(%rbp)[8byte]
	Instruction: push   $0x0000000000000000 %rsp -> %rsp 0xfffffff8(%rsp)[8byte]
	Instruction: push   $0x0000000000000000 %rsp -> %rsp 0xfffffff8(%rsp)[8byte]
	Instruction: call   <rel> 0x00007f43bd9bc800[8byte] %rsp -> %rsp 0xfffffff8(%rsp)[8byte]
[ARKADE BB END] handling event_bb is done.




[ARKADE BB START] Basic Block is detected -> event_bb_insert is called.

	Instruction: mov    0xfffffe90(%rbp)[8byte] -> %rdx
	Instruction: pop    %rsp (%rsp)[8byte] -> %r9 %rsp
	Instruction: pop    %rsp (%rsp)[8byte] -> %r10 %rsp
	Instruction: test   %rdx %rdx
	Instruction: jz     $0x00007f43bd993b8f
[ARKADE BB END] handling event_bb is done.




[ARKADE BB START] Basic Block is detected -> event_bb_insert is called.

	Instruction: data16 cmp    0x06(%rdx)[2byte] $0xfff1
	Instruction: jz     $0x00007f43bd992e4d
[ARKADE BB END] handling event_bb is done.




[ARKADE BB START] Basic Block is detected -> event_bb_insert is called.

	Instruction: test   %rax %rax
	Instruction: jz     $0x00007f43bd992e4d
[ARKADE BB END] handling event_bb is done.




[ARKADE BB START] Basic Block is detected -> event_bb_insert is called.

	Instruction: mov    (%rax)[8byte] -> %rax
	Instruction: mov    <rel> 0x00007f43bd9bc7b8[8byte] -> %rsi
	Instruction: add    0x08(%rdx)[8byte] %rax -> %rax
	Instruction: mov    %rax -> <rel> 0x00007f43bd9bc7d0[8byte]
	Instruction: test   %rsi %rsi
	Instruction: jz     $0x00007f43bd993b6f
[ARKADE BB END] handling event_bb is done.




[ARKADE BB START] Basic Block is detected -> event_bb_insert is called.

	Instruction: lea    <rel> 0x00007f43bd9b4272 -> %rax
	Instruction: mov    %rbx -> %r8
	Instruction: mov    %r12 -> %rdx
	Instruction: xor    %r9d %r9d -> %r9d
	Instruction: mov    %rax -> 0xfffffec0(%rbp)[8byte]
	Instruction: pxor   %xmm0 %xmm0 -> %xmm0
	Instruction: mov    $0x0000000103ae75f6 -> %rax
	Instruction: lea    <rel> 0x00007f43bd9b42b1 -> %rdi
	Instruction: mov    %rax -> 0xfffffec8(%rbp)[8byte]
	Instruction: mov    0xfffffe58(%rbp)[8byte] -> %rax
	Instruction: lea    0x00000398(%rsi) -> %rcx
	Instruction: movaps %xmm0 -> 0xfffffea0(%rbp)[16byte]
	Instruction: mov    $0x0000000000000000 -> 0xfffffeb0(%rbp)[8byte]
	Instruction: mov    $0x20 -> 0xfffffea4(%rbp)[1byte]
	Instruction: mov    $0x0000000000000000 -> 0xfffffed0(%rbp)[8byte]
	Instruction: mov    %rax -> 0xfffffe90(%rbp)[8byte]
	Instruction: push   $0x0000000000000000 %rsp -> %rsp 0xfffffff8(%rsp)[8byte]
	Instruction: push   $0x0000000000000000 %rsp -> %rsp 0xfffffff8(%rsp)[8byte]
	Instruction: call   <rel> 0x00007f43bd9bc800[8byte] %rsp -> %rsp 0xfffffff8(%rsp)[8byte]
[ARKADE BB END] handling event_bb is done.




[ARKADE BB START] Basic Block is detected -> event_bb_insert is called.

	Instruction: mov    %rax -> %rsi
	Instruction: movzx  %dl -> %edx
	Instruction: add    $0x0000000000000001 %rcx -> %rcx
	Instruction: shl    $0x0000000000000005 %rsi -> %rsi
	Instruction: add    %rsi %rax -> %rax
	Instruction: add    %rdx %rax -> %rax
	Instruction: movzx  (%rcx)[1byte] -> %edx
	Instruction: test   %dl %dl
	Instruction: jnz    $0x00007f43bd99b118
[ARKADE BB END] handling event_bb is done.




[ARKADE BB START] Basic Block is detected -> event_bb_insert is called.

	Instruction: pxor   %xmm0 %xmm0 -> %xmm0
	Instruction: movdqa (%rdi)[16byte] -> %xmm2
	Instruction: movdqa (%rsi)[16byte] -> %xmm1
	Instruction: pcmpeqb %xmm1 %xmm0 -> %xmm0
	Instruction: pslldq $0x01 %xmm2 -> %xmm2
	Instruction: pcmpeqb %xmm1 %xmm2 -> %xmm2
	Instruction: psubb  %xmm0 %xmm2 -> %xmm2
	Instruction: pmovmskb %xmm2 -> %r9d
	Instruction: shr    %cl %edx -> %edx
	Instruction: shr    %cl %r9d -> %r9d
	Instruction: sub    %r9d %edx -> %edx
	Instruction: jnz    $0x00007f43bd9afa05
[ARKADE BB END] handling event_bb is done.




[ARKADE BB START] Basic Block is detected -> event_bb_insert is called.

	Instruction: mov    0xfffffe90(%rbp)[8byte] -> %rdx
	Instruction: pop    %rsp (%rsp)[8byte] -> %rdi %rsp
	Instruction: pop    %rsp (%rsp)[8byte] -> %r8 %rsp
	Instruction: test   %rdx %rdx
	Instruction: jz     $0x00007f43bd993b81
[ARKADE BB END] handling event_bb is done.




[ARKADE BB START] Basic Block is detected -> event_bb_insert is called.

	Instruction: data16 cmp    0x06(%rdx)[2byte] $0xfff1
	Instruction: jz     $0x00007f43bd992e46
[ARKADE BB END] handling event_bb is done.




[ARKADE BB START] Basic Block is detected -> event_bb_insert is called.

	Instruction: test   %rax %rax
	Instruction: jz     $0x00007f43bd992e46
[ARKADE BB END] handling event_bb is done.




[ARKADE BB START] Basic Block is detected -> event_bb_insert is called.

	Instruction: mov    (%rax)[8byte] -> %rax
	Instruction: mov    <rel> 0x00007f43bd9bc7b8[8byte] -> %rsi
	Instruction: add    0x08(%rdx)[8byte] %rax -> %rax
	Instruction: mov    %rax -> <rel> 0x00007f43bd9bc7d8[8byte]
	Instruction: test   %rsi %rsi
	Instruction: jz     $0x00007f43bd993b7a
[ARKADE BB END] handling event_bb is done.




[ARKADE BB START] Basic Block is detected -> event_bb_insert is called.

	Instruction: lea    <rel> 0x00007f43bd9b4272 -> %rax
	Instruction: mov    %r12 -> %rdx
	Instruction: xor    %r9d %r9d -> %r9d
	Instruction: mov    %rbx -> %r8
	Instruction: mov    %rax -> 0xfffffec0(%rbp)[8byte]
	Instruction: pxor   %xmm0 %xmm0 -> %xmm0
	Instruction: mov    $0x0000000103ae75f6 -> %rax
	Instruction: lea    0x00000398(%rsi) -> %rcx
	Instruction: mov    %rax -> 0xfffffec8(%rbp)[8byte]
	Instruction: mov    0xfffffe58(%rbp)[8byte] -> %rax
	Instruction: lea    <rel> 0x00007f43bd9b42bf -> %rdi
	Instruction: movaps %xmm0 -> 0xfffffea0(%rbp)[16byte]
	Instruction: mov    $0x0000000000000000 -> 0xfffffeb0(%rbp)[8byte]
	Instruction: mov    $0x20 -> 0xfffffea4(%rbp)[1byte]
	Instruction: mov    $0x0000000000000000 -> 0xfffffed0(%rbp)[8byte]
	Instruction: mov    %rax -> 0xfffffe90(%rbp)[8byte]
	Instruction: push   $0x0000000000000000 %rsp -> %rsp 0xfffffff8(%rsp)[8byte]
	Instruction: push   $0x0000000000000000 %rsp -> %rsp 0xfffffff8(%rsp)[8byte]
	Instruction: call   <rel> 0x00007f43bd9bc800[8byte] %rsp -> %rsp 0xfffffff8(%rsp)[8byte]
[ARKADE BB END] handling event_bb is done.




[ARKADE BB START] Basic Block is detected -> event_bb_insert is called.

	Instruction: movdqa (%rdi)[16byte] -> %xmm3
	Instruction: pxor   %xmm0 %xmm0 -> %xmm0
	Instruction: mov    $0x0000000000000010 -> %rcx
	Instruction: mov    $0x0000000f -> %r9d
	Instruction: lea    0x0f(%rdi) -> %r10
	Instruction: and    $0x0000000000000fff %r10 -> %r10
	Instruction: sub    $0x0000000000001000 %r10 -> %r10
	Instruction: data16 nop    0x00000000(%rax,%rax)[4byte]
	Instruction: add    $0x0000000000000010 %r10 -> %r10
	Instruction: jnle   $0x00007f43bd9af9c0
[ARKADE BB END] handling event_bb is done.




[ARKADE BB START] Basic Block is detected -> event_bb_insert is called.

	Instruction: movdqa (%rsi,%rcx)[16byte] -> %xmm1
	Instruction: movdqa (%rdi,%rcx)[16byte] -> %xmm2
	Instruction: movdqa %xmm2 -> %xmm4
	Instruction: psrldq $0x0f %xmm3 -> %xmm3
	Instruction: pslldq $0x01 %xmm2 -> %xmm2
	Instruction: por    %xmm3 %xmm2 -> %xmm2
	Instruction: pcmpeqb %xmm1 %xmm0 -> %xmm0
	Instruction: pcmpeqb %xmm2 %xmm1 -> %xmm1
	Instruction: psubb  %xmm0 %xmm1 -> %xmm1
	Instruction: pmovmskb %xmm1 -> %edx
	Instruction: sub    $0x0000ffff %edx -> %edx
	Instruction: jnz    $0x00007f43bd9afa00
[ARKADE BB END] handling event_bb is done.




[ARKADE BB START] Basic Block is detected -> event_bb_insert is called.

	Instruction: add    $0x0000000000000010 %rcx -> %rcx
	Instruction: movdqa %xmm4 -> %xmm3
	Instruction: add    $0x0000000000000010 %r10 -> %r10
	Instruction: jnle   $0x00007f43bd9af9c0
[ARKADE BB END] handling event_bb is done.




[ARKADE BB START] Basic Block is detected -> event_bb_insert is called.

	Instruction: movdqa (%rsi,%rcx)[16byte] -> %xmm1
	Instruction: movdqa (%rdi,%rcx)[16byte] -> %xmm2
	Instruction: movdqa %xmm2 -> %xmm4
	Instruction: psrldq $0x0f %xmm3 -> %xmm3
	Instruction: pslldq $0x01 %xmm2 -> %xmm2
	Instruction: por    %xmm3 %xmm2 -> %xmm2
	Instruction: pcmpeqb %xmm1 %xmm0 -> %xmm0
	Instruction: pcmpeqb %xmm2 %xmm1 -> %xmm1
	Instruction: psubb  %xmm0 %xmm1 -> %xmm1
	Instruction: pmovmskb %xmm1 -> %edx
	Instruction: sub    $0x0000ffff %edx -> %edx
	Instruction: jnz    $0x00007f43bd9afa00
[ARKADE BB END] handling event_bb is done.




[ARKADE BB START] Basic Block is detected -> event_bb_insert is called.

	Instruction: mov    0xfffffe90(%rbp)[8byte] -> %rdx
	Instruction: pop    %rsp (%rsp)[8byte] -> %rcx %rsp
	Instruction: pop    %rsp (%rsp)[8byte] -> %rsi %rsp
	Instruction: test   %rdx %rdx
	Instruction: jz     $0x00007f43bd993b7a
[ARKADE BB END] handling event_bb is done.




[ARKADE BB START] Basic Block is detected -> event_bb_insert is called.

	Instruction: data16 cmp    0x06(%rdx)[2byte] $0xfff1
	Instruction: jz     $0x00007f43bd992e3f
[ARKADE BB END] handling event_bb is done.




[ARKADE BB START] Basic Block is detected -> event_bb_insert is called.

	Instruction: test   %rax %rax
	Instruction: jz     $0x00007f43bd992e3f
[ARKADE BB END] handling event_bb is done.




[ARKADE BB START] Basic Block is detected -> event_bb_insert is called.

	Instruction: mov    (%rax)[8byte] -> %rax
	Instruction: add    0x08(%rdx)[8byte] %rax -> %rax
	Instruction: mov    %rax -> <rel> 0x00007f43bd9bc7e0[8byte]
	Instruction: lea    <rel> 0x00007f43bd9b5d68 -> %rbx
	Instruction: call   $0x00007f43bd9ac1e0 %rsp -> %rsp 0xfffffff8(%rsp)[8byte]
[ARKADE BB END] handling event_bb is done.




[ARKADE BB START] Basic Block is detected -> event_bb_insert is called.

	Instruction: nop    %edx
	Instruction: push   %r12 %rsp -> %rsp 0xfffffff8(%rsp)[8byte]
	Instruction: push   %rbp %rsp -> %rsp 0xfffffff8(%rsp)[8byte]
	Instruction: push   %rbx %rsp -> %rsp 0xfffffff8(%rsp)[8byte]
	Instruction: sub    $0x00000000000001d0 %rsp -> %rsp
	Instruction: mov    <rel> 0x00007f43bd9bc7b8[8byte] -> %rbx
	Instruction: test   %rbx %rbx
	Instruction: jz     $0x00007f43bd9ac2c0
[ARKADE BB END] handling event_bb is done.




[ARKADE BB START] Basic Block is detected -> event_bb_insert is called.

	Instruction: movzx  0x000002b8(%rbx)[2byte] -> %r11d
	Instruction: mov    0x000002a8(%rbx)[8byte] -> %rsi
	Instruction: test   %r11 %r11
	Instruction: jz     $0x00007f43bd9ac2c0
[ARKADE BB END] handling event_bb is done.




[ARKADE BB START] Basic Block is detected -> event_bb_insert is called.

	Instruction: xor    %edi %edi -> %edi
	Instruction: mov    $0x0000000c -> %ebp
	Instruction: jmp    $0x00007f43bd9ac231
[ARKADE BB END] handling event_bb is done.




[ARKADE BB START] Basic Block is detected -> event_bb_insert is called.

	Instruction: cmp    (%rsi)[4byte] $0x00000004
	Instruction: jnz    $0x00007f43bd9ac220
[ARKADE BB END] handling event_bb is done.




[ARKADE BB START] Basic Block is detected -> event_bb_insert is called.

	Instruction: add    $0x0000000000000001 %rdi -> %rdi
	Instruction: add    $0x0000000000000038 %rsi -> %rsi
	Instruction: cmp    %rdi %r11
	Instruction: jz     $0x00007f43bd9ac2c0
[ARKADE BB END] handling event_bb is done.




[ARKADE BB START] Basic Block is detected -> event_bb_insert is called.

	Instruction: mov    0x28(%rsi)[8byte] -> %r8
	Instruction: mov    (%rbx)[8byte] -> %rax
	Instruction: add    0x10(%rsi)[8byte] %rax -> %rax
	Instruction: cmp    %r8 $0x000000000000000c
	Instruction: jbe    $0x00007f43bd9ac220
[ARKADE BB END] handling event_bb is done.




[ARKADE BB START] Basic Block is detected -> event_bb_insert is called.

	Instruction: mov    %rbp -> %r10
	Instruction: lea    <rel> 0x00007f43bd9b39d0 -> %r9
	Instruction: sub    %rax %r10 -> %r10
	Instruction: jmp    $0x00007f43bd9ac286
[ARKADE BB END] handling event_bb is done.




[ARKADE BB START] Basic Block is detected -> event_bb_insert is called.

	Instruction: mov    (%rax)[8byte] -> %rdx
	Instruction: mov    0x08(%rax)[8byte] -> %rcx
	Instruction: xor    (%r9)[8byte] %rdx -> %rdx
	Instruction: xor    <rel> 0x00007f43bd9b39d8[8byte] %rcx -> %rcx
	Instruction: or     %rdx %rcx -> %rcx
	Instruction: jnz    $0x00007f43bd9ac260
[ARKADE BB END] handling event_bb is done.




[ARKADE BB START] Basic Block is detected -> event_bb_insert is called.

	Instruction: mov    <rel> 0x00007f43bd9b39e0[4byte] -> %ecx
	Instruction: cmp    0x10(%rax)[4byte] %ecx
	Instruction: jnz    $0x00007f43bd9ac260
[ARKADE BB END] handling event_bb is done.




[ARKADE BB START] Basic Block is detected -> event_bb_insert is called.

	Instruction: mov    0x14(%rax)[4byte] -> %eax
	Instruction: add    $0x00000000000001d0 %rsp -> %rsp
	Instruction: pop    %rsp (%rsp)[8byte] -> %rbx %rsp
	Instruction: pop    %rsp (%rsp)[8byte] -> %rbp %rsp
	Instruction: pop    %rsp (%rsp)[8byte] -> %r12 %rsp
	Instruction: ret    %rsp (%rsp)[8byte] -> %rsp
[ARKADE BB END] handling event_bb is done.




[ARKADE BB START] Basic Block is detected -> event_bb_insert is called.

	Instruction: test   %eax %eax
	Instruction: js     $0x00007f43bd992d20
[ARKADE BB END] handling event_bb is done.




[ARKADE BB START] Basic Block is detected -> event_bb_insert is called.

	Instruction: mov    <rel> 0x00007f43bd9bc624[4byte] -> %edx
	Instruction: test   %edx %edx
	Instruction: jnz    $0x00007f43bd993b28
[ARKADE BB END] handling event_bb is done.




[ARKADE BB START] Basic Block is detected -> event_bb_insert is called.

	Instruction: mov    %eax -> <rel> 0x00007f43bd9bc624[4byte]
	Instruction: cmp    %eax $0x000301ff
	Instruction: jnle   $0x00007f43bd992e62
[ARKADE BB END] handling event_bb is done.




[ARKADE BB START] Basic Block is detected -> event_bb_insert is called.

	Instruction: mov    <rel> 0x00007f43bd9bc540[8byte] -> %rdi
	Instruction: call   $0x00007f43bd999050 %rsp -> %rsp 0xfffffff8(%rsp)[8byte]
[ARKADE BB END] handling event_bb is done.




[ARKADE BB START] Basic Block is detected -> event_bb_insert is called.

	Instruction: nop    %edx
	Instruction: push   %rbp %rsp -> %rsp 0xfffffff8(%rsp)[8byte]
	Instruction: lea    <rel> 0x00007f43bd9bc850 -> %rcx
	Instruction: lea    <rel> 0x00007f43bd9bc858 -> %rdx
	Instruction: mov    %rsp -> %rbp
	Instruction: push   %r15 %rsp -> %rsp 0xfffffff8(%rsp)[8byte]
	Instruction: push   %r14 %rsp -> %rsp 0xfffffff8(%rsp)[8byte]
	Instruction: push   %r13 %rsp -> %rsp 0xfffffff8(%rsp)[8byte]
	Instruction: push   %r12 %rsp -> %rsp 0xfffffff8(%rsp)[8byte]
	Instruction: push   %rbx %rsp -> %rsp 0xfffffff8(%rsp)[8byte]
	Instruction: sub    $0x0000000000000028 %rsp -> %rsp
	Instruction: mov    %rdi -> 0xffffffb0(%rbp)[8byte]
	Instruction: mov    <rel> 0x00007f43bd9bc630[8byte] -> %rsi
	Instruction: mov    <rel> 0x00007f43bd9bc628[8byte] -> %rdi
	Instruction: call   $0x00007f43bd99f780 %rsp -> %rsp 0xfffffff8(%rsp)[8byte]
[ARKADE BB END] handling event_bb is done.




[ARKADE BB START] Basic Block is detected -> event_bb_insert is called.

	Instruction: nop    %edx
	Instruction: push   %rbp %rsp -> %rsp 0xfffffff8(%rsp)[8byte]
	Instruction: mov    %rsp -> %rbp
	Instruction: push   %r15 %rsp -> %rsp 0xfffffff8(%rsp)[8byte]
	Instruction: mov    %rdi -> %r15
	Instruction: push   %r14 %rsp -> %rsp 0xfffffff8(%rsp)[8byte]
	Instruction: lea    0xffffffc8(%rbp) -> %rax
	Instruction: push   %r13 %rsp -> %rsp 0xfffffff8(%rsp)[8byte]
	Instruction: push   %r12 %rsp -> %rsp 0xfffffff8(%rsp)[8byte]
	Instruction: push   %rbx %rsp -> %rsp 0xfffffff8(%rsp)[8byte]
	Instruction: sub    $0x0000000000000088 %rsp -> %rsp
	Instruction: mov    %rdi -> 0xffffffa0(%rbp)[8byte]
	Instruction: mov    $0x0000000b -> %edi
	Instruction: mov    %rsi -> 0xffffff98(%rbp)[8byte]
	Instruction: mov    %rax -> %rsi
	Instruction: mov    %rdx -> 0xffffffa8(%rbp)[8byte]
	Instruction: xor    %edx %edx -> %edx
	Instruction: mov    %rax -> 0xffffff80(%rbp)[8byte]
	Instruction: mov    %rcx -> 0xffffff90(%rbp)[8byte]
	Instruction: call   $0x00007f43bd9a95e0 %rsp -> %rsp 0xfffffff8(%rsp)[8byte]
[ARKADE BB END] handling event_bb is done.




[ARKADE BB START] Basic Block is detected -> event_bb_insert is called.

	Instruction: mov    0xffffffc8(%rbp)[8byte] -> %rbx
	Instruction: mov    <rel> 0x00007f43bd9bc678[8byte] -> %rax
	Instruction: xor    %edx %edx -> %edx
	Instruction: test   %r15 %r15
	Instruction: mov    %rax -> 0xffffffb0(%rbp)[8byte]
	Instruction: setnz   -> %dl
	Instruction: and    %rbx %rax -> %rax
	Instruction: mov    %rbx -> 0xffffff88(%rbp)[8byte]
	Instruction: mov    %rax -> %r8
	Instruction: jz     $0x00007f43bd9a0060
[ARKADE BB END] handling event_bb is done.




[ARKADE BB START] Basic Block is detected -> event_bb_insert is called.

	Instruction: xor    %ecx %ecx -> %ecx
	Instruction: mov    $0x00000001 -> %esi
	Instruction: bt     %r8 %rcx
	Instruction: lea    0x01(%rdx) -> %r12
	Instruction: jnb    $0x00007f43bd99f804
[ARKADE BB END] handling event_bb is done.




[ARKADE BB START] Basic Block is detected -> event_bb_insert is called.

	Instruction: add    $0x0000000000000001 %rcx -> %rcx
	Instruction: mov    %rsi -> %rax
	Instruction: shl    %cl %rax -> %rax
	Instruction: neg    %rax -> %rax
	Instruction: test   %rax %r8
	Instruction: jnz    $0x00007f43bd99f7f0
[ARKADE BB END] handling event_bb is done.




[ARKADE BB START] Basic Block is detected -> event_bb_insert is called.

	Instruction: bt     %r8 %rcx
	Instruction: lea    0x01(%rdx) -> %r12
	Instruction: jnb    $0x00007f43bd99f804
[ARKADE BB END] handling event_bb is done.




[ARKADE BB START] Basic Block is detected -> event_bb_insert is called.

	Instruction: lea    0x02(%rdx) -> %rax
	Instruction: mov    %r12 -> %rdx
	Instruction: mov    %rax -> %r12
	Instruction: add    $0x0000000000000001 %rcx -> %rcx
	Instruction: mov    %rsi -> %rax
	Instruction: shl    %cl %rax -> %rax
	Instruction: neg    %rax -> %rax
	Instruction: test   %rax %r8
	Instruction: jnz    $0x00007f43bd99f7f0
[ARKADE BB END] handling event_bb is done.




[ARKADE BB START] Basic Block is detected -> event_bb_insert is called.

	Instruction: mov    <rel> 0x00007f43bd9bc7b8[8byte] -> %rax
	Instruction: test   %rax %rax
	Instruction: jz     $0x00007f43bd99ff27
[ARKADE BB END] handling event_bb is done.




[ARKADE BB START] Basic Block is detected -> event_bb_insert is called.

	Instruction: movzx  0x000002b8(%rax)[2byte] -> %r15d
	Instruction: mov    0x000002a8(%rax)[8byte] -> %rsi
	Instruction: test   %r15 %r15
	Instruction: jz     $0x00007f43bd99fe27
[ARKADE BB END] handling event_bb is done.




[ARKADE BB START] Basic Block is detected -> event_bb_insert is called.

	Instruction: mov    %r8 -> 0xffffffb8(%rbp)[8byte]
	Instruction: xor    %ebx %ebx -> %ebx
	Instruction: mov    %rax -> %r8
	Instruction: jmp    $0x00007f43bd99f861
[ARKADE BB END] handling event_bb is done.




[ARKADE BB START] Basic Block is detected -> event_bb_insert is called.

	Instruction: cmp    (%rsi)[4byte] $0x00000004
	Instruction: jnz    $0x00007f43bd99f850
[ARKADE BB END] handling event_bb is done.




[ARKADE BB START] Basic Block is detected -> event_bb_insert is called.

	Instruction: add    $0x0000000000000001 %rbx -> %rbx
	Instruction: add    $0x0000000000000038 %rsi -> %rsi
	Instruction: cmp    %r15 %rbx
	Instruction: jz     $0x00007f43bd99fe23
[ARKADE BB END] handling event_bb is done.




[ARKADE BB START] Basic Block is detected -> event_bb_insert is called.

	Instruction: mov    0x30(%rsi)[8byte] -> %r14
	Instruction: cmp    %r14 $0x0000000000000003
	Instruction: jbe    $0x00007f43bd99fe18
[ARKADE BB END] handling event_bb is done.




[ARKADE BB START] Basic Block is detected -> event_bb_insert is called.

	Instruction: lea    0xfffffffc(%r14) -> %rax
	Instruction: test   %rax $0xfffffffffffffffb
	Instruction: jnz    $0x00007f43bd99f850
[ARKADE BB END] handling event_bb is done.




[ARKADE BB START] Basic Block is detected -> event_bb_insert is called.

	Instruction: mov    0x28(%rsi)[8byte] -> %rdi
	Instruction: mov    (%r8)[8byte] -> %rdx
	Instruction: add    0x10(%rsi)[8byte] %rdx -> %rdx
	Instruction: cmp    %rdi $0x000000000000000c
	Instruction: jbe    $0x00007f43bd99f850
[ARKADE BB END] handling event_bb is done.




[ARKADE BB START] Basic Block is detected -> event_bb_insert is called.

	Instruction: mov    %r14 -> %rcx
	Instruction: mov    $0x0000000c -> %r9d
	Instruction: lea    0x0b(%r14) -> %r11
	Instruction: neg    %rcx -> %rcx
	Instruction: lea    0xffffffff(%r14) -> %r10
	Instruction: sub    %rdx %r9 -> %r9
	Instruction: jmp    $0x00007f43bd99f8cb
[ARKADE BB END] handling event_bb is done.




[ARKADE BB START] Basic Block is detected -> event_bb_insert is called.

	Instruction: cmp    0x08(%rdx)[4byte] $0x00000002
	Instruction: mov    (%rdx)[4byte] -> %eax
	Instruction: mov    0x04(%rdx)[4byte] -> %r13d
	Instruction: jnz    $0x00007f43bd99f8b0
[ARKADE BB END] handling event_bb is done.




[ARKADE BB START] Basic Block is detected -> event_bb_insert is called.

	Instruction: add    %r11 %rax -> %rax
	Instruction: add    %r10 %r13 -> %r13
	Instruction: and    %rcx %rax -> %rax
	Instruction: add    %r13 %rax -> %rax
	Instruction: and    %rcx %rax -> %rax
	Instruction: add    %rax %rdx -> %rdx
	Instruction: lea    (%rdx,%r9) -> %rax
	Instruction: cmp    %rax %rdi
	Instruction: jnb    $0x00007f43bd99f850
[ARKADE BB END] handling event_bb is done.




[ARKADE BB START] Basic Block is detected -> event_bb_insert is called.

	Instruction: mov    0xffffffb8(%rbp)[8byte] -> %r8
	Instruction: mov    %r12 -> %rax
	Instruction: mov    %rsp -> %rbx
	Instruction: shl    $0x0000000000000004 %rax -> %rax
	Instruction: add    $0x0000000000000010 %rax -> %rax
	Instruction: mov    %rax -> %rdx
	Instruction: and    $0xfffffffffffff000 %rdx -> %rdx
	Instruction: sub    %rdx %rbx -> %rbx
	Instruction: mov    %rbx -> %rdx
	Instruction: cmp    %rsp %rdx
	Instruction: jz     $0x00007f43bd99fe5f
[ARKADE BB END] handling event_bb is done.




[ARKADE BB START] Basic Block is detected -> event_bb_insert is called.

	Instruction: and    $0x00000fff %eax -> %eax
	Instruction: sub    %rax %rsp -> %rsp
	Instruction: test   %rax %rax
	Instruction: jz     $0x00007f43bd99fe72
[ARKADE BB END] handling event_bb is done.




[ARKADE BB START] Basic Block is detected -> event_bb_insert is called.

	Instruction: or     $0x0000000000000000 0xfffffff8(%rsp,%rax)[8byte] -> 0xfffffff8(%rsp,%rax)[8byte]
	Instruction: lea    0x0f(%rsp) -> %rax
	Instruction: mov    $0x00000001 -> %ecx
	Instruction: xor    %r13d %r13d -> %r13d
	Instruction: and    $0xfffffffffffffff0 %rax -> %rax
	Instruction: mov    %rax -> %rbx
	Instruction: test   %r8 %r8
	Instruction: jz     $0x00007f43bd99fa2a
[ARKADE BB END] handling event_bb is done.




[ARKADE BB START] Basic Block is detected -> event_bb_insert is called.

	Instruction: lea    0x01(%r13) -> %r14
	Instruction: mov    %r12 -> 0xffffff88(%rbp)[8byte]
	Instruction: mov    %rbx -> %rdx
	Instruction: xor    %r15d %r15d -> %r15d
	Instruction: mov    %r14 -> %rax
	Instruction: mov    %r13 -> %rbx
	Instruction: mov    %r8 -> %r14
	Instruction: mov    %rax -> %r8
	Instruction: nop    0x00000000(%rax)[4byte]
	Instruction: mov    %rbx -> %r13
	Instruction: shl    $0x0000000000000004 %r13 -> %r13
	Instruction: bt     %r14 %r15
	Instruction: lea    (%rdx,%r13) -> %r12
	Instruction: jnb    $0x00007f43bd99ff70
[ARKADE BB END] handling event_bb is done.




[ARKADE BB START] Basic Block is detected -> event_bb_insert is called.

	Instruction: add    $0x0000000000000001 %r15 -> %r15
	Instruction: jmp    $0x00007f43bd99feb0
[ARKADE BB END] handling event_bb is done.




[ARKADE BB START] Basic Block is detected -> event_bb_insert is called.

	Instruction: mov    %rbx -> %r13
	Instruction: shl    $0x0000000000000004 %r13 -> %r13
	Instruction: bt     %r14 %r15
	Instruction: lea    (%rdx,%r13) -> %r12
	Instruction: jnb    $0x00007f43bd99ff70
[ARKADE BB END] handling event_bb is done.




[ARKADE BB START] Basic Block is detected -> event_bb_insert is called.

	Instruction: movsxd %r15d -> %rax
	Instruction: mov    %r8 -> 0xffffffb0(%rbp)[8byte]
	Instruction: lea    0x00000110(%rax,%rax,8) -> %rdi
	Instruction: lea    <rel> 0x00007f43bd9bc620 -> %rax
	Instruction: mov    %rdx -> 0xffffffb8(%rbp)[8byte]
	Instruction: add    %rax %rdi -> %rdi
	Instruction: mov    %rdi -> (%r12)[8byte]
	Instruction: call   $0x00007f43bd9b1e20 %rsp -> %rsp 0xfffffff8(%rsp)[8byte]
[ARKADE BB END] handling event_bb is done.




[ARKADE BB START] Basic Block is detected -> event_bb_insert is called.

	Instruction: mov    %r15d -> %ecx
	Instruction: mov    $0x00000001 -> %esi
	Instruction: mov    %r14 -> %rdi
	Instruction: shl    %cl %rsi -> %rsi
	Instruction: mov    0xffffffb8(%rbp)[8byte] -> %rdx
	Instruction: add    $0x0000000000000001 %r15 -> %r15
	Instruction: mov    %rax -> 0x08(%r12)[8byte]
	Instruction: xor    %rsi %rdi -> %rdi
	Instruction: cmp    %r14 %rsi
	Instruction: mov    0xffffffb0(%rbp)[8byte] -> %r8
	Instruction: lea    0x02(%rbx) -> %rcx
	Instruction: lea    0x10(%rdx,%r13) -> %rax
	Instruction: jz     $0x00007f43bd99ff9a
[ARKADE BB END] handling event_bb is done.




[ARKADE BB START] Basic Block is detected -> event_bb_insert is called.

	Instruction: mov    0xffffff88(%rbp)[8byte] -> %r12
	Instruction: mov    %rdx -> %rbx
	Instruction: jmp    $0x00007f43bd99fa2a
[ARKADE BB END] handling event_bb is done.




[ARKADE BB START] Basic Block is detected -> event_bb_insert is called.

	Instruction: mov    0xffffffa0(%rbp)[8byte] -> %rsi
	Instruction: test   %rsi %rsi
	Instruction: jz     $0x00007f43bd99fa4c
[ARKADE BB END] handling event_bb is done.




[ARKADE BB START] Basic Block is detected -> event_bb_insert is called.

	Instruction: mov    %rsi -> (%rax)[8byte]
	Instruction: mov    0xffffff98(%rbp)[8byte] -> %rsi
	Instruction: mov    %rsi -> 0x08(%rax)[8byte]
	Instruction: mov    %rcx -> %rax
	Instruction: add    $0x0000000000000001 %rcx -> %rcx
	Instruction: shl    $0x0000000000000004 %rax -> %rax
	Instruction: add    %rbx %rax -> %rax
	Instruction: lea    <rel> 0x00007f43bd9b47b3 -> %rsi
	Instruction: mov    $0x0000000000000003 -> 0x08(%rax)[8byte]
	Instruction: mov    %rsi -> (%rax)[8byte]
	Instruction: cmp    %r12 %rcx
	Instruction: jnz    $0x00007f43bd9a0092
[ARKADE BB END] handling event_bb is done.




[ARKADE BB START] Basic Block is detected -> event_bb_insert is called.

	Instruction: mov    0x08(%rbx)[8byte] -> %rax
	Instruction: mov    %rax -> 0xffffffb8(%rbp)[8byte]
	Instruction: cmp    %r12 $0x0000000000000001
	Instruction: jz     $0x00007f43bd99ffa6
[ARKADE BB END] handling event_bb is done.




[ARKADE BB START] Basic Block is detected -> event_bb_insert is called.

	Instruction: mov    %rax -> %rcx
	Instruction: mov    %r12 -> %rax
	Instruction: shl    $0x0000000000000004 %rax -> %rax
	Instruction: lea    0xfffffff0(%rbx,%rax) -> %rdx
	Instruction: mov    %rax -> 0xffffff68(%rbp)[8byte]
	Instruction: mov    0x08(%rdx)[8byte] -> %rax
	Instruction: mov    %rax -> 0xffffffb0(%rbp)[8byte]
	Instruction: lea    0x02(%rax,%rcx) -> %rax
	Instruction: cmp    %r12 $0x0000000000000002
	Instruction: jbe    $0x00007f43bd99ffdb
[ARKADE BB END] handling event_bb is done.




[ARKADE BB START] Basic Block is detected -> event_bb_insert is called.

	Instruction: lea    0xfffffffd(%r12) -> %rsi
	Instruction: lea    (%rax,%rax) -> %rcx
	Instruction: cmp    %rsi $0x0000000000000003
	Instruction: jbe    $0x00007f43bd9a0076
[ARKADE BB END] handling event_bb is done.




[ARKADE BB START] Basic Block is detected -> event_bb_insert is called.

	Instruction: mov    $0x00000001 -> %esi
	Instruction: mov    $0x00000002 -> %edi
	Instruction: jmp    $0x00007f43bd99fb18
[ARKADE BB END] handling event_bb is done.




[ARKADE BB START] Basic Block is detected -> event_bb_insert is called.

	Instruction: shl    $0x0000000000000004 %rsi -> %rsi
	Instruction: mov    0x08(%rbx,%rsi)[8byte] -> %rax
	Instruction: lea    0x01(%rdi) -> %rsi
	Instruction: lea    0x01(%rcx,%rax) -> %rax
	Instruction: cmp    %rsi %r12
	Instruction: jnb    $0x00007f43bd9a004c
[ARKADE BB END] handling event_bb is done.




[ARKADE BB START] Basic Block is detected -> event_bb_insert is called.

	Instruction: cmp    %r12 $0x0000000000000003
	Instruction: jnz    $0x00007f43bd99fb72
[ARKADE BB END] handling event_bb is done.




[ARKADE BB START] Basic Block is detected -> event_bb_insert is called.

	Instruction: mov    $0x00000003 -> %esi
	Instruction: jmp    $0x00007f43bd99fb9a
[ARKADE BB END] handling event_bb is done.




[ARKADE BB START] Basic Block is detected -> event_bb_insert is called.

	Instruction: lea    0xfffffffd(%rsi) -> %ecx
	Instruction: shl    %cl %rax -> %rax
	Instruction: mov    $0x00000001 -> %r8d
	Instruction: mov    %esi -> %ecx
	Instruction: mov    %rdx -> 0xffffff98(%rbp)[8byte]
	Instruction: mov    %r8d -> %edi
	Instruction: mov    %esi -> 0xffffffa0(%rbp)[4byte]
	Instruction: shl    %cl %edi -> %edi
	Instruction: mov    0xffffffa8(%rbp)[8byte] -> %rcx
	Instruction: mov    %edi -> 0xffffff74(%rbp)[4byte]
	Instruction: movsxd %edi -> %rdi
	Instruction: mov    %rdi -> (%rcx)[8byte]
	Instruction: mov    %rdi -> %r13
	Instruction: shl    $0x0000000000000004 %r13 -> %r13
	Instruction: mov    %rdi -> 0xffffff78(%rbp)[8byte]
	Instruction: lea    0x00(%r13,%rax) -> %rdi
	Instruction: call   $0x00007f43bd9900a0 %rsp -> %rsp 0xfffffff8(%rsp)[8byte]
[ARKADE BB END] handling event_bb is done.
[ARKADE MALLOC CALLED] Malloc (Nonuser Code) (size: 157)
[ARKADE MALLOC CALLED] Module start: 0x00007f43bd98f000
[ARKADE MALLOC CALLED] Module end: 0x00007f43bd9bf000
[ARKADE MALLOC CALLED] Module full path: /lib/x86_64-linux-gnu/ld-2.31.so
[ARKADE MALLOC CALLED] Caller (Nonuser Code): _dl_important_hwcaps (/build/glibc-FcRMwW/glibc-2.31/elf/dl-hwcaps.c:232)




[ARKADE BB START] Basic Block is detected -> event_bb_insert is called.

	Instruction: mov    0xffffffa0(%rbp)[4byte] -> %esi
	Instruction: mov    0xffffff98(%rbp)[8byte] -> %rdx
	Instruction: mov    $0x00000001 -> %r8d
	Instruction: test   %rax %rax
	Instruction: mov    %rax -> %r14
	Instruction: jz     $0x00007f43bd99ffc6
[ARKADE BB END] handling event_bb is done.
[ARKADE MALLOC RETURN] Malloc (Nonuser Code) return base address: 0x00007f43bd9bec00, Size: 157, Active: true




[ARKADE BB START] Basic Block is detected -> event_bb_insert is called.

	Instruction: lea    0xffffffff(%rsi) -> %eax
	Instruction: lea    (%r14,%r13) -> %rdi
	Instruction: mov    %eax -> %ecx
	Instruction: mov    %eax -> 0xffffff88(%rbp)[4byte]
	Instruction: mov    $0x00000001 -> %eax
	Instruction: shl    %cl %r8d -> %r8d
	Instruction: mov    %esi -> %ecx
	Instruction: mov    %rdi -> (%r14)[8byte]
	Instruction: shl    %cl %rax -> %rax
	Instruction: mov    %rdi -> 0x10(%r14)[8byte]
	Instruction: mov    %r8d -> 0xffffff98(%rbp)[4byte]
	Instruction: mov    %rax -> 0xffffff80(%rbp)[8byte]
	Instruction: cmp    %r12 $0x0000000000000002
	Instruction: jz     $0x00007f43bd99ffe3
[ARKADE BB END] handling event_bb is done.




[ARKADE BB START] Basic Block is detected -> event_bb_insert is called.

	Instruction: mov    (%rdx)[8byte] -> %rax
	Instruction: lea    0xfffffffe(%r12) -> %rsi
	Instruction: movsxd 0xffffff98(%rbp)[4byte] -> %r15
	Instruction: mov    %r14 -> 0xffffff58(%rbp)[8byte]
	Instruction: mov    %rsi -> 0xffffffa0(%rbp)[8byte]
	Instruction: mov    $0x00000001 -> %r13d
	Instruction: mov    %rax -> 0xffffffa8(%rbp)[8byte]
	Instruction: mov    (%rbx)[8byte] -> %rax
	Instruction: mov    %r12 -> 0xffffff60(%rbp)[8byte]
	Instruction: mov    %r15 -> %r12
	Instruction: mov    %rax -> %r15
	Instruction: nop    0x00000000(%rax,%rax)[4byte]
	Instruction: mov    0xffffffb0(%rbp)[8byte] -> %rdx
	Instruction: mov    0xffffffa8(%rbp)[8byte] -> %rsi
	Instruction: sub    $0x0000000000000002 %r12 -> %r12
	Instruction: call   $0x00007f43bd9b2380 %rsp -> %rsp 0xfffffff8(%rsp)[8byte]
[ARKADE BB END] handling event_bb is done.




[ARKADE BB START] Basic Block is detected -> event_bb_insert is called.

	Instruction: nop    %edx
	Instruction: mov    %rdi -> %rax
	Instruction: add    %rdx %rax -> %rax
	Instruction: jmp    $0x00007f43bd9b2397
[ARKADE BB END] handling event_bb is done.




[ARKADE BB START] Basic Block is detected -> event_bb_insert is called.

	Instruction: cmp    %rdx $0x0000000000000010
	Instruction: jb     $0x00007f43bd9b23b4
[ARKADE BB END] handling event_bb is done.




[ARKADE BB START] Basic Block is detected -> event_bb_insert is called.

	Instruction: movzx  0xfffffffe(%rsi,%rdx)[2byte] -> %ecx
	Instruction: movzx  (%rsi)[2byte] -> %esi
	Instruction: data16 mov    %cx -> 0xfffffffe(%rdi,%rdx)[2byte]
	Instruction: data16 mov    %si -> (%rdi)[2byte]
	Instruction: ret    %rsp (%rsp)[8byte] -> %rsp
[ARKADE BB END] handling event_bb is done.




[ARKADE BB START] Basic Block is detected -> event_bb_insert is called.

	Instruction: mov    0xffffffa0(%rbp)[8byte] -> %r14
	Instruction: mov    %rax -> %rdi
	Instruction: mov    $0x2f -> (%rax)[1byte]
	Instruction: add    $0x0000000000000001 %rdi -> %rdi
	Instruction: jmp    $0x00007f43bd99fc8e
[ARKADE BB END] handling event_bb is done.




[ARKADE BB START] Basic Block is detected -> event_bb_insert is called.

	Instruction: mov    %r13d -> %eax
	Instruction: mov    %r14d -> %ecx
	Instruction: shl    %cl %eax -> %eax
	Instruction: cwde   %ax -> %rax
	Instruction: test   %rax %r12
	Instruction: jz     $0x00007f43bd99fc88
[ARKADE BB END] handling event_bb is done.




[ARKADE BB START] Basic Block is detected -> event_bb_insert is called.

	Instruction: mov    %r14 -> %rax
	Instruction: shl    $0x0000000000000004 %rax -> %rax
	Instruction: mov    0x08(%rbx,%rax)[8byte] -> %rdx
	Instruction: mov    (%rbx,%rax)[8byte] -> %rsi
	Instruction: call   $0x00007f43bd9b2380 %rsp -> %rsp 0xfffffff8(%rsp)[8byte]
[ARKADE BB END] handling event_bb is done.




[ARKADE BB START] Basic Block is detected -> event_bb_insert is called.

	Instruction: mov    0xfffffffc(%rsi,%rdx)[4byte] -> %ecx
	Instruction: mov    (%rsi)[4byte] -> %esi
	Instruction: mov    %ecx -> 0xfffffffc(%rdi,%rdx)[4byte]
	Instruction: mov    %esi -> (%rdi)[4byte]
	Instruction: ret    %rsp (%rsp)[8byte] -> %rsp
[ARKADE BB END] handling event_bb is done.




[ARKADE BB START] Basic Block is detected -> event_bb_insert is called.

	Instruction: mov    $0x2f -> (%rax)[1byte]
	Instruction: lea    0x01(%rax) -> %rdi
	Instruction: sub    $0x0000000000000001 %r14 -> %r14
	Instruction: jnz    $0x00007f43bd99fc8e
[ARKADE BB END] handling event_bb is done.




[ARKADE BB START] Basic Block is detected -> event_bb_insert is called.

	Instruction: mov    0xffffffb8(%rbp)[8byte] -> %rdx
	Instruction: mov    %r15 -> %rsi
	Instruction: call   $0x00007f43bd9b2380 %rsp -> %rsp 0xfffffff8(%rsp)[8byte]
[ARKADE BB END] handling event_bb is done.




[ARKADE BB START] Basic Block is detected -> event_bb_insert is called.

	Instruction: mov    $0x2f -> (%rax)[1byte]
	Instruction: lea    0x01(%rax) -> %rdi
	Instruction: test   %r12 %r12
	Instruction: jnz    $0x00007f43bd99fc60
[ARKADE BB END] handling event_bb is done.




[ARKADE BB START] Basic Block is detected -> event_bb_insert is called.

	Instruction: mov    0xffffffb0(%rbp)[8byte] -> %rdx
	Instruction: mov    0xffffffa8(%rbp)[8byte] -> %rsi
	Instruction: sub    $0x0000000000000002 %r12 -> %r12
	Instruction: call   $0x00007f43bd9b2380 %rsp -> %rsp 0xfffffff8(%rsp)[8byte]
[ARKADE BB END] handling event_bb is done.




[ARKADE BB START] Basic Block is detected -> event_bb_insert is called.

	Instruction: sub    $0x0000000000000001 %r14 -> %r14
	Instruction: jz     $0x00007f43bd99fcbf
[ARKADE BB END] handling event_bb is done.




[ARKADE BB START] Basic Block is detected -> event_bb_insert is called.

	Instruction: mov    0xffffff60(%rbp)[8byte] -> %r12
	Instruction: mov    0xffffff58(%rbp)[8byte] -> %r14
	Instruction: mov    0xffffff80(%rbp)[8byte] -> %rcx
	Instruction: xor    %eax %eax -> %eax
	Instruction: nop    0x00(%rax,%rax)[4byte]
	Instruction: mov    %rax -> %rdx
	Instruction: add    $0x0000000000000001 %rax -> %rax
	Instruction: shl    $0x0000000000000004 %rdx -> %rdx
	Instruction: mov    $0x0000000000000000 -> 0x08(%r14,%rdx)[8byte]
	Instruction: cmp    %rax %rcx
	Instruction: jb     $0x00007f43bd99fcf0
[ARKADE BB END] handling event_bb is done.




[ARKADE BB START] Basic Block is detected -> event_bb_insert is called.

	Instruction: mov    %rax -> %rdx
	Instruction: add    $0x0000000000000001 %rax -> %rax
	Instruction: shl    $0x0000000000000004 %rdx -> %rdx
	Instruction: mov    $0x0000000000000000 -> 0x08(%r14,%rdx)[8byte]
	Instruction: cmp    %rax %rcx
	Instruction: jb     $0x00007f43bd99fcf0
[ARKADE BB END] handling event_bb is done.




[ARKADE BB START] Basic Block is detected -> event_bb_insert is called.

	Instruction: mov    0xffffff78(%rbp)[8byte] -> %r10
	Instruction: test   %r10 %r10
	Instruction: jz     $0x00007f43bd99fd72
[ARKADE BB END] handling event_bb is done.




[ARKADE BB START] Basic Block is detected -> event_bb_insert is called.

	Instruction: add    0xffffff68(%rbp)[8byte] %rbx -> %rbx
	Instruction: mov    $0x00000001 -> %edi
	Instruction: mov    %r12 -> %rcx
	Instruction: nop    0x00(%rax)[4byte]
	Instruction: sub    $0x0000000000000001 %rcx -> %rcx
	Instruction: mov    %edi -> %esi
	Instruction: mov    %r14 -> %rdx
	Instruction: mov    %r10 -> %rax
	Instruction: shl    %cl %esi -> %esi
	Instruction: movsxd %esi -> %rsi
	Instruction: sub    $0x0000000000000001 %rax -> %rax
	Instruction: add    $0x0000000000000010 %rdx -> %rdx
	Instruction: test   %rsi %rax
	Instruction: jz     $0x00007f43bd99fd64
[ARKADE BB END] handling event_bb is done.




[ARKADE BB START] Basic Block is detected -> event_bb_insert is called.

	Instruction: mov    0xfffffff8(%rdx)[8byte] -> %r9
	Instruction: mov    0xfffffff8(%rbx)[8byte] -> %r8
	Instruction: sub    $0x0000000000000001 %rax -> %rax
	Instruction: add    $0x0000000000000010 %rdx -> %rdx
	Instruction: lea    0x01(%r9,%r8) -> %r8
	Instruction: mov    %r8 -> 0xffffffe8(%rdx)[8byte]
	Instruction: test   %rsi %rax
	Instruction: jnz    $0x00007f43bd99fd46
[ARKADE BB END] handling event_bb is done.




[ARKADE BB START] Basic Block is detected -> event_bb_insert is called.

	Instruction: test   %rax %rax
	Instruction: jnz    $0x00007f43bd99fd39
[ARKADE BB END] handling event_bb is done.




[ARKADE BB START] Basic Block is detected -> event_bb_insert is called.

	Instruction: sub    $0x0000000000000001 %rax -> %rax
	Instruction: add    $0x0000000000000010 %rdx -> %rdx
	Instruction: test   %rsi %rax
	Instruction: jz     $0x00007f43bd99fd64
[ARKADE BB END] handling event_bb is done.




[ARKADE BB START] Basic Block is detected -> event_bb_insert is called.

	Instruction: sub    $0x0000000000000010 %rbx -> %rbx
	Instruction: test   %rcx %rcx
	Instruction: jnz    $0x00007f43bd99fd28
[ARKADE BB END] handling event_bb is done.




[ARKADE BB START] Basic Block is detected -> event_bb_insert is called.

	Instruction: sub    $0x0000000000000001 %rcx -> %rcx
	Instruction: mov    %edi -> %esi
	Instruction: mov    %r14 -> %rdx
	Instruction: mov    %r10 -> %rax
	Instruction: shl    %cl %esi -> %esi
	Instruction: movsxd %esi -> %rsi
	Instruction: sub    $0x0000000000000001 %rax -> %rax
	Instruction: add    $0x0000000000000010 %rdx -> %rdx
	Instruction: test   %rsi %rax
	Instruction: jz     $0x00007f43bd99fd64
[ARKADE BB END] handling event_bb is done.




[ARKADE BB START] Basic Block is detected -> event_bb_insert is called.

	Instruction: mov    0xffffff74(%rbp)[4byte] -> %r8d
	Instruction: movzx  0xffffff88(%rbp)[1byte] -> %ecx
	Instruction: mov    $0x00000001 -> %eax
	Instruction: lea    0x20(%r14) -> %rsi
	Instruction: sub    $0x00000002 %r8d -> %r8d
	Instruction: shl    %cl %rax -> %rax
	Instruction: movsxd %r8d -> %r8
	Instruction: mov    %rax -> %rcx
	Instruction: cmp    %r8 %rax
	Instruction: jz     $0x00007f43bd99fdcc
[ARKADE BB END] handling event_bb is done.




[ARKADE BB START] Basic Block is detected -> event_bb_insert is called.

	Instruction: mov    %rsi -> %rax
	Instruction: mov    %r8 -> %rdx
	Instruction: data16 nop
	Instruction: sub    $0x0000000000000001 %rdx -> %rdx
	Instruction: test   %dl $0x01
	Instruction: jz     $0x00007f43bd99ff80
[ARKADE BB END] handling event_bb is done.




[ARKADE BB START] Basic Block is detected -> event_bb_insert is called.

	Instruction: mov    0xffffffe8(%rax)[8byte] -> %rdi
	Instruction: add    0xffffffe0(%rax)[8byte] %rdi -> %rdi
	Instruction: add    $0x0000000000000010 %rax -> %rax
	Instruction: mov    %rdi -> 0xfffffff0(%rax)[8byte]
	Instruction: cmp    %rdx %rcx
	Instruction: jnz    $0x00007f43bd99fda0
[ARKADE BB END] handling event_bb is done.




[ARKADE BB START] Basic Block is detected -> event_bb_insert is called.

	Instruction: sub    $0x0000000000000001 %rdx -> %rdx
	Instruction: test   %dl $0x01
	Instruction: jz     $0x00007f43bd99ff80
[ARKADE BB END] handling event_bb is done.




[ARKADE BB START] Basic Block is detected -> event_bb_insert is called.

	Instruction: mov    0xfffffff0(%rax)[8byte] -> %rdi
	Instruction: add    $0x0000000000000010 %rax -> %rax
	Instruction: mov    %rdi -> 0xfffffff0(%rax)[8byte]
	Instruction: cmp    %rdx %rcx
	Instruction: jnz    $0x00007f43bd99fda0
[ARKADE BB END] handling event_bb is done.




[ARKADE BB START] Basic Block is detected -> event_bb_insert is called.

	Instruction: jmp    $0x00007f43bd99fdc2
[ARKADE BB END] handling event_bb is done.




[ARKADE BB START] Basic Block is detected -> event_bb_insert is called.

	Instruction: sub    %rcx %r8 -> %r8
	Instruction: shl    $0x0000000000000004 %r8 -> %r8
	Instruction: add    %r8 %rsi -> %rsi
	Instruction: mov    0xffffff98(%rbp)[4byte] -> %edx
	Instruction: mov    0xffffffb0(%rbp)[8byte] -> %rdi
	Instruction: neg    %edx -> %edx
	Instruction: add    $0x0000000000000001 %rdi -> %rdi
	Instruction: movsxd %edx -> %rdx
	Instruction: shl    $0x0000000000000004 %rdx -> %rdx
	Instruction: mov    (%rsi,%rdx)[8byte] -> %rax
	Instruction: add    $0x0000000000000010 %rsi -> %rsi
	Instruction: add    %rdi %rax -> %rax
	Instruction: mov    %rax -> 0xfffffff0(%rsi)[8byte]
	Instruction: sub    $0x0000000000000001 %rcx -> %rcx
	Instruction: jnz    $0x00007f43bd99fde0
[ARKADE BB END] handling event_bb is done.




[ARKADE BB START] Basic Block is detected -> event_bb_insert is called.

	Instruction: mov    (%rsi,%rdx)[8byte] -> %rax
	Instruction: add    $0x0000000000000010 %rsi -> %rsi
	Instruction: add    %rdi %rax -> %rax
	Instruction: mov    %rax -> 0xfffffff0(%rsi)[8byte]
	Instruction: sub    $0x0000000000000001 %rcx -> %rcx
	Instruction: jnz    $0x00007f43bd99fde0
[ARKADE BB END] handling event_bb is done.




[ARKADE BB START] Basic Block is detected -> event_bb_insert is called.

	Instruction: mov    0x08(%r14)[8byte] -> %rax
	Instruction: mov    0xffffff90(%rbp)[8byte] -> %rbx
	Instruction: mov    %rax -> (%rbx)[8byte]
	Instruction: lea    0xffffffd8(%rbp) -> %rsp
	Instruction: mov    %r14 -> %rax
	Instruction: pop    %rsp (%rsp)[8byte] -> %rbx %rsp
	Instruction: pop    %rsp (%rsp)[8byte] -> %r12 %rsp
	Instruction: pop    %rsp (%rsp)[8byte] -> %r13 %rsp
	Instruction: pop    %rsp (%rsp)[8byte] -> %r14 %rsp
	Instruction: pop    %rsp (%rsp)[8byte] -> %r15 %rsp
	Instruction: pop    %rsp (%rsp)[8byte] -> %rbp %rsp
	Instruction: ret    %rsp (%rsp)[8byte] -> %rsp
[ARKADE BB END] handling event_bb is done.




[ARKADE BB START] Basic Block is detected -> event_bb_insert is called.

	Instruction: mov    $0x00000028 -> %edi
	Instruction: mov    %rax -> <rel> 0x00007f43bd9bc860[8byte]
	Instruction: call   $0x00007f43bd9900a0 %rsp -> %rsp 0xfffffff8(%rsp)[8byte]
[ARKADE BB END] handling event_bb is done.
[ARKADE MALLOC CALLED] Malloc (Nonuser Code) (size: 40)
[ARKADE MALLOC CALLED] Module start: 0x00007f43bd98f000
[ARKADE MALLOC CALLED] Module end: 0x00007f43bd9bf000
[ARKADE MALLOC CALLED] Module full path: /lib/x86_64-linux-gnu/ld-2.31.so
[ARKADE MALLOC CALLED] Caller (Nonuser Code): _dl_init_paths (/build/glibc-FcRMwW/glibc-2.31/elf/dl-load.c:698)




[ARKADE BB START] Basic Block is detected -> event_bb_insert is called.

	Instruction: mov    %rax -> <rel> 0x00007f43bd9bc840[8byte]
	Instruction: test   %rax %rax
	Instruction: jz     $0x00007f43bd999416
[ARKADE BB END] handling event_bb is done.
[ARKADE MALLOC RETURN] Malloc (Nonuser Code) return base address: 0x00007f43bd9beca0, Size: 40, Active: true




[ARKADE BB START] Basic Block is detected -> event_bb_insert is called.

	Instruction: mov    $0xcccccccccccccccd -> %rcx
	Instruction: mov    %rax -> %r14
	Instruction: mov    <rel> 0x00007f43bd9bc858[8byte] -> %rax
	Instruction: lea    0x00(,%rax,4) -> %r13
	Instruction: mov    %rax -> 0xffffffc8(%rbp)[8byte]
	Instruction: lea    0x4f(%r13) -> %rdx
	Instruction: mov    %rdx -> %rax
	Instruction: mul    %rcx %rax -> %rdx %rax
	Instruction: shr    $0x0000000000000005 %rdx -> %rdx
	Instruction: lea    (%rdx,%rdx,4) -> %rbx
	Instruction: mov    %rbx -> %rdi
	Instruction: shl    $0x0000000000000005 %rdi -> %rdi
	Instruction: call   $0x00007f43bd9900a0 %rsp -> %rsp 0xfffffff8(%rsp)[8byte]
[ARKADE BB END] handling event_bb is done.
[ARKADE MALLOC CALLED] Malloc (Nonuser Code) (size: 320)
[ARKADE MALLOC CALLED] Module start: 0x00007f43bd98f000
[ARKADE MALLOC CALLED] Module end: 0x00007f43bd9bf000
[ARKADE MALLOC CALLED] Module full path: /lib/x86_64-linux-gnu/ld-2.31.so
[ARKADE MALLOC CALLED] Caller (Nonuser Code): _dl_init_paths (/build/glibc-FcRMwW/glibc-2.31/elf/dl-load.c:711)




[ARKADE BB START] Basic Block is detected -> event_bb_insert is called.

	Instruction: mov    %rax -> (%r14)[8byte]
	Instruction: mov    %rax -> %r15
	Instruction: test   %rax %rax
	Instruction: jz     $0x00007f43bd99944a
[ARKADE BB END] handling event_bb is done.
[ARKADE MALLOC RETURN] Malloc (Nonuser Code) return base address: 0x00007f43bd9becd0, Size: 320, Active: true




[ARKADE BB START] Basic Block is detected -> event_bb_insert is called.

	Instruction: mov    %rax -> <rel> 0x00007f43bd9bd9e0[8byte]
	Instruction: lea    <rel> 0x00007f43bd9b4631 -> %rax
	Instruction: add    $0x0000000000000008 %r14 -> %r14
	Instruction: lea    <rel> 0x00007f43bd9b34e0 -> %r12
	Instruction: mov    %rax -> 0x08(%r15)[8byte]
	Instruction: lea    <rel> 0x00007f43bd9b3500 -> %rax
	Instruction: mov    %rax -> 0x18(%r15)[8byte]
	Instruction: lea    0x00(,%rbx,8) -> %rax
	Instruction: lea    <rel> 0x00007f43bd9b3517 -> %rbx
	Instruction: mov    %rax -> 0xffffffc0(%rbp)[8byte]
	Instruction: neg    %rax -> %rax
	Instruction: cmp    0xffffffc8(%rbp)[8byte] $0x0000000000000000
	Instruction: mov    $0x00000000 -> <rel> 0x00007f43bd9bc848[4byte]
	Instruction: mov    $0x0000000000000000 -> 0x10(%r15)[8byte]
	Instruction: mov    $0x0000000000000016 -> 0x20(%r15)[8byte]
	Instruction: mov    %rax -> 0xffffffb8(%rbp)[8byte]
	Instruction: jz     $0x00007f43bd999169
[ARKADE BB END] handling event_bb is done.




[ARKADE BB START] Basic Block is detected -> event_bb_insert is called.

	Instruction: lea    0x28(%r15) -> %rdi
	Instruction: mov    %r13 -> %rdx
	Instruction: xor    %esi %esi -> %esi
	Instruction: call   $0x00007f43bd9b2580 %rsp -> %rsp 0xfffffff8(%rsp)[8byte]
[ARKADE BB END] handling event_bb is done.




[ARKADE BB START] Basic Block is detected -> event_bb_insert is called.

	Instruction: nop    %edx
	Instruction: movd   %esi -> %xmm0
	Instruction: mov    %rdi -> %rax
	Instruction: punpcklbw %xmm0 %xmm0 -> %xmm0
	Instruction: punpcklwd %xmm0 %xmm0 -> %xmm0
	Instruction: pshufd %xmm0 $0x00 -> %xmm0
	Instruction: cmp    %rdx $0x0000000000000010
	Instruction: jb     $0x00007f43bd9b262c
[ARKADE BB END] handling event_bb is done.




[ARKADE BB START] Basic Block is detected -> event_bb_insert is called.

	Instruction: cmp    %rdx $0x0000000000000020
	Instruction: jnbe   $0x00007f43bd9b25b3
[ARKADE BB END] handling event_bb is done.




[ARKADE BB START] Basic Block is detected -> event_bb_insert is called.

	Instruction: movdqu %xmm0 -> 0xfffffff0(%rdi,%rdx)[16byte]
	Instruction: movdqu %xmm0 -> (%rdi)[16byte]
	Instruction: ret    %rsp (%rsp)[8byte] -> %rsp
[ARKADE BB END] handling event_bb is done.




[ARKADE BB START] Basic Block is detected -> event_bb_insert is called.

	Instruction: lea    <rel> 0x00007f43bd9b34f8 -> %rax
	Instruction: cmp    %rax %r12
	Instruction: jz     $0x00007f43bd9991d0
[ARKADE BB END] handling event_bb is done.




[ARKADE BB START] Basic Block is detected -> event_bb_insert is called.

	Instruction: mov    0xffffffb8(%rbp)[8byte] -> %rax
	Instruction: add    0xffffffc0(%rbp)[8byte] %r15 -> %r15
	Instruction: add    $0x0000000000000008 %r14 -> %r14
	Instruction: add    $0x0000000000000008 %r12 -> %r12
	Instruction: mov    %r15 -> 0xfffffff8(%r14)[8byte]
	Instruction: mov    %r15 -> (%r15,%rax)[8byte]
	Instruction: lea    <rel> 0x00007f43bd9b4631 -> %rax
	Instruction: mov    %rax -> 0x08(%r15)[8byte]
	Instruction: mov    (%r12)[8byte] -> %rax
	Instruction: cmp    (%rbx)[1byte] $0x2f
	Instruction: mov    $0x0000000000000000 -> 0x10(%r15)[8byte]
	Instruction: mov    %rax -> 0x20(%r15)[8byte]
	Instruction: lea    0x01(%rbx,%rax) -> %rax
	Instruction: mov    %rbx -> 0x18(%r15)[8byte]
	Instruction: jnz    $0x00007f43bd99942b
[ARKADE BB END] handling event_bb is done.




[ARKADE BB START] Basic Block is detected -> event_bb_insert is called.

	Instruction: cmp    0xffffffc8(%rbp)[8byte] $0x0000000000000000
	Instruction: mov    %rax -> %rbx
	Instruction: jnz    $0x00007f43bd99915b
[ARKADE BB END] handling event_bb is done.




[ARKADE BB START] Basic Block is detected -> event_bb_insert is called.

	Instruction: mov    <rel> 0x00007f43bd9bd060[8byte] -> %rbx
	Instruction: mov    $0x0000000000000000 -> (%r15)[8byte]
	Instruction: mov    $0x000000000000001a -> <rel> 0x00007f43bd9be070[8byte]
	Instruction: mov    $0x0000000000000000 -> (%r14)[8byte]
	Instruction: test   %rbx %rbx
	Instruction: jz     $0x00007f43bd999251
[ARKADE BB END] handling event_bb is done.




[ARKADE BB START] Basic Block is detected -> event_bb_insert is called.

	Instruction: movzx  0x0000031c(%rbx)[1byte] -> %eax
	Instruction: and    $0x00000003 %eax -> %eax
	Instruction: cmp    %al $0x02
	Instruction: jz     $0x00007f43bd9993f7
[ARKADE BB END] handling event_bb is done.




[ARKADE BB START] Basic Block is detected -> event_bb_insert is called.

	Instruction: mov    0x00000128(%rbx)[8byte] -> %rax
	Instruction: test   %rax %rax
	Instruction: jz     $0x00007f43bd999279
[ARKADE BB END] handling event_bb is done.




[ARKADE BB START] Basic Block is detected -> event_bb_insert is called.

	Instruction: mov    0xb8(%rbx)[8byte] -> %rax
	Instruction: mov    $0xffffffffffffffff -> 0x000003b8(%rbx)[8byte]
	Instruction: test   %rax %rax
	Instruction: jz     $0x00007f43bd999302
[ARKADE BB END] handling event_bb is done.




[ARKADE BB START] Basic Block is detected -> event_bb_insert is called.

	Instruction: mov    $0xffffffffffffffff -> 0x00000328(%rbx)[8byte]
	Instruction: jmp    $0x00007f43bd999251
[ARKADE BB END] handling event_bb is done.




[ARKADE BB START] Basic Block is detected -> event_bb_insert is called.

	Instruction: mov    0xffffffb0(%rbp)[8byte] -> %rax
	Instruction: test   %rax %rax
	Instruction: jz     $0x00007f43bd99925f
[ARKADE BB END] handling event_bb is done.




[ARKADE BB START] Basic Block is detected -> event_bb_insert is called.

	Instruction: cmp    (%rax)[1byte] $0x00
	Instruction: jnz    $0x00007f43bd9992c5
[ARKADE BB END] handling event_bb is done.




[ARKADE BB START] Basic Block is detected -> event_bb_insert is called.

	Instruction: mov    %rax -> %rdi
	Instruction: call   $0x00007f43bd9b1e20 %rsp -> %rsp 0xfffffff8(%rsp)[8byte]
[ARKADE BB END] handling event_bb is done.




[ARKADE BB START] Basic Block is detected -> event_bb_insert is called.

	Instruction: and    $0xfffffffffffffff0 %rax -> %rax
	Instruction: pcmpeqb 0x10(%rax)[16byte] %xmm1 -> %xmm1
	Instruction: pcmpeqb 0x20(%rax)[16byte] %xmm2 -> %xmm2
	Instruction: pcmpeqb 0x30(%rax)[16byte] %xmm3 -> %xmm3
	Instruction: pmovmskb %xmm1 -> %edx
	Instruction: pmovmskb %xmm2 -> %r8d
	Instruction: pmovmskb %xmm3 -> %ecx
	Instruction: shl    $0x0000000000000010 %rdx -> %rdx
	Instruction: shl    $0x0000000000000010 %rcx -> %rcx
	Instruction: or     %r8 %rcx -> %rcx
	Instruction: shl    $0x0000000000000020 %rcx -> %rcx
	Instruction: or     %rcx %rdx -> %rdx
	Instruction: mov    %rdi -> %rcx
	Instruction: xor    %rax %rcx -> %rcx
	Instruction: and    $0xffffffffffffffc0 %rax -> %rax
	Instruction: sar    %cl %rdx -> %rdx
	Instruction: test   %rdx %rdx
	Instruction: jz     $0x00007f43bd9b1f20
[ARKADE BB END] handling event_bb is done.




[ARKADE BB START] Basic Block is detected -> event_bb_insert is called.

	Instruction: movdqa 0x40(%rax)[16byte] -> %xmm0
	Instruction: pminub 0x50(%rax)[16byte] %xmm0 -> %xmm0
	Instruction: pminub 0x60(%rax)[16byte] %xmm0 -> %xmm0
	Instruction: pminub 0x70(%rax)[16byte] %xmm0 -> %xmm0
	Instruction: pcmpeqb %xmm3 %xmm0 -> %xmm0
	Instruction: pmovmskb %xmm0 -> %edx
	Instruction: test   %edx %edx
	Instruction: jnz    $0x00007f43bd9b1f70
[ARKADE BB END] handling event_bb is done.




[ARKADE BB START] Basic Block is detected -> event_bb_insert is called.

	Instruction: sub    $0xffffffffffffff80 %rax -> %rax
	Instruction: movdqa (%rax)[16byte] -> %xmm0
	Instruction: pminub 0x10(%rax)[16byte] %xmm0 -> %xmm0
	Instruction: pminub 0x20(%rax)[16byte] %xmm0 -> %xmm0
	Instruction: pminub 0x30(%rax)[16byte] %xmm0 -> %xmm0
	Instruction: pcmpeqb %xmm3 %xmm0 -> %xmm0
	Instruction: pmovmskb %xmm0 -> %edx
	Instruction: test   %edx %edx
	Instruction: jnz    $0x00007f43bd9b1f74
[ARKADE BB END] handling event_bb is done.




[ARKADE BB START] Basic Block is detected -> event_bb_insert is called.

	Instruction: jmp    $0x00007f43bd9b1f20
[ARKADE BB END] handling event_bb is done.




[ARKADE BB START] Basic Block is detected -> event_bb_insert is called.

	Instruction: add    $0x0000000000000040 %rax -> %rax
	Instruction: pxor   %xmm0 %xmm0 -> %xmm0
	Instruction: pcmpeqb (%rax)[16byte] %xmm0 -> %xmm0
	Instruction: pcmpeqb 0x10(%rax)[16byte] %xmm1 -> %xmm1
	Instruction: pcmpeqb 0x20(%rax)[16byte] %xmm2 -> %xmm2
	Instruction: pcmpeqb 0x30(%rax)[16byte] %xmm3 -> %xmm3
	Instruction: pmovmskb %xmm0 -> %esi
	Instruction: pmovmskb %xmm1 -> %edx
	Instruction: pmovmskb %xmm2 -> %r8d
	Instruction: pmovmskb %xmm3 -> %ecx
	Instruction: shl    $0x0000000000000010 %rdx -> %rdx
	Instruction: shl    $0x0000000000000010 %rcx -> %rcx
	Instruction: or     %rsi %rdx -> %rdx
	Instruction: or     %r8 %rcx -> %rcx
	Instruction: shl    $0x0000000000000020 %rcx -> %rcx
	Instruction: or     %rcx %rdx -> %rdx
	Instruction: bsf    %rdx -> %rdx
	Instruction: add    %rdx %rax -> %rax
	Instruction: sub    %rdi %rax -> %rax
	Instruction: ret    %rsp (%rsp)[8byte] -> %rsp
[ARKADE BB END] handling event_bb is done.




[ARKADE BB START] Basic Block is detected -> event_bb_insert is called.

	Instruction: mov    %rsp -> %rcx
	Instruction: lea    0x01(%rax) -> %r8
	Instruction: add    $0x0000000000000018 %rax -> %rax
	Instruction: mov    %rax -> %rdx
	Instruction: and    $0xfffffffffffff000 %rax -> %rax
	Instruction: sub    %rax %rcx -> %rcx
	Instruction: and    $0xfffffffffffffff0 %rdx -> %rdx
	Instruction: mov    %rcx -> %rax
	Instruction: cmp    %rsp %rax
	Instruction: jz     $0x00007f43bd999312
[ARKADE BB END] handling event_bb is done.




[ARKADE BB START] Basic Block is detected -> event_bb_insert is called.

	Instruction: and    $0x00000fff %edx -> %edx
	Instruction: sub    %rdx %rsp -> %rsp
	Instruction: test   %rdx %rdx
	Instruction: jnz    $0x00007f43bd9993d3
[ARKADE BB END] handling event_bb is done.




[ARKADE BB START] Basic Block is detected -> event_bb_insert is called.

	Instruction: or     $0x0000000000000000 0xfffffff8(%rsp,%rdx)[8byte] -> 0xfffffff8(%rsp,%rdx)[8byte]
	Instruction: jmp    $0x00007f43bd999324
[ARKADE BB END] handling event_bb is done.




[ARKADE BB START] Basic Block is detected -> event_bb_insert is called.

	Instruction: mov    0xffffffb0(%rbp)[8byte] -> %rsi
	Instruction: lea    0x0f(%rsp) -> %rdi
	Instruction: mov    %r8 -> %rdx
	Instruction: and    $0xfffffffffffffff0 %rdi -> %rdi
	Instruction: call   $0x00007f43bd9b2390 %rsp -> %rsp 0xfffffff8(%rsp)[8byte]
[ARKADE BB END] handling event_bb is done.




[ARKADE BB START] Basic Block is detected -> event_bb_insert is called.

	Instruction: cmp    %rdx $0x0000000000000080
	Instruction: jnbe   $0x00007f43bd9b2473
[ARKADE BB END] handling event_bb is done.




[ARKADE BB START] Basic Block is detected -> event_bb_insert is called.

	Instruction: cmp    %rdi %rsi
	Instruction: jnbe   $0x00007f43bd9b24f7
[ARKADE BB END] handling event_bb is done.




[ARKADE BB START] Basic Block is detected -> event_bb_insert is called.

	Instruction: jz     $0x00007f43bd9b23b3
[ARKADE BB END] handling event_bb is done.




[ARKADE BB START] Basic Block is detected -> event_bb_insert is called.

	Instruction: movups (%rsi)[16byte] -> %xmm4
	Instruction: movups 0xfffffff0(%rsi,%rdx)[16byte] -> %xmm5
	Instruction: movups 0xffffffe0(%rsi,%rdx)[16byte] -> %xmm6
	Instruction: movups 0xffffffd0(%rsi,%rdx)[16byte] -> %xmm7
	Instruction: movups 0xffffffc0(%rsi,%rdx)[16byte] -> %xmm8
	Instruction: mov    %rdi -> %r11
	Instruction: lea    0xfffffff0(%rdi,%rdx) -> %rcx
	Instruction: mov    %rdi -> %r8
	Instruction: and    $0x000000000000000f %r8 -> %r8
	Instruction: sub    $0x0000000000000010 %r8 -> %r8
	Instruction: sub    %r8 %rsi -> %rsi
	Instruction: sub    %r8 %rdi -> %rdi
	Instruction: add    %r8 %rdx -> %rdx
	Instruction: movups (%rsi)[16byte] -> %xmm0
	Instruction: movups 0x10(%rsi)[16byte] -> %xmm1
	Instruction: movups 0x20(%rsi)[16byte] -> %xmm2
	Instruction: movups 0x30(%rsi)[16byte] -> %xmm3
	Instruction: add    $0x0000000000000040 %rsi -> %rsi
	Instruction: sub    $0x0000000000000040 %rdx -> %rdx
	Instruction: movaps %xmm0 -> (%rdi)[16byte]
	Instruction: movaps %xmm1 -> 0x10(%rdi)[16byte]
	Instruction: movaps %xmm2 -> 0x20(%rdi)[16byte]
	Instruction: movaps %xmm3 -> 0x30(%rdi)[16byte]
	Instruction: add    $0x0000000000000040 %rdi -> %rdi
	Instruction: cmp    %rdx $0x0000000000000040
	Instruction: jnbe   $0x00007f43bd9b24b2
[ARKADE BB END] handling event_bb is done.




[ARKADE BB START] Basic Block is detected -> event_bb_insert is called.

	Instruction: movups (%rsi)[16byte] -> %xmm0
	Instruction: movups 0x10(%rsi)[16byte] -> %xmm1
	Instruction: movups 0x20(%rsi)[16byte] -> %xmm2
	Instruction: movups 0x30(%rsi)[16byte] -> %xmm3
	Instruction: add    $0x0000000000000040 %rsi -> %rsi
	Instruction: sub    $0x0000000000000040 %rdx -> %rdx
	Instruction: movaps %xmm0 -> (%rdi)[16byte]
	Instruction: movaps %xmm1 -> 0x10(%rdi)[16byte]
	Instruction: movaps %xmm2 -> 0x20(%rdi)[16byte]
	Instruction: movaps %xmm3 -> 0x30(%rdi)[16byte]
	Instruction: add    $0x0000000000000040 %rdi -> %rdi
	Instruction: cmp    %rdx $0x0000000000000040
	Instruction: jnbe   $0x00007f43bd9b24b2
[ARKADE BB END] handling event_bb is done.




[ARKADE BB START] Basic Block is detected -> event_bb_insert is called.

	Instruction: movups %xmm5 -> (%rcx)[16byte]
	Instruction: movups %xmm6 -> 0xfffffff0(%rcx)[16byte]
	Instruction: movups %xmm7 -> 0xffffffe0(%rcx)[16byte]
	Instruction: movups %xmm8 -> 0xffffffd0(%rcx)[16byte]
	Instruction: movups %xmm4 -> (%r11)[16byte]
	Instruction: ret    %rsp (%rsp)[8byte] -> %rsp
[ARKADE BB END] handling event_bb is done.




[ARKADE BB START] Basic Block is detected -> event_bb_insert is called.

	Instruction: mov    %rax -> %r12
	Instruction: movzx  (%rax)[1byte] -> %eax
	Instruction: test   %al %al
	Instruction: jz     $0x00007f43bd9993f0
[ARKADE BB END] handling event_bb is done.




[ARKADE BB START] Basic Block is detected -> event_bb_insert is called.

	Instruction: mov    %r12 -> %rdx
	Instruction: mov    $0x00000001 -> %esi
	Instruction: nop
	Instruction: sub    $0x0000003a %eax -> %eax
	Instruction: lea    0x01(%rsi) -> %rcx
	Instruction: cmp    %al $0x01
	Instruction: jnbe   $0x00007f43bd999365
[ARKADE BB END] handling event_bb is done.




[ARKADE BB START] Basic Block is detected -> event_bb_insert is called.

	Instruction: movzx  0x01(%rdx)[1byte] -> %eax
	Instruction: add    $0x0000000000000001 %rdx -> %rdx
	Instruction: test   %al %al
	Instruction: jnz    $0x00007f43bd999350
[ARKADE BB END] handling event_bb is done.




[ARKADE BB START] Basic Block is detected -> event_bb_insert is called.

	Instruction: sub    $0x0000003a %eax -> %eax
	Instruction: lea    0x01(%rsi) -> %rcx
	Instruction: cmp    %al $0x01
	Instruction: jnbe   $0x00007f43bd999365
[ARKADE BB END] handling event_bb is done.




[ARKADE BB START] Basic Block is detected -> event_bb_insert is called.

	Instruction: lea    0x02(%rsi) -> %rax
	Instruction: mov    %rcx -> %rsi
	Instruction: mov    %rax -> %rcx
	Instruction: movzx  0x01(%rdx)[1byte] -> %eax
	Instruction: add    $0x0000000000000001 %rdx -> %rdx
	Instruction: test   %al %al
	Instruction: jnz    $0x00007f43bd999350
[ARKADE BB END] handling event_bb is done.




[ARKADE BB START] Basic Block is detected -> event_bb_insert is called.

	Instruction: sub    $0x0000003a %eax -> %eax
	Instruction: lea    0x01(%rsi) -> %rcx
	Instruction: cmp    %al $0x01
	Instruction: jnbe   $0x00007f43bd999365
[ARKADE BB END] handling event_bb is done.




[ARKADE BB START] Basic Block is detected -> event_bb_insert is called.

	Instruction: movzx  0x01(%rdx)[1byte] -> %eax
	Instruction: add    $0x0000000000000001 %rdx -> %rdx
	Instruction: test   %al %al
	Instruction: jnz    $0x00007f43bd999350
[ARKADE BB END] handling event_bb is done.




[ARKADE BB START] Basic Block is detected -> event_bb_insert is called.

	Instruction: lea    0x00(,%rcx,8) -> %rdi
	Instruction: call   $0x00007f43bd9900a0 %rsp -> %rsp 0xfffffff8(%rsp)[8byte]
[ARKADE BB END] handling event_bb is done.
[ARKADE MALLOC CALLED] Malloc (Nonuser Code) (size: 136)
[ARKADE MALLOC CALLED] Module start: 0x00007f43bd98f000
[ARKADE MALLOC CALLED] Module end: 0x00007f43bd9bf000
[ARKADE MALLOC CALLED] Module full path: /lib/x86_64-linux-gnu/ld-2.31.so
[ARKADE MALLOC CALLED] Caller (Nonuser Code): _dl_init_paths (/build/glibc-FcRMwW/glibc-2.31/elf/dl-load.c:807)




[ARKADE BB START] Basic Block is detected -> event_bb_insert is called.

	Instruction: mov    %rax -> <rel> 0x00007f43bd9bc870[8byte]
	Instruction: mov    %rax -> %rsi
	Instruction: test   %rax %rax
	Instruction: jz     $0x00007f43bd99944a
[ARKADE BB END] handling event_bb is done.
[ARKADE MALLOC RETURN] Malloc (Nonuser Code) return base address: 0x00007f43bd9bee10, Size: 136, Active: true




[ARKADE BB START] Basic Block is detected -> event_bb_insert is called.

	Instruction: xor    %r8d %r8d -> %r8d
	Instruction: mov    %r12 -> %rdi
	Instruction: lea    <rel> 0x00007f43bd9b4682 -> %rcx
	Instruction: mov    %rbx -> %r9
	Instruction: lea    <rel> 0x00007f43bd9b4692 -> %rdx
	Instruction: call   $0x00007f43bd998b70 %rsp -> %rsp 0xfffffff8(%rsp)[8byte]
[ARKADE BB END] handling event_bb is done.




[ARKADE BB START] Basic Block is detected -> event_bb_insert is called.

	Instruction: push   %r15 %rsp -> %rsp 0xfffffff8(%rsp)[8byte]
	Instruction: push   %r14 %rsp -> %rsp 0xfffffff8(%rsp)[8byte]
	Instruction: push   %r13 %rsp -> %rsp 0xfffffff8(%rsp)[8byte]
	Instruction: push   %r12 %rsp -> %rsp 0xfffffff8(%rsp)[8byte]
	Instruction: mov    %rsi -> %r12
	Instruction: push   %rbp %rsp -> %rsp 0xfffffff8(%rsp)[8byte]
	Instruction: push   %rbx %rsp -> %rsp 0xfffffff8(%rsp)[8byte]
	Instruction: xor    %ebx %ebx -> %ebx
	Instruction: sub    $0x0000000000000058 %rsp -> %rsp
	Instruction: lea    0x48(%rsp) -> %rax
	Instruction: mov    %rdi -> 0x48(%rsp)[8byte]
	Instruction: mov    %rdx -> 0x08(%rsp)[8byte]
	Instruction: mov    %rcx -> 0x40(%rsp)[8byte]
	Instruction: mov    %r8 -> 0x18(%rsp)[8byte]
	Instruction: mov    %r9 -> 0x20(%rsp)[8byte]
	Instruction: mov    %rax -> 0x10(%rsp)[8byte]
	Instruction: data16 nop    0x00000000(%rax,%rax)[4byte]
	Instruction: mov    0x08(%rsp)[8byte] -> %rsi
	Instruction: mov    0x10(%rsp)[8byte] -> %rdi
	Instruction: call   $0x00007f43bd9ac950 %rsp -> %rsp 0xfffffff8(%rsp)[8byte]
[ARKADE BB END] handling event_bb is done.




[ARKADE BB START] Basic Block is detected -> event_bb_insert is called.

	Instruction: nop    %edx
	Instruction: cmp    (%rsi)[1byte] $0x00
	Instruction: jz     $0x00007f43bd9ac9a8
[ARKADE BB END] handling event_bb is done.




[ARKADE BB START] Basic Block is detected -> event_bb_insert is called.

	Instruction: mov    (%rdi)[8byte] -> %r8
	Instruction: test   %r8 %r8
	Instruction: jz     $0x00007f43bd9ac98f
[ARKADE BB END] handling event_bb is done.




[ARKADE BB START] Basic Block is detected -> event_bb_insert is called.

	Instruction: movzx  (%r8)[1byte] -> %edx
	Instruction: test   %dl %dl
	Instruction: jz     $0x00007f43bd9ac9a4
[ARKADE BB END] handling event_bb is done.




[ARKADE BB START] Basic Block is detected -> event_bb_insert is called.

	Instruction: mov    %r8 -> %rcx
	Instruction: nop    0x00(%rax)[4byte]
	Instruction: mov    %rsi -> %rax
	Instruction: jmp    $0x00007f43bd9ac981
[ARKADE BB END] handling event_bb is done.




[ARKADE BB START] Basic Block is detected -> event_bb_insert is called.

	Instruction: cmp    (%rax)[1byte] %dl
	Instruction: jnz    $0x00007f43bd9ac978
[ARKADE BB END] handling event_bb is done.




[ARKADE BB START] Basic Block is detected -> event_bb_insert is called.

	Instruction: add    $0x0000000000000001 %rax -> %rax
	Instruction: cmp    (%rax)[1byte] $0x00
	Instruction: jz     $0x00007f43bd9ac998
[ARKADE BB END] handling event_bb is done.




[ARKADE BB START] Basic Block is detected -> event_bb_insert is called.

	Instruction: movzx  0x01(%rcx)[1byte] -> %edx
	Instruction: add    $0x0000000000000001 %rcx -> %rcx
	Instruction: test   %dl %dl
	Instruction: jnz    $0x00007f43bd9ac970
[ARKADE BB END] handling event_bb is done.




[ARKADE BB START] Basic Block is detected -> event_bb_insert is called.

	Instruction: mov    %rsi -> %rax
	Instruction: jmp    $0x00007f43bd9ac981
[ARKADE BB END] handling event_bb is done.




[ARKADE BB START] Basic Block is detected -> event_bb_insert is called.

	Instruction: add    $0x0000000000000001 %rax -> %rax
	Instruction: cmp    (%rax)[1byte] $0x00
	Instruction: jz     $0x00007f43bd9ac998
[ARKADE BB END] handling event_bb is done.




[ARKADE BB START] Basic Block is detected -> event_bb_insert is called.

	Instruction: movzx  0x01(%rcx)[1byte] -> %edx
	Instruction: add    $0x0000000000000001 %rcx -> %rcx
	Instruction: test   %dl %dl
	Instruction: jnz    $0x00007f43bd9ac970
[ARKADE BB END] handling event_bb is done.




[ARKADE BB START] Basic Block is detected -> event_bb_insert is called.

	Instruction: mov    $0x00 -> (%rcx)[1byte]
	Instruction: lea    0x01(%rcx) -> %rax
	Instruction: mov    %rax -> (%rdi)[8byte]
	Instruction: mov    %r8 -> %rax
	Instruction: ret    %rsp (%rsp)[8byte] -> %rsp
[ARKADE BB END] handling event_bb is done.




[ARKADE BB START] Basic Block is detected -> event_bb_insert is called.

	Instruction: mov    %rax -> %r15
	Instruction: test   %rax %rax
	Instruction: jz     $0x00007f43bd998e40
[ARKADE BB END] handling event_bb is done.




[ARKADE BB START] Basic Block is detected -> event_bb_insert is called.

	Instruction: cmp    (%r15)[1byte] $0x00
	Instruction: jz     $0x00007f43bd998c98
[ARKADE BB END] handling event_bb is done.




[ARKADE BB START] Basic Block is detected -> event_bb_insert is called.

	Instruction: mov    0x20(%rsp)[8byte] -> %rdi
	Instruction: mov    %r15 -> %rsi
	Instruction: call   $0x00007f43bd9989d0 %rsp -> %rsp 0xfffffff8(%rsp)[8byte]
[ARKADE BB END] handling event_bb is done.




[ARKADE BB START] Basic Block is detected -> event_bb_insert is called.

	Instruction: push   %r15 %rsp -> %rsp 0xfffffff8(%rsp)[8byte]
	Instruction: push   %r14 %rsp -> %rsp 0xfffffff8(%rsp)[8byte]
	Instruction: push   %r13 %rsp -> %rsp 0xfffffff8(%rsp)[8byte]
	Instruction: push   %r12 %rsp -> %rsp 0xfffffff8(%rsp)[8byte]
	Instruction: mov    %rdi -> %r12
	Instruction: push   %rbp %rsp -> %rsp 0xfffffff8(%rsp)[8byte]
	Instruction: mov    %rsi -> %rbp
	Instruction: mov    $0x00000024 -> %esi
	Instruction: push   %rbx %rsp -> %rsp 0xfffffff8(%rsp)[8byte]
	Instruction: mov    %rbp -> %rdi
	Instruction: sub    $0x0000000000000008 %rsp -> %rsp
	Instruction: call   $0x00007f43bd9b1bf0 %rsp -> %rsp 0xfffffff8(%rsp)[8byte]
[ARKADE BB END] handling event_bb is done.




[ARKADE BB START] Basic Block is detected -> event_bb_insert is called.

	Instruction: nop    %edx
	Instruction: movd   %esi -> %xmm1
	Instruction: mov    %edi -> %eax
	Instruction: and    $0x00000fff %eax -> %eax
	Instruction: punpcklbw %xmm1 %xmm1 -> %xmm1
	Instruction: cmp    %eax $0x00000fc0
	Instruction: punpcklwd %xmm1 %xmm1 -> %xmm1
	Instruction: pshufd %xmm1 $0x00 -> %xmm1
	Instruction: jnle   $0x00007f43bd9b1d80
[ARKADE BB END] handling event_bb is done.




[ARKADE BB START] Basic Block is detected -> event_bb_insert is called.

	Instruction: movdqu (%rdi)[16byte] -> %xmm0
	Instruction: pxor   %xmm3 %xmm3 -> %xmm3
	Instruction: movdqa %xmm0 -> %xmm4
	Instruction: pcmpeqb %xmm1 %xmm0 -> %xmm0
	Instruction: pcmpeqb %xmm3 %xmm4 -> %xmm4
	Instruction: por    %xmm4 %xmm0 -> %xmm0
	Instruction: pmovmskb %xmm0 -> %eax
	Instruction: test   %eax %eax
	Instruction: jz     $0x00007f43bd9b1c50
[ARKADE BB END] handling event_bb is done.




[ARKADE BB START] Basic Block is detected -> event_bb_insert is called.

	Instruction: movdqu 0x10(%rdi)[16byte] -> %xmm0
	Instruction: movdqa %xmm0 -> %xmm4
	Instruction: pcmpeqb %xmm1 %xmm0 -> %xmm0
	Instruction: pcmpeqb %xmm3 %xmm4 -> %xmm4
	Instruction: por    %xmm4 %xmm0 -> %xmm0
	Instruction: pmovmskb %xmm0 -> %ecx
	Instruction: movdqu 0x20(%rdi)[16byte] -> %xmm0
	Instruction: movdqa %xmm0 -> %xmm4
	Instruction: pcmpeqb %xmm1 %xmm0 -> %xmm0
	Instruction: shl    $0x0000000000000010 %rcx -> %rcx
	Instruction: pcmpeqb %xmm3 %xmm4 -> %xmm4
	Instruction: por    %xmm4 %xmm0 -> %xmm0
	Instruction: pmovmskb %xmm0 -> %eax
	Instruction: movdqu 0x30(%rdi)[16byte] -> %xmm0
	Instruction: pcmpeqb %xmm0 %xmm3 -> %xmm3
	Instruction: shl    $0x0000000000000020 %rax -> %rax
	Instruction: pcmpeqb %xmm1 %xmm0 -> %xmm0
	Instruction: or     %rcx %rax -> %rax
	Instruction: por    %xmm3 %xmm0 -> %xmm0
	Instruction: pmovmskb %xmm0 -> %ecx
	Instruction: shl    $0x0000000000000030 %rcx -> %rcx
	Instruction: or     %rcx %rax -> %rax
	Instruction: test   %rax %rax
	Instruction: jnz    $0x00007f43bd9b1d60
[ARKADE BB END] handling event_bb is done.




[ARKADE BB START] Basic Block is detected -> event_bb_insert is called.

	Instruction: bsf    %rax -> %rax
	Instruction: mov    $0x00000000 -> %edx
	Instruction: lea    (%rdi,%rax) -> %rax
	Instruction: cmp    (%rax)[1byte] %sil
	Instruction: cmovnz %rdx -> %rax
	Instruction: ret    %rsp (%rsp)[8byte] -> %rsp
[ARKADE BB END] handling event_bb is done.




[ARKADE BB START] Basic Block is detected -> event_bb_insert is called.

	Instruction: test   %rax %rax
	Instruction: jnz    $0x00007f43bd998a10
[ARKADE BB END] handling event_bb is done.




[ARKADE BB START] Basic Block is detected -> event_bb_insert is called.

	Instruction: add    $0x0000000000000008 %rsp -> %rsp
	Instruction: mov    %rbp -> %rdi
	Instruction: pop    %rsp (%rsp)[8byte] -> %rbx %rsp
	Instruction: pop    %rsp (%rsp)[8byte] -> %rbp %rsp
	Instruction: pop    %rsp (%rsp)[8byte] -> %r12 %rsp
	Instruction: pop    %rsp (%rsp)[8byte] -> %r13 %rsp
	Instruction: pop    %rsp (%rsp)[8byte] -> %r14 %rsp
	Instruction: pop    %rsp (%rsp)[8byte] -> %r15 %rsp
	Instruction: jmp    $0x00007f43bd9ae5c0
[ARKADE BB END] handling event_bb is done.




[ARKADE BB START] Basic Block is detected -> event_bb_insert is called.

	Instruction: nop    %edx
	Instruction: push   %r12 %rsp -> %rsp 0xfffffff8(%rsp)[8byte]
	Instruction: push   %rbp %rsp -> %rsp 0xfffffff8(%rsp)[8byte]
	Instruction: mov    %rdi -> %rbp
	Instruction: sub    $0x0000000000000008 %rsp -> %rsp
	Instruction: call   $0x00007f43bd9b1e20 %rsp -> %rsp 0xfffffff8(%rsp)[8byte]
[ARKADE BB END] handling event_bb is done.




[ARKADE BB START] Basic Block is detected -> event_bb_insert is called.

	Instruction: bsf    %rdx -> %rax
	Instruction: ret    %rsp (%rsp)[8byte] -> %rsp
[ARKADE BB END] handling event_bb is done.




[ARKADE BB START] Basic Block is detected -> event_bb_insert is called.

	Instruction: lea    0x01(%rax) -> %r12
	Instruction: mov    %r12 -> %rdi
	Instruction: call   $0x00007f43bd9900a0 %rsp -> %rsp 0xfffffff8(%rsp)[8byte]
[ARKADE BB END] handling event_bb is done.
[ARKADE MALLOC CALLED] Malloc (Nonuser Code) (size: 45)
[ARKADE MALLOC CALLED] Module start: 0x00007f43bd98f000
[ARKADE MALLOC CALLED] Module end: 0x00007f43bd9bf000
[ARKADE MALLOC CALLED] Module full path: /lib/x86_64-linux-gnu/ld-2.31.so
[ARKADE MALLOC CALLED] Caller (Nonuser Code): __strdup (/build/glibc-FcRMwW/glibc-2.31/string/strdup.c:44)




[ARKADE BB START] Basic Block is detected -> event_bb_insert is called.

	Instruction: test   %rax %rax
	Instruction: jz     $0x00007f43bd9ae5f9
[ARKADE BB END] handling event_bb is done.
[ARKADE MALLOC RETURN] Malloc (Nonuser Code) return base address: 0x00007f43bd9beea0, Size: 45, Active: true




[ARKADE BB START] Basic Block is detected -> event_bb_insert is called.

	Instruction: add    $0x0000000000000008 %rsp -> %rsp
	Instruction: mov    %r12 -> %rdx
	Instruction: mov    %rbp -> %rsi
	Instruction: mov    %rax -> %rdi
	Instruction: pop    %rsp (%rsp)[8byte] -> %rbp %rsp
	Instruction: pop    %rsp (%rsp)[8byte] -> %r12 %rsp
	Instruction: jmp    $0x00007f43bd9b2390
[ARKADE BB END] handling event_bb is done.




[ARKADE BB START] Basic Block is detected -> event_bb_insert is called.

	Instruction: cmp    %rdx $0x0000000000000040
	Instruction: jb     $0x00007f43bd9b2450
[ARKADE BB END] handling event_bb is done.




[ARKADE BB START] Basic Block is detected -> event_bb_insert is called.

	Instruction: movups (%rsi)[16byte] -> %xmm0
	Instruction: movups 0x10(%rsi)[16byte] -> %xmm1
	Instruction: movups 0xfffffff0(%rsi,%rdx)[16byte] -> %xmm2
	Instruction: movups 0xffffffe0(%rsi,%rdx)[16byte] -> %xmm3
	Instruction: movups %xmm0 -> (%rdi)[16byte]
	Instruction: movups %xmm1 -> 0x10(%rdi)[16byte]
	Instruction: movups %xmm2 -> 0xfffffff0(%rdi,%rdx)[16byte]
	Instruction: movups %xmm3 -> 0xffffffe0(%rdi,%rdx)[16byte]
	Instruction: ret    %rsp (%rsp)[8byte] -> %rsp
[ARKADE BB END] handling event_bb is done.




[ARKADE BB START] Basic Block is detected -> event_bb_insert is called.

	Instruction: mov    %rax -> %r15
	Instruction: test   %rax %rax
	Instruction: jz     $0x00007f43bd998bb0
[ARKADE BB END] handling event_bb is done.




[ARKADE BB START] Basic Block is detected -> event_bb_insert is called.

	Instruction: mov    %rax -> %rdi
	Instruction: call   $0x00007f43bd9b1e20 %rsp -> %rsp 0xfffffff8(%rsp)[8byte]
[ARKADE BB END] handling event_bb is done.




[ARKADE BB START] Basic Block is detected -> event_bb_insert is called.

	Instruction: mov    %rax -> %r13
	Instruction: test   %rax %rax
	Instruction: jnz    $0x00007f43bd998c13
[ARKADE BB END] handling event_bb is done.




[ARKADE BB START] Basic Block is detected -> event_bb_insert is called.

	Instruction: cmp    %r13 $0x0000000000000001
	Instruction: jnz    $0x00007f43bd998c00
[ARKADE BB END] handling event_bb is done.




[ARKADE BB START] Basic Block is detected -> event_bb_insert is called.

	Instruction: cmp    0xffffffff(%r15,%r13)[1byte] $0x2f
	Instruction: lea    0xffffffff(%r13) -> %rax
	Instruction: jnz    $0x00007f43bd998e20
[ARKADE BB END] handling event_bb is done.




[ARKADE BB START] Basic Block is detected -> event_bb_insert is called.

	Instruction: mov    $0x2f -> (%r15,%r13)[1byte]
	Instruction: add    $0x0000000000000001 %r13 -> %r13
	Instruction: mov    %r15 -> (%rsp)[8byte]
	Instruction: jmp    $0x00007f43bd998c27
[ARKADE BB END] handling event_bb is done.




[ARKADE BB START] Basic Block is detected -> event_bb_insert is called.

	Instruction: mov    <rel> 0x00007f43bd9bd9e0[8byte] -> %rbp
	Instruction: test   %rbp %rbp
	Instruction: jz     $0x00007f43bd998cb0
[ARKADE BB END] handling event_bb is done.




[ARKADE BB START] Basic Block is detected -> event_bb_insert is called.

	Instruction: mov    %rbp -> %r14
	Instruction: jmp    $0x00007f43bd998c48
[ARKADE BB END] handling event_bb is done.




[ARKADE BB START] Basic Block is detected -> event_bb_insert is called.

	Instruction: cmp    0x20(%r14)[8byte] %r13
	Instruction: jnz    $0x00007f43bd998c40
[ARKADE BB END] handling event_bb is done.




[ARKADE BB START] Basic Block is detected -> event_bb_insert is called.

	Instruction: mov    (%r14)[8byte] -> %r14
	Instruction: test   %r14 %r14
	Instruction: jz     $0x00007f43bd998cb0
[ARKADE BB END] handling event_bb is done.




[ARKADE BB START] Basic Block is detected -> event_bb_insert is called.

	Instruction: cmp    0x18(%rsp)[8byte] $0x0000000000000000
	Instruction: jz     $0x00007f43bd998e32
[ARKADE BB END] handling event_bb is done.




[ARKADE BB START] Basic Block is detected -> event_bb_insert is called.

	Instruction: mov    $0x0000000000000000 -> 0x28(%rsp)[8byte]
	Instruction: jmp    $0x00007f43bd998ccf
[ARKADE BB END] handling event_bb is done.




[ARKADE BB START] Basic Block is detected -> event_bb_insert is called.

	Instruction: mov    <rel> 0x00007f43bd9bc858[8byte] -> %r14
	Instruction: lea    0x28(,%r14,4) -> %rsi
	Instruction: lea    0x01(%rsi) -> %rax
	Instruction: mov    %rsi -> 0x30(%rsp)[8byte]
	Instruction: lea    (%rax,%r13) -> %rdi
	Instruction: add    0x28(%rsp)[8byte] %rdi -> %rdi
	Instruction: mov    %rax -> 0x38(%rsp)[8byte]
	Instruction: call   $0x00007f43bd9900a0 %rsp -> %rsp 0xfffffff8(%rsp)[8byte]
[ARKADE BB END] handling event_bb is done.
[ARKADE MALLOC CALLED] Malloc (Nonuser Code) (size: 118)
[ARKADE MALLOC CALLED] Module start: 0x00007f43bd98f000
[ARKADE MALLOC CALLED] Module end: 0x00007f43bd9bf000
[ARKADE MALLOC CALLED] Module full path: /lib/x86_64-linux-gnu/ld-2.31.so
[ARKADE MALLOC CALLED] Caller (Nonuser Code): fillin_rpath (/build/glibc-FcRMwW/glibc-2.31/elf/dl-load.c:511)




[ARKADE BB START] Basic Block is detected -> event_bb_insert is called.

	Instruction: mov    0x30(%rsp)[8byte] -> %rsi
	Instruction: test   %rax %rax
	Instruction: jz     $0x00007f43bd998e6b
[ARKADE BB END] handling event_bb is done.
[ARKADE MALLOC RETURN] Malloc (Nonuser Code) return base address: 0x00007f43bd9beed0, Size: 118, Active: true




[ARKADE BB START] Basic Block is detected -> event_bb_insert is called.

	Instruction: lea    (%rax,%rsi) -> %rdi
	Instruction: mov    %r13 -> %rdx
	Instruction: mov    %r15 -> %rsi
	Instruction: mov    %rax -> 0x30(%rsp)[8byte]
	Instruction: mov    %rdi -> 0x18(%rax)[8byte]
	Instruction: call   $0x00007f43bd9b2380 %rsp -> %rsp 0xfffffff8(%rsp)[8byte]
[ARKADE BB END] handling event_bb is done.




[ARKADE BB START] Basic Block is detected -> event_bb_insert is called.

	Instruction: mov    0x30(%rsp)[8byte] -> %rcx
	Instruction: cmp    <rel> 0x00007f43bd9be070[8byte] %r13
	Instruction: mov    $0x00 -> (%rax)[1byte]
	Instruction: mov    %r13 -> 0x20(%rcx)[8byte]
	Instruction: jnb    $0x00007f43bd998d3c
[ARKADE BB END] handling event_bb is done.




[ARKADE BB START] Basic Block is detected -> event_bb_insert is called.

	Instruction: mov    %r13 -> <rel> 0x00007f43bd9be070[8byte]
	Instruction: xor    %r8d %r8d -> %r8d
	Instruction: cmp    (%r15)[1byte] $0x2f
	Instruction: setnz   -> %r8l
	Instruction: add    %r8d %r8d -> %r8d
	Instruction: test   %r14 %r14
	Instruction: jz     $0x00007f43bd998db4
[ARKADE BB END] handling event_bb is done.




[ARKADE BB START] Basic Block is detected -> event_bb_insert is called.

	Instruction: lea    0xffffffff(%r14) -> %rax
	Instruction: cmp    %rax $0x0000000000000002
	Instruction: jbe    $0x00007f43bd998e64
[ARKADE BB END] handling event_bb is done.




[ARKADE BB START] Basic Block is detected -> event_bb_insert is called.

	Instruction: mov    %r14 -> %rdi
	Instruction: movd   %r8d -> %xmm1
	Instruction: xor    %eax %eax -> %eax
	Instruction: shr    $0x0000000000000002 %rdi -> %rdi
	Instruction: pshufd %xmm1 $0x00 -> %xmm0
	Instruction: mov    %rax -> %rdx
	Instruction: add    $0x0000000000000001 %rax -> %rax
	Instruction: shl    $0x0000000000000004 %rdx -> %rdx
	Instruction: movups %xmm0 -> 0x28(%rcx,%rdx)[16byte]
	Instruction: cmp    %rax %rdi
	Instruction: jnz    $0x00007f43bd998d70
[ARKADE BB END] handling event_bb is done.




[ARKADE BB START] Basic Block is detected -> event_bb_insert is called.

	Instruction: mov    %rax -> %rdx
	Instruction: add    $0x0000000000000001 %rax -> %rax
	Instruction: shl    $0x0000000000000004 %rdx -> %rdx
	Instruction: movups %xmm0 -> 0x28(%rcx,%rdx)[16byte]
	Instruction: cmp    %rax %rdi
	Instruction: jnz    $0x00007f43bd998d70
[ARKADE BB END] handling event_bb is done.




[ARKADE BB START] Basic Block is detected -> event_bb_insert is called.

	Instruction: mov    %r14 -> %rax
	Instruction: and    $0xfffffffffffffffc %rax -> %rax
	Instruction: test   %r14l $0x03
	Instruction: jz     $0x00007f43bd998db4
[ARKADE BB END] handling event_bb is done.




[ARKADE BB START] Basic Block is detected -> event_bb_insert is called.

	Instruction: mov    0x40(%rsp)[8byte] -> %rax
	Instruction: cmp    0x18(%rsp)[8byte] $0x0000000000000000
	Instruction: mov    %rax -> 0x08(%rcx)[8byte]
	Instruction: jz     $0x00007f43bd998e5a
[ARKADE BB END] handling event_bb is done.




[ARKADE BB START] Basic Block is detected -> event_bb_insert is called.

	Instruction: mov    $0x0000000000000000 -> 0x10(%rcx)[8byte]
	Instruction: jmp    $0x00007f43bd998df2
[ARKADE BB END] handling event_bb is done.




[ARKADE BB START] Basic Block is detected -> event_bb_insert is called.

	Instruction: mov    %rcx -> <rel> 0x00007f43bd9bd9e0[8byte]
	Instruction: mov    %rbp -> (%rcx)[8byte]
	Instruction: mov    %rcx -> (%r12,%rbx,8)[8byte]
	Instruction: add    $0x0000000000000001 %rbx -> %rbx
	Instruction: jmp    $0x00007f43bd998c87
[ARKADE BB END] handling event_bb is done.




[ARKADE BB START] Basic Block is detected -> event_bb_insert is called.

	Instruction: mov    (%rsp)[8byte] -> %rdi
	Instruction: call   $0x00007f43bd990080 %rsp -> %rsp 0xfffffff8(%rsp)[8byte]
[ARKADE BB END] handling event_bb is done.




[ARKADE BB START] Basic Block is detected -> event_bb_insert is called.

	Instruction: nop    %edx
	Instruction: jmp    <rel> 0x00007f43bd9bcfe0[8byte]
[ARKADE BB END] handling event_bb is done.




[ARKADE BB START] Basic Block is detected -> event_bb_insert is called.

	Instruction: nop    %edx
	Instruction: mov    <rel> 0x00007f43bd9be0e8[8byte] -> %rcx
	Instruction: cmp    %rcx %rdi
	Instruction: jz     $0x00007f43bd9ac618
[ARKADE BB END] handling event_bb is done.
[ARKADE FREE] Free (Nonuser Code) (0x00007f43bd9beea0)
[ARKADE FREE CALLED] Module start: 0x00007f43bd98f000
[ARKADE FREE CALLED] Module end: 0x00007f43bd9bf000
[ARKADE FREE CALLED] Module full path: /lib/x86_64-linux-gnu/ld-2.31.so
Caller: fillin_rpath (/build/glibc-FcRMwW/glibc-2.31/elf/dl-load.c:544)




[ARKADE BB START] Basic Block is detected -> event_bb_insert is called.

	Instruction: ret    %rsp (%rsp)[8byte] -> %rsp
[ARKADE BB END] handling event_bb is done.




[ARKADE BB START] Basic Block is detected -> event_bb_insert is called.

	Instruction: jmp    $0x00007f43bd998bb0
[ARKADE BB END] handling event_bb is done.




[ARKADE BB START] Basic Block is detected -> event_bb_insert is called.

	Instruction: mov    0x08(%rsp)[8byte] -> %rsi
	Instruction: mov    0x10(%rsp)[8byte] -> %rdi
	Instruction: call   $0x00007f43bd9ac950 %rsp -> %rsp 0xfffffff8(%rsp)[8byte]
[ARKADE BB END] handling event_bb is done.




[ARKADE BB START] Basic Block is detected -> event_bb_insert is called.

	Instruction: cmp    (%rax)[1byte] %dl
	Instruction: jnz    $0x00007f43bd9ac978
[ARKADE BB END] handling event_bb is done.




[ARKADE BB START] Basic Block is detected -> event_bb_insert is called.

	Instruction: mov    %rsi -> %rax
	Instruction: jmp    $0x00007f43bd9ac981
[ARKADE BB END] handling event_bb is done.




[ARKADE BB START] Basic Block is detected -> event_bb_insert is called.

	Instruction: data16 nop    0x00000000(%rax,%rax)[4byte]
	Instruction: nop    (%rax)[4byte]
	Instruction: pxor   %xmm6 %xmm6 -> %xmm6
	Instruction: and    $0xffffffffffffffc0 %rdi -> %rdi
	Instruction: add    $0x0000000000000040 %rdi -> %rdi
	Instruction: movdqa (%rdi)[16byte] -> %xmm5
	Instruction: movdqa 0x10(%rdi)[16byte] -> %xmm2
	Instruction: movdqa 0x20(%rdi)[16byte] -> %xmm3
	Instruction: pxor   %xmm1 %xmm5 -> %xmm5
	Instruction: movdqa 0x30(%rdi)[16byte] -> %xmm4
	Instruction: pxor   %xmm1 %xmm2 -> %xmm2
	Instruction: pxor   %xmm1 %xmm3 -> %xmm3
	Instruction: pminub (%rdi)[16byte] %xmm5 -> %xmm5
	Instruction: pxor   %xmm1 %xmm4 -> %xmm4
	Instruction: pminub 0x10(%rdi)[16byte] %xmm2 -> %xmm2
	Instruction: pminub 0x20(%rdi)[16byte] %xmm3 -> %xmm3
	Instruction: pminub %xmm2 %xmm5 -> %xmm5
	Instruction: pminub 0x30(%rdi)[16byte] %xmm4 -> %xmm4
	Instruction: pminub %xmm3 %xmm5 -> %xmm5
	Instruction: pminub %xmm4 %xmm5 -> %xmm5
	Instruction: pcmpeqb %xmm6 %xmm5 -> %xmm5
	Instruction: pmovmskb %xmm5 -> %eax
	Instruction: test   %eax %eax
	Instruction: jz     $0x00007f43bd9b1cc8
[ARKADE BB END] handling event_bb is done.




[ARKADE BB START] Basic Block is detected -> event_bb_insert is called.

	Instruction: movdqa (%rdi)[16byte] -> %xmm5
	Instruction: movdqa %xmm5 -> %xmm0
	Instruction: pcmpeqb %xmm1 %xmm5 -> %xmm5
	Instruction: pcmpeqb %xmm6 %xmm0 -> %xmm0
	Instruction: por    %xmm0 %xmm5 -> %xmm5
	Instruction: pcmpeqb %xmm6 %xmm2 -> %xmm2
	Instruction: pcmpeqb %xmm6 %xmm3 -> %xmm3
	Instruction: pcmpeqb %xmm6 %xmm4 -> %xmm4
	Instruction: pmovmskb %xmm5 -> %ecx
	Instruction: pmovmskb %xmm2 -> %eax
	Instruction: shl    $0x0000000000000010 %rax -> %rax
	Instruction: pmovmskb %xmm3 -> %r8d
	Instruction: pmovmskb %xmm4 -> %edx
	Instruction: shl    $0x0000000000000020 %r8 -> %r8
	Instruction: or     %r8 %rax -> %rax
	Instruction: or     %rcx %rax -> %rax
	Instruction: shl    $0x0000000000000030 %rdx -> %rdx
	Instruction: or     %rdx %rax -> %rax
	Instruction: bsf    %rax -> %rax
	Instruction: mov    $0x00000000 -> %edx
	Instruction: lea    (%rdi,%rax) -> %rax
	Instruction: cmp    (%rax)[1byte] %sil
	Instruction: cmovnz %rdx -> %rax
	Instruction: ret    %rsp (%rsp)[8byte] -> %rsp
[ARKADE BB END] handling event_bb is done.
[ARKADE MALLOC CALLED] Malloc (Nonuser Code) (size: 70)
[ARKADE MALLOC CALLED] Module start: 0x00007f43bd98f000
[ARKADE MALLOC CALLED] Module end: 0x00007f43bd9bf000
[ARKADE MALLOC CALLED] Module full path: /lib/x86_64-linux-gnu/ld-2.31.so
[ARKADE MALLOC CALLED] Caller (Nonuser Code): __strdup (/build/glibc-FcRMwW/glibc-2.31/string/strdup.c:44)
[ARKADE MALLOC RETURN] Malloc (Nonuser Code) return base address: 0x00007f43bd9bef50, Size: 70, Active: true




[ARKADE BB START] Basic Block is detected -> event_bb_insert is called.

	Instruction: movups (%rsi)[16byte] -> %xmm0
	Instruction: movups 0x10(%rsi)[16byte] -> %xmm1
	Instruction: movups 0x20(%rsi)[16byte] -> %xmm2
	Instruction: movups 0x30(%rsi)[16byte] -> %xmm3
	Instruction: movups 0xfffffff0(%rsi,%rdx)[16byte] -> %xmm4
	Instruction: movups 0xffffffe0(%rsi,%rdx)[16byte] -> %xmm5
	Instruction: movups 0xffffffd0(%rsi,%rdx)[16byte] -> %xmm6
	Instruction: movups 0xffffffc0(%rsi,%rdx)[16byte] -> %xmm7
	Instruction: movups %xmm0 -> (%rdi)[16byte]
	Instruction: movups %xmm1 -> 0x10(%rdi)[16byte]
	Instruction: movups %xmm2 -> 0x20(%rdi)[16byte]
	Instruction: movups %xmm3 -> 0x30(%rdi)[16byte]
	Instruction: movups %xmm4 -> 0xfffffff0(%rdi,%rdx)[16byte]
	Instruction: movups %xmm5 -> 0xffffffe0(%rdi,%rdx)[16byte]
	Instruction: movups %xmm6 -> 0xffffffd0(%rdi,%rdx)[16byte]
	Instruction: movups %xmm7 -> 0xffffffc0(%rdi,%rdx)[16byte]
	Instruction: ret    %rsp (%rsp)[8byte] -> %rsp
[ARKADE BB END] handling event_bb is done.
[ARKADE MALLOC CALLED] Malloc (Nonuser Code) (size: 143)
[ARKADE MALLOC CALLED] Module start: 0x00007f43bd98f000
[ARKADE MALLOC CALLED] Module end: 0x00007f43bd9bf000
[ARKADE MALLOC CALLED] Module full path: /lib/x86_64-linux-gnu/ld-2.31.so
[ARKADE MALLOC CALLED] Caller (Nonuser Code): fillin_rpath (/build/glibc-FcRMwW/glibc-2.31/elf/dl-load.c:511)




[ARKADE BB START] Basic Block is detected -> event_bb_insert is called.

	Instruction: mov    <rel> 0x00007f43bd9bc638[8byte] -> %rcx
	Instruction: mov    %rcx -> %rdx
	Instruction: lea    0xffffffff(%rcx,%rbx) -> %rbp
	Instruction: neg    %rdx -> %rdx
	Instruction: and    %rdx %rbp -> %rbp
	Instruction: jnz    $0x00007f43bd9ac520
[ARKADE BB END] handling event_bb is done.




[ARKADE BB START] Basic Block is detected -> event_bb_insert is called.

	Instruction: add    %rcx %rbp -> %rbp
	Instruction: mov    $0x00000003 -> %edx
	Instruction: xor    %r9d %r9d -> %r9d
	Instruction: mov    $0x00000022 -> %ecx
	Instruction: mov    $0xffffffff -> %r8d
	Instruction: mov    %rbp -> %rsi
	Instruction: xor    %edi %edi -> %edi
	Instruction: call   $0x00007f43bd9ae160 %rsp -> %rsp 0xfffffff8(%rsp)[8byte]
[ARKADE BB END] handling event_bb is done.




[ARKADE BB START] Basic Block is detected -> event_bb_insert is called.

	Instruction: nop    %edx
	Instruction: test   %r9d $0x00000fff
	Instruction: jnz    $0x00007f43bd9ae198
[ARKADE BB END] handling event_bb is done.




[ARKADE BB START] Basic Block is detected -> event_bb_insert is called.

	Instruction: push   %rbp %rsp -> %rsp 0xfffffff8(%rsp)[8byte]
	Instruction: mov    %rdi -> %rbp
	Instruction: push   %rbx %rsp -> %rsp 0xfffffff8(%rsp)[8byte]
	Instruction: mov    %ecx -> %ebx
	Instruction: test   %rdi %rdi
	Instruction: jz     $0x00007f43bd9ae1b0
[ARKADE BB END] handling event_bb is done.




[ARKADE BB START] Basic Block is detected -> event_bb_insert is called.

	Instruction: test   %dl $0x04
	Instruction: jz     $0x00007f43bd9ae179
[ARKADE BB END] handling event_bb is done.




[ARKADE BB START] Basic Block is detected -> event_bb_insert is called.

	Instruction: mov    %ebx -> %r10d
	Instruction: mov    %rbp -> %rdi
	Instruction: mov    $0x00000009 -> %eax
	Instruction: syscall  -> %rcx %r11
[ARKADE BB END] handling event_bb is done.




[ARKADE BB START] Basic Block is detected -> event_bb_insert is called.

	Instruction: cmp    %rax $0xfffffffffffff000
	Instruction: jnbe   $0x00007f43bd9ae1e8
[ARKADE BB END] handling event_bb is done.




[ARKADE BB START] Basic Block is detected -> event_bb_insert is called.

	Instruction: pop    %rsp (%rsp)[8byte] -> %rbx %rsp
	Instruction: pop    %rsp (%rsp)[8byte] -> %rbp %rsp
	Instruction: ret    %rsp (%rsp)[8byte] -> %rsp
[ARKADE BB END] handling event_bb is done.




[ARKADE BB START] Basic Block is detected -> event_bb_insert is called.

	Instruction: mov    %rax -> %rdx
	Instruction: cmp    %rax $0xffffffffffffffff
	Instruction: jz     $0x00007f43bd9ac5b0
[ARKADE BB END] handling event_bb is done.




[ARKADE BB START] Basic Block is detected -> event_bb_insert is called.

	Instruction: cmp    <rel> 0x00007f43bd9be0f0[8byte] %rax
	Instruction: jz     $0x00007f43bd9ac590
[ARKADE BB END] handling event_bb is done.




[ARKADE BB START] Basic Block is detected -> event_bb_insert is called.

	Instruction: add    %rbp %rdx -> %rdx
	Instruction: lea    (%rax,%rbx) -> %rcx
	Instruction: mov    %rdx -> <rel> 0x00007f43bd9be0f0[8byte]
	Instruction: jmp    $0x00007f43bd9ac4e7
[ARKADE BB END] handling event_bb is done.
[ARKADE MALLOC RETURN] Malloc (Nonuser Code) return base address: 0x00007f43bd9c3000, Size: 143, Active: true
[ARKADE FREE] Free (Nonuser Code) (0x00007f43bd9bef50)
[ARKADE FREE CALLED] Module start: 0x00007f43bd98f000
[ARKADE FREE CALLED] Module end: 0x00007f43bd9bf000
[ARKADE FREE CALLED] Module full path: /lib/x86_64-linux-gnu/ld-2.31.so
Caller: fillin_rpath (/build/glibc-FcRMwW/glibc-2.31/elf/dl-load.c:544)




[ARKADE BB START] Basic Block is detected -> event_bb_insert is called.

	Instruction: add    $0x0000000000000040 %rdi -> %rdi
	Instruction: movdqa (%rdi)[16byte] -> %xmm5
	Instruction: movdqa 0x10(%rdi)[16byte] -> %xmm2
	Instruction: movdqa 0x20(%rdi)[16byte] -> %xmm3
	Instruction: pxor   %xmm1 %xmm5 -> %xmm5
	Instruction: movdqa 0x30(%rdi)[16byte] -> %xmm4
	Instruction: pxor   %xmm1 %xmm2 -> %xmm2
	Instruction: pxor   %xmm1 %xmm3 -> %xmm3
	Instruction: pminub (%rdi)[16byte] %xmm5 -> %xmm5
	Instruction: pxor   %xmm1 %xmm4 -> %xmm4
	Instruction: pminub 0x10(%rdi)[16byte] %xmm2 -> %xmm2
	Instruction: pminub 0x20(%rdi)[16byte] %xmm3 -> %xmm3
	Instruction: pminub %xmm2 %xmm5 -> %xmm5
	Instruction: pminub 0x30(%rdi)[16byte] %xmm4 -> %xmm4
	Instruction: pminub %xmm3 %xmm5 -> %xmm5
	Instruction: pminub %xmm4 %xmm5 -> %xmm5
	Instruction: pcmpeqb %xmm6 %xmm5 -> %xmm5
	Instruction: pmovmskb %xmm5 -> %eax
	Instruction: test   %eax %eax
	Instruction: jz     $0x00007f43bd9b1cc8
[ARKADE BB END] handling event_bb is done.




[ARKADE BB START] Basic Block is detected -> event_bb_insert is called.

	Instruction: pxor   %xmm0 %xmm0 -> %xmm0
	Instruction: pcmpeqb (%rax)[16byte] %xmm0 -> %xmm0
	Instruction: pcmpeqb 0x10(%rax)[16byte] %xmm1 -> %xmm1
	Instruction: pcmpeqb 0x20(%rax)[16byte] %xmm2 -> %xmm2
	Instruction: pcmpeqb 0x30(%rax)[16byte] %xmm3 -> %xmm3
	Instruction: pmovmskb %xmm0 -> %esi
	Instruction: pmovmskb %xmm1 -> %edx
	Instruction: pmovmskb %xmm2 -> %r8d
	Instruction: pmovmskb %xmm3 -> %ecx
	Instruction: shl    $0x0000000000000010 %rdx -> %rdx
	Instruction: shl    $0x0000000000000010 %rcx -> %rcx
	Instruction: or     %rsi %rdx -> %rdx
	Instruction: or     %r8 %rcx -> %rcx
	Instruction: shl    $0x0000000000000020 %rcx -> %rcx
	Instruction: or     %rcx %rdx -> %rdx
	Instruction: bsf    %rdx -> %rdx
	Instruction: add    %rdx %rax -> %rax
	Instruction: sub    %rdi %rax -> %rax
	Instruction: ret    %rsp (%rsp)[8byte] -> %rsp
[ARKADE BB END] handling event_bb is done.
[ARKADE MALLOC CALLED] Malloc (Nonuser Code) (size: 100)
[ARKADE MALLOC CALLED] Module start: 0x00007f43bd98f000
[ARKADE MALLOC CALLED] Module end: 0x00007f43bd9bf000
[ARKADE MALLOC CALLED] Module full path: /lib/x86_64-linux-gnu/ld-2.31.so
[ARKADE MALLOC CALLED] Caller (Nonuser Code): __strdup (/build/glibc-FcRMwW/glibc-2.31/string/strdup.c:44)
[ARKADE MALLOC RETURN] Malloc (Nonuser Code) return base address: 0x00007f43bd9c3090, Size: 100, Active: true
[ARKADE MALLOC CALLED] Malloc (Nonuser Code) (size: 173)
[ARKADE MALLOC CALLED] Module start: 0x00007f43bd98f000
[ARKADE MALLOC CALLED] Module end: 0x00007f43bd9bf000
[ARKADE MALLOC CALLED] Module full path: /lib/x86_64-linux-gnu/ld-2.31.so
[ARKADE MALLOC CALLED] Caller (Nonuser Code): fillin_rpath (/build/glibc-FcRMwW/glibc-2.31/elf/dl-load.c:511)
[ARKADE MALLOC RETURN] Malloc (Nonuser Code) return base address: 0x00007f43bd9c3100, Size: 173, Active: true
[ARKADE FREE] Free (Nonuser Code) (0x00007f43bd9c3090)
[ARKADE FREE CALLED] Module start: 0x00007f43bd98f000
[ARKADE FREE CALLED] Module end: 0x00007f43bd9bf000
[ARKADE FREE CALLED] Module full path: /lib/x86_64-linux-gnu/ld-2.31.so
Caller: fillin_rpath (/build/glibc-FcRMwW/glibc-2.31/elf/dl-load.c:544)
[ARKADE MALLOC CALLED] Malloc (Nonuser Code) (size: 104)
[ARKADE MALLOC CALLED] Module start: 0x00007f43bd98f000
[ARKADE MALLOC CALLED] Module end: 0x00007f43bd9bf000
[ARKADE MALLOC CALLED] Module full path: /lib/x86_64-linux-gnu/ld-2.31.so
[ARKADE MALLOC CALLED] Caller (Nonuser Code): __strdup (/build/glibc-FcRMwW/glibc-2.31/string/strdup.c:44)
[ARKADE MALLOC RETURN] Malloc (Nonuser Code) return base address: 0x00007f43bd9c31b0, Size: 104, Active: true
[ARKADE MALLOC CALLED] Malloc (Nonuser Code) (size: 177)
[ARKADE MALLOC CALLED] Module start: 0x00007f43bd98f000
[ARKADE MALLOC CALLED] Module end: 0x00007f43bd9bf000
[ARKADE MALLOC CALLED] Module full path: /lib/x86_64-linux-gnu/ld-2.31.so
[ARKADE MALLOC CALLED] Caller (Nonuser Code): fillin_rpath (/build/glibc-FcRMwW/glibc-2.31/elf/dl-load.c:511)
[ARKADE MALLOC RETURN] Malloc (Nonuser Code) return base address: 0x00007f43bd9c3220, Size: 177, Active: true
[ARKADE FREE] Free (Nonuser Code) (0x00007f43bd9c31b0)
[ARKADE FREE CALLED] Module start: 0x00007f43bd98f000
[ARKADE FREE CALLED] Module end: 0x00007f43bd9bf000
[ARKADE FREE CALLED] Module full path: /lib/x86_64-linux-gnu/ld-2.31.so
Caller: fillin_rpath (/build/glibc-FcRMwW/glibc-2.31/elf/dl-load.c:544)
[ARKADE MALLOC CALLED] Malloc (Nonuser Code) (size: 27)
[ARKADE MALLOC CALLED] Module start: 0x00007f43bd98f000
[ARKADE MALLOC CALLED] Module end: 0x00007f43bd9bf000
[ARKADE MALLOC CALLED] Module full path: /lib/x86_64-linux-gnu/ld-2.31.so
[ARKADE MALLOC CALLED] Caller (Nonuser Code): __strdup (/build/glibc-FcRMwW/glibc-2.31/string/strdup.c:44)
[ARKADE MALLOC RETURN] Malloc (Nonuser Code) return base address: 0x00007f43bd9c32e0, Size: 27, Active: true
[ARKADE MALLOC CALLED] Malloc (Nonuser Code) (size: 100)
[ARKADE MALLOC CALLED] Module start: 0x00007f43bd98f000
[ARKADE MALLOC CALLED] Module end: 0x00007f43bd9bf000
[ARKADE MALLOC CALLED] Module full path: /lib/x86_64-linux-gnu/ld-2.31.so
[ARKADE MALLOC CALLED] Caller (Nonuser Code): fillin_rpath (/build/glibc-FcRMwW/glibc-2.31/elf/dl-load.c:511)
[ARKADE MALLOC RETURN] Malloc (Nonuser Code) return base address: 0x00007f43bd9c3300, Size: 100, Active: true




[ARKADE BB START] Basic Block is detected -> event_bb_insert is called.

	Instruction: xor    %r8d %r8d -> %r8d
	Instruction: cmp    (%r15)[1byte] $0x2f
	Instruction: setnz   -> %r8l
	Instruction: add    %r8d %r8d -> %r8d
	Instruction: test   %r14 %r14
	Instruction: jz     $0x00007f43bd998db4
[ARKADE BB END] handling event_bb is done.
[ARKADE FREE] Free (Nonuser Code) (0x00007f43bd9c32e0)
[ARKADE FREE CALLED] Module start: 0x00007f43bd98f000
[ARKADE FREE CALLED] Module end: 0x00007f43bd9bf000
[ARKADE FREE CALLED] Module full path: /lib/x86_64-linux-gnu/ld-2.31.so
Caller: fillin_rpath (/build/glibc-FcRMwW/glibc-2.31/elf/dl-load.c:544)




[ARKADE BB START] Basic Block is detected -> event_bb_insert is called.

	Instruction: mov    <rel> 0x00007f43bd9bd9e0[8byte] -> %rbp
	Instruction: mov    $0x0000000000000000 -> (%rsp)[8byte]
	Instruction: xor    %r13d %r13d -> %r13d
	Instruction: test   %rbp %rbp
	Instruction: jnz    $0x00007f43bd998c33
[ARKADE BB END] handling event_bb is done.
[ARKADE MALLOC CALLED] Malloc (Nonuser Code) (size: 73)
[ARKADE MALLOC CALLED] Module start: 0x00007f43bd98f000
[ARKADE MALLOC CALLED] Module end: 0x00007f43bd9bf000
[ARKADE MALLOC CALLED] Module full path: /lib/x86_64-linux-gnu/ld-2.31.so
[ARKADE MALLOC CALLED] Caller (Nonuser Code): fillin_rpath (/build/glibc-FcRMwW/glibc-2.31/elf/dl-load.c:511)
[ARKADE MALLOC RETURN] Malloc (Nonuser Code) return base address: 0x00007f43bd9c3370, Size: 73, Active: true




[ARKADE BB START] Basic Block is detected -> event_bb_insert is called.

	Instruction: ret    %rsp (%rsp)[8byte] -> %rsp
[ARKADE BB END] handling event_bb is done.
[ARKADE FREE] Double Free detected
[ARKADE MALLOC CALLED] Malloc (Nonuser Code) (size: 25)
[ARKADE MALLOC CALLED] Module start: 0x00007f43bd98f000
[ARKADE MALLOC CALLED] Module end: 0x00007f43bd9bf000
[ARKADE MALLOC CALLED] Module full path: /lib/x86_64-linux-gnu/ld-2.31.so
[ARKADE MALLOC CALLED] Caller (Nonuser Code): __strdup (/build/glibc-FcRMwW/glibc-2.31/string/strdup.c:44)
[ARKADE MALLOC RETURN] Malloc (Nonuser Code) return base address: 0x00007f43bd9c33c0, Size: 25, Active: true
[ARKADE MALLOC CALLED] Malloc (Nonuser Code) (size: 98)
[ARKADE MALLOC CALLED] Module start: 0x00007f43bd98f000
[ARKADE MALLOC CALLED] Module end: 0x00007f43bd9bf000
[ARKADE MALLOC CALLED] Module full path: /lib/x86_64-linux-gnu/ld-2.31.so
[ARKADE MALLOC CALLED] Caller (Nonuser Code): fillin_rpath (/build/glibc-FcRMwW/glibc-2.31/elf/dl-load.c:511)
[ARKADE MALLOC RETURN] Malloc (Nonuser Code) return base address: 0x00007f43bd9c33e0, Size: 98, Active: true
[ARKADE FREE] Free (Nonuser Code) (0x00007f43bd9c33c0)
[ARKADE FREE CALLED] Module start: 0x00007f43bd98f000
[ARKADE FREE CALLED] Module end: 0x00007f43bd9bf000
[ARKADE FREE CALLED] Module full path: /lib/x86_64-linux-gnu/ld-2.31.so
Caller: fillin_rpath (/build/glibc-FcRMwW/glibc-2.31/elf/dl-load.c:544)




[ARKADE BB START] Basic Block is detected -> event_bb_insert is called.

	Instruction: bsf    %eax -> %eax
	Instruction: mov    $0x00000000 -> %edx
	Instruction: lea    (%rdi,%rax) -> %rax
	Instruction: cmp    (%rax)[1byte] %sil
	Instruction: cmovnz %rdx -> %rax
	Instruction: ret    %rsp (%rsp)[8byte] -> %rsp
[ARKADE BB END] handling event_bb is done.
[ARKADE MALLOC CALLED] Malloc (Nonuser Code) (size: 16)
[ARKADE MALLOC CALLED] Module start: 0x00007f43bd98f000
[ARKADE MALLOC CALLED] Module end: 0x00007f43bd9bf000
[ARKADE MALLOC CALLED] Module full path: /lib/x86_64-linux-gnu/ld-2.31.so
[ARKADE MALLOC CALLED] Caller (Nonuser Code): __strdup (/build/glibc-FcRMwW/glibc-2.31/string/strdup.c:44)
[ARKADE MALLOC RETURN] Malloc (Nonuser Code) return base address: 0x00007f43bd9c3450, Size: 16, Active: true




[ARKADE BB START] Basic Block is detected -> event_bb_insert is called.

	Instruction: mov    (%r14)[8byte] -> %r14
	Instruction: test   %r14 %r14
	Instruction: jz     $0x00007f43bd998cb0
[ARKADE BB END] handling event_bb is done.




[ARKADE BB START] Basic Block is detected -> event_bb_insert is called.

	Instruction: cmp    0x20(%r14)[8byte] %r13
	Instruction: jnz    $0x00007f43bd998c40
[ARKADE BB END] handling event_bb is done.
[ARKADE MALLOC CALLED] Malloc (Nonuser Code) (size: 89)
[ARKADE MALLOC CALLED] Module start: 0x00007f43bd98f000
[ARKADE MALLOC CALLED] Module end: 0x00007f43bd9bf000
[ARKADE MALLOC CALLED] Module full path: /lib/x86_64-linux-gnu/ld-2.31.so
[ARKADE MALLOC CALLED] Caller (Nonuser Code): fillin_rpath (/build/glibc-FcRMwW/glibc-2.31/elf/dl-load.c:511)
[ARKADE MALLOC RETURN] Malloc (Nonuser Code) return base address: 0x00007f43bd9c3460, Size: 89, Active: true
[ARKADE FREE] Free (Nonuser Code) (0x00007f43bd9c3450)
[ARKADE FREE CALLED] Module start: 0x00007f43bd98f000
[ARKADE FREE CALLED] Module end: 0x00007f43bd9bf000
[ARKADE FREE CALLED] Module full path: /lib/x86_64-linux-gnu/ld-2.31.so
Caller: fillin_rpath (/build/glibc-FcRMwW/glibc-2.31/elf/dl-load.c:544)
[ARKADE MALLOC CALLED] Malloc (Nonuser Code) (size: 15)
[ARKADE MALLOC CALLED] Module start: 0x00007f43bd98f000
[ARKADE MALLOC CALLED] Module end: 0x00007f43bd9bf000
[ARKADE MALLOC CALLED] Module full path: /lib/x86_64-linux-gnu/ld-2.31.so
[ARKADE MALLOC CALLED] Caller (Nonuser Code): __strdup (/build/glibc-FcRMwW/glibc-2.31/string/strdup.c:44)
[ARKADE MALLOC RETURN] Malloc (Nonuser Code) return base address: 0x00007f43bd9c34c0, Size: 15, Active: true




[ARKADE BB START] Basic Block is detected -> event_bb_insert is called.

	Instruction: mov    0xfffffff8(%rsi,%rdx)[8byte] -> %rcx
	Instruction: mov    (%rsi)[8byte] -> %rsi
	Instruction: mov    %rcx -> 0xfffffff8(%rdi,%rdx)[8byte]
	Instruction: mov    %rsi -> (%rdi)[8byte]
	Instruction: ret    %rsp (%rsp)[8byte] -> %rsp
[ARKADE BB END] handling event_bb is done.
[ARKADE MALLOC CALLED] Malloc (Nonuser Code) (size: 88)
[ARKADE MALLOC CALLED] Module start: 0x00007f43bd98f000
[ARKADE MALLOC CALLED] Module end: 0x00007f43bd9bf000
[ARKADE MALLOC CALLED] Module full path: /lib/x86_64-linux-gnu/ld-2.31.so
[ARKADE MALLOC CALLED] Caller (Nonuser Code): fillin_rpath (/build/glibc-FcRMwW/glibc-2.31/elf/dl-load.c:511)
[ARKADE MALLOC RETURN] Malloc (Nonuser Code) return base address: 0x00007f43bd9c34d0, Size: 88, Active: true
[ARKADE FREE] Free (Nonuser Code) (0x00007f43bd9c34c0)
[ARKADE FREE CALLED] Module start: 0x00007f43bd98f000
[ARKADE FREE CALLED] Module end: 0x00007f43bd9bf000
[ARKADE FREE CALLED] Module full path: /lib/x86_64-linux-gnu/ld-2.31.so
Caller: fillin_rpath (/build/glibc-FcRMwW/glibc-2.31/elf/dl-load.c:544)
[ARKADE MALLOC CALLED] Malloc (Nonuser Code) (size: 10)
[ARKADE MALLOC CALLED] Module start: 0x00007f43bd98f000
[ARKADE MALLOC CALLED] Module end: 0x00007f43bd9bf000
[ARKADE MALLOC CALLED] Module full path: /lib/x86_64-linux-gnu/ld-2.31.so
[ARKADE MALLOC CALLED] Caller (Nonuser Code): __strdup (/build/glibc-FcRMwW/glibc-2.31/string/strdup.c:44)
[ARKADE MALLOC RETURN] Malloc (Nonuser Code) return base address: 0x00007f43bd9c3530, Size: 10, Active: true
[ARKADE MALLOC CALLED] Malloc (Nonuser Code) (size: 83)
[ARKADE MALLOC CALLED] Module start: 0x00007f43bd98f000
[ARKADE MALLOC CALLED] Module end: 0x00007f43bd9bf000
[ARKADE MALLOC CALLED] Module full path: /lib/x86_64-linux-gnu/ld-2.31.so
[ARKADE MALLOC CALLED] Caller (Nonuser Code): fillin_rpath (/build/glibc-FcRMwW/glibc-2.31/elf/dl-load.c:511)
[ARKADE MALLOC RETURN] Malloc (Nonuser Code) return base address: 0x00007f43bd9c3540, Size: 83, Active: true
[ARKADE FREE] Free (Nonuser Code) (0x00007f43bd9c3530)
[ARKADE FREE CALLED] Module start: 0x00007f43bd98f000
[ARKADE FREE CALLED] Module end: 0x00007f43bd9bf000
[ARKADE FREE CALLED] Module full path: /lib/x86_64-linux-gnu/ld-2.31.so
Caller: fillin_rpath (/build/glibc-FcRMwW/glibc-2.31/elf/dl-load.c:544)
[ARKADE MALLOC CALLED] Malloc (Nonuser Code) (size: 9)
[ARKADE MALLOC CALLED] Module start: 0x00007f43bd98f000
[ARKADE MALLOC CALLED] Module end: 0x00007f43bd9bf000
[ARKADE MALLOC CALLED] Module full path: /lib/x86_64-linux-gnu/ld-2.31.so
[ARKADE MALLOC CALLED] Caller (Nonuser Code): __strdup (/build/glibc-FcRMwW/glibc-2.31/string/strdup.c:44)
[ARKADE MALLOC RETURN] Malloc (Nonuser Code) return base address: 0x00007f43bd9c35a0, Size: 9, Active: true




[ARKADE BB START] Basic Block is detected -> event_bb_insert is called.

	Instruction: mov    0x18(%r14)[8byte] -> %rsi
	Instruction: mov    %r13 -> %rdx
	Instruction: mov    %r15 -> %rdi
	Instruction: call   $0x00007f43bd9b17f0 %rsp -> %rsp 0xfffffff8(%rsp)[8byte]
[ARKADE BB END] handling event_bb is done.




[ARKADE BB START] Basic Block is detected -> event_bb_insert is called.

	Instruction: nop    %edx
	Instruction: test   %rdx %rdx
	Instruction: jz     $0x00007f43bd9b18f0
[ARKADE BB END] handling event_bb is done.




[ARKADE BB START] Basic Block is detected -> event_bb_insert is called.

	Instruction: cmp    %rdx $0x0000000000000001
	Instruction: jbe    $0x00007f43bd9b18c1
[ARKADE BB END] handling event_bb is done.




[ARKADE BB START] Basic Block is detected -> event_bb_insert is called.

	Instruction: sub    %rdi %rsi -> %rsi
	Instruction: mov    %rdx -> %r10
	Instruction: cmp    %r10 $0x0000000000000020
	Instruction: jnb    $0x00007f43bd9b18f3
[ARKADE BB END] handling event_bb is done.




[ARKADE BB START] Basic Block is detected -> event_bb_insert is called.

	Instruction: test   %r10 $0x0000000000000001
	Instruction: jz     $0x00007f43bd9b183d
[ARKADE BB END] handling event_bb is done.




[ARKADE BB START] Basic Block is detected -> event_bb_insert is called.

	Instruction: movzx  (%rdi)[1byte] -> %eax
	Instruction: movzx  (%rdi,%rsi)[1byte] -> %edx
	Instruction: sub    $0x0000000000000001 %r10 -> %r10
	Instruction: jz     $0x00007f43bd9b18c7
[ARKADE BB END] handling event_bb is done.




[ARKADE BB START] Basic Block is detected -> event_bb_insert is called.

	Instruction: add    $0x0000000000000001 %rdi -> %rdi
	Instruction: sub    %edx %eax -> %eax
	Instruction: jnz    $0x00007f43bd9b18c9
[ARKADE BB END] handling event_bb is done.




[ARKADE BB START] Basic Block is detected -> event_bb_insert is called.

	Instruction: test   %r10 $0x0000000000000002
	Instruction: jz     $0x00007f43bd9b185b
[ARKADE BB END] handling event_bb is done.




[ARKADE BB START] Basic Block is detected -> event_bb_insert is called.

	Instruction: test   %r10 $0x0000000000000004
	Instruction: jz     $0x00007f43bd9b1877
[ARKADE BB END] handling event_bb is done.




[ARKADE BB START] Basic Block is detected -> event_bb_insert is called.

	Instruction: test   %r10 $0x0000000000000008
	Instruction: jz     $0x00007f43bd9b1896
[ARKADE BB END] handling event_bb is done.




[ARKADE BB START] Basic Block is detected -> event_bb_insert is called.

	Instruction: mov    (%rdi)[8byte] -> %rax
	Instruction: mov    (%rdi,%rsi)[8byte] -> %rdx
	Instruction: sub    $0x0000000000000008 %r10 -> %r10
	Instruction: jz     $0x00007f43bd9b18ca
[ARKADE BB END] handling event_bb is done.




[ARKADE BB START] Basic Block is detected -> event_bb_insert is called.

	Instruction: cmp    %rax %rdx
	Instruction: jz     $0x00007f43bd9b18f0
[ARKADE BB END] handling event_bb is done.




[ARKADE BB START] Basic Block is detected -> event_bb_insert is called.

	Instruction: mov    %rax -> %r11
	Instruction: sub    %rdx %r11 -> %r11
	Instruction: bsf    %r11 -> %rcx
	Instruction: sar    $0x0000000000000003 %rcx -> %rcx
	Instruction: shl    $0x0000000000000003 %rcx -> %rcx
	Instruction: sar    %cl %rax -> %rax
	Instruction: movzx  %al -> %eax
	Instruction: sar    %cl %rdx -> %rdx
	Instruction: movzx  %dl -> %edx
	Instruction: sub    %edx %eax -> %eax
	Instruction: ret    %rsp (%rsp)[8byte] -> %rsp
[ARKADE BB END] handling event_bb is done.




[ARKADE BB START] Basic Block is detected -> event_bb_insert is called.

	Instruction: test   %eax %eax
	Instruction: jnz    $0x00007f43bd998c40
[ARKADE BB END] handling event_bb is done.
[ARKADE MALLOC CALLED] Malloc (Nonuser Code) (size: 82)
[ARKADE MALLOC CALLED] Module start: 0x00007f43bd98f000
[ARKADE MALLOC CALLED] Module end: 0x00007f43bd9bf000
[ARKADE MALLOC CALLED] Module full path: /lib/x86_64-linux-gnu/ld-2.31.so
[ARKADE MALLOC CALLED] Caller (Nonuser Code): fillin_rpath (/build/glibc-FcRMwW/glibc-2.31/elf/dl-load.c:511)
[ARKADE MALLOC RETURN] Malloc (Nonuser Code) return base address: 0x00007f43bd9c35b0, Size: 82, Active: true
[ARKADE FREE] Free (Nonuser Code) (0x00007f43bd9c35a0)
[ARKADE FREE CALLED] Module start: 0x00007f43bd98f000
[ARKADE FREE CALLED] Module end: 0x00007f43bd9bf000
[ARKADE FREE CALLED] Module full path: /lib/x86_64-linux-gnu/ld-2.31.so
Caller: fillin_rpath (/build/glibc-FcRMwW/glibc-2.31/elf/dl-load.c:544)
[ARKADE MALLOC CALLED] Malloc (Nonuser Code) (size: 6)
[ARKADE MALLOC CALLED] Module start: 0x00007f43bd98f000
[ARKADE MALLOC CALLED] Module end: 0x00007f43bd9bf000
[ARKADE MALLOC CALLED] Module full path: /lib/x86_64-linux-gnu/ld-2.31.so
[ARKADE MALLOC CALLED] Caller (Nonuser Code): __strdup (/build/glibc-FcRMwW/glibc-2.31/string/strdup.c:44)
[ARKADE MALLOC RETURN] Malloc (Nonuser Code) return base address: 0x00007f43bd9c3610, Size: 6, Active: true
[ARKADE MALLOC CALLED] Malloc (Nonuser Code) (size: 79)
[ARKADE MALLOC CALLED] Module start: 0x00007f43bd98f000
[ARKADE MALLOC CALLED] Module end: 0x00007f43bd9bf000
[ARKADE MALLOC CALLED] Module full path: /lib/x86_64-linux-gnu/ld-2.31.so
[ARKADE MALLOC CALLED] Caller (Nonuser Code): fillin_rpath (/build/glibc-FcRMwW/glibc-2.31/elf/dl-load.c:511)
[ARKADE MALLOC RETURN] Malloc (Nonuser Code) return base address: 0x00007f43bd9c3620, Size: 79, Active: true
[ARKADE FREE] Free (Nonuser Code) (0x00007f43bd9c3610)
[ARKADE FREE CALLED] Module start: 0x00007f43bd98f000
[ARKADE FREE CALLED] Module end: 0x00007f43bd9bf000
[ARKADE FREE CALLED] Module full path: /lib/x86_64-linux-gnu/ld-2.31.so
Caller: fillin_rpath (/build/glibc-FcRMwW/glibc-2.31/elf/dl-load.c:544)
[ARKADE MALLOC CALLED] Malloc (Nonuser Code) (size: 5)
[ARKADE MALLOC CALLED] Module start: 0x00007f43bd98f000
[ARKADE MALLOC CALLED] Module end: 0x00007f43bd9bf000
[ARKADE MALLOC CALLED] Module full path: /lib/x86_64-linux-gnu/ld-2.31.so
[ARKADE MALLOC CALLED] Caller (Nonuser Code): __strdup (/build/glibc-FcRMwW/glibc-2.31/string/strdup.c:44)
[ARKADE MALLOC RETURN] Malloc (Nonuser Code) return base address: 0x00007f43bd9c3670, Size: 5, Active: true




[ARKADE BB START] Basic Block is detected -> event_bb_insert is called.

	Instruction: mov    (%rdi)[4byte] -> %eax
	Instruction: mov    (%rdi,%rsi)[4byte] -> %edx
	Instruction: sub    $0x0000000000000004 %r10 -> %r10
	Instruction: jz     $0x00007f43bd9b18ca
[ARKADE BB END] handling event_bb is done.
[ARKADE MALLOC CALLED] Malloc (Nonuser Code) (size: 78)
[ARKADE MALLOC CALLED] Module start: 0x00007f43bd98f000
[ARKADE MALLOC CALLED] Module end: 0x00007f43bd9bf000
[ARKADE MALLOC CALLED] Module full path: /lib/x86_64-linux-gnu/ld-2.31.so
[ARKADE MALLOC CALLED] Caller (Nonuser Code): fillin_rpath (/build/glibc-FcRMwW/glibc-2.31/elf/dl-load.c:511)
[ARKADE MALLOC RETURN] Malloc (Nonuser Code) return base address: 0x00007f43bd9c3680, Size: 78, Active: true
[ARKADE FREE] Free (Nonuser Code) (0x00007f43bd9c3670)
[ARKADE FREE CALLED] Module start: 0x00007f43bd98f000
[ARKADE FREE CALLED] Module end: 0x00007f43bd9bf000
[ARKADE FREE CALLED] Module full path: /lib/x86_64-linux-gnu/ld-2.31.so
Caller: fillin_rpath (/build/glibc-FcRMwW/glibc-2.31/elf/dl-load.c:544)
[ARKADE MALLOC CALLED] Malloc (Nonuser Code) (size: 11)
[ARKADE MALLOC CALLED] Module start: 0x00007f43bd98f000
[ARKADE MALLOC CALLED] Module end: 0x00007f43bd9bf000
[ARKADE MALLOC CALLED] Module full path: /lib/x86_64-linux-gnu/ld-2.31.so
[ARKADE MALLOC CALLED] Caller (Nonuser Code): __strdup (/build/glibc-FcRMwW/glibc-2.31/string/strdup.c:44)
[ARKADE MALLOC RETURN] Malloc (Nonuser Code) return base address: 0x00007f43bd9c36d0, Size: 11, Active: true
[ARKADE MALLOC CALLED] Malloc (Nonuser Code) (size: 84)
[ARKADE MALLOC CALLED] Module start: 0x00007f43bd98f000
[ARKADE MALLOC CALLED] Module end: 0x00007f43bd9bf000
[ARKADE MALLOC CALLED] Module full path: /lib/x86_64-linux-gnu/ld-2.31.so
[ARKADE MALLOC CALLED] Caller (Nonuser Code): fillin_rpath (/build/glibc-FcRMwW/glibc-2.31/elf/dl-load.c:511)
[ARKADE MALLOC RETURN] Malloc (Nonuser Code) return base address: 0x00007f43bd9c36e0, Size: 84, Active: true
[ARKADE FREE] Free (Nonuser Code) (0x00007f43bd9c36d0)
[ARKADE FREE CALLED] Module start: 0x00007f43bd98f000
[ARKADE FREE CALLED] Module end: 0x00007f43bd9bf000
[ARKADE FREE CALLED] Module full path: /lib/x86_64-linux-gnu/ld-2.31.so
Caller: fillin_rpath (/build/glibc-FcRMwW/glibc-2.31/elf/dl-load.c:544)
[ARKADE MALLOC CALLED] Malloc (Nonuser Code) (size: 17)
[ARKADE MALLOC CALLED] Module start: 0x00007f43bd98f000
[ARKADE MALLOC CALLED] Module end: 0x00007f43bd9bf000
[ARKADE MALLOC CALLED] Module full path: /lib/x86_64-linux-gnu/ld-2.31.so
[ARKADE MALLOC CALLED] Caller (Nonuser Code): __strdup (/build/glibc-FcRMwW/glibc-2.31/string/strdup.c:44)
[ARKADE MALLOC RETURN] Malloc (Nonuser Code) return base address: 0x00007f43bd9c3740, Size: 17, Active: true
[ARKADE MALLOC CALLED] Malloc (Nonuser Code) (size: 90)
[ARKADE MALLOC CALLED] Module start: 0x00007f43bd98f000
[ARKADE MALLOC CALLED] Module end: 0x00007f43bd9bf000
[ARKADE MALLOC CALLED] Module full path: /lib/x86_64-linux-gnu/ld-2.31.so
[ARKADE MALLOC CALLED] Caller (Nonuser Code): fillin_rpath (/build/glibc-FcRMwW/glibc-2.31/elf/dl-load.c:511)
[ARKADE MALLOC RETURN] Malloc (Nonuser Code) return base address: 0x00007f43bd9c3760, Size: 90, Active: true
[ARKADE FREE] Free (Nonuser Code) (0x00007f43bd9c3740)
[ARKADE FREE CALLED] Module start: 0x00007f43bd98f000
[ARKADE FREE CALLED] Module end: 0x00007f43bd9bf000
[ARKADE FREE CALLED] Module full path: /lib/x86_64-linux-gnu/ld-2.31.so
Caller: fillin_rpath (/build/glibc-FcRMwW/glibc-2.31/elf/dl-load.c:544)




[ARKADE BB START] Basic Block is detected -> event_bb_insert is called.

	Instruction: xor    %eax %eax -> %eax
	Instruction: jmp    $0x00007f43bd9ac98c
[ARKADE BB END] handling event_bb is done.




[ARKADE BB START] Basic Block is detected -> event_bb_insert is called.

	Instruction: mov    %rax -> (%rdi)[8byte]
	Instruction: mov    %r8 -> %rax
	Instruction: ret    %rsp (%rsp)[8byte] -> %rsp
[ARKADE BB END] handling event_bb is done.
[ARKADE MALLOC CALLED] Malloc (Nonuser Code) (size: 10)
[ARKADE MALLOC CALLED] Module start: 0x00007f43bd98f000
[ARKADE MALLOC CALLED] Module end: 0x00007f43bd9bf000
[ARKADE MALLOC CALLED] Module full path: /lib/x86_64-linux-gnu/ld-2.31.so
[ARKADE MALLOC CALLED] Caller (Nonuser Code): __strdup (/build/glibc-FcRMwW/glibc-2.31/string/strdup.c:44)
[ARKADE MALLOC RETURN] Malloc (Nonuser Code) return base address: 0x00007f43bd9c37c0, Size: 10, Active: true




[ARKADE BB START] Basic Block is detected -> event_bb_insert is called.

	Instruction: movzx  (%rdi)[2byte] -> %eax
	Instruction: movzx  (%rdi,%rsi)[2byte] -> %edx
	Instruction: sub    $0x0000000000000002 %r10 -> %r10
	Instruction: jz     $0x00007f43bd9b18ca
[ARKADE BB END] handling event_bb is done.




[ARKADE BB START] Basic Block is detected -> event_bb_insert is called.

	Instruction: add    $0x0000000000000002 %rdi -> %rdi
	Instruction: cmp    %eax %edx
	Instruction: jnz    $0x00007f43bd9b18ca
[ARKADE BB END] handling event_bb is done.
[ARKADE MALLOC CALLED] Malloc (Nonuser Code) (size: 83)
[ARKADE MALLOC CALLED] Module start: 0x00007f43bd98f000
[ARKADE MALLOC CALLED] Module end: 0x00007f43bd9bf000
[ARKADE MALLOC CALLED] Module full path: /lib/x86_64-linux-gnu/ld-2.31.so
[ARKADE MALLOC CALLED] Caller (Nonuser Code): fillin_rpath (/build/glibc-FcRMwW/glibc-2.31/elf/dl-load.c:511)
[ARKADE MALLOC RETURN] Malloc (Nonuser Code) return base address: 0x00007f43bd9c37d0, Size: 83, Active: true
[ARKADE FREE] Free (Nonuser Code) (0x00007f43bd9c37c0)
[ARKADE FREE CALLED] Module start: 0x00007f43bd98f000
[ARKADE FREE CALLED] Module end: 0x00007f43bd9bf000
[ARKADE FREE CALLED] Module full path: /lib/x86_64-linux-gnu/ld-2.31.so
Caller: fillin_rpath (/build/glibc-FcRMwW/glibc-2.31/elf/dl-load.c:544)




[ARKADE BB START] Basic Block is detected -> event_bb_insert is called.

	Instruction: mov    %r8 -> %rax
	Instruction: ret    %rsp (%rsp)[8byte] -> %rsp
[ARKADE BB END] handling event_bb is done.




[ARKADE BB START] Basic Block is detected -> event_bb_insert is called.

	Instruction: mov    $0x0000000000000000 -> (%r12,%rbx,8)[8byte]
	Instruction: add    $0x0000000000000058 %rsp -> %rsp
	Instruction: mov    %r12 -> %rax
	Instruction: pop    %rsp (%rsp)[8byte] -> %rbx %rsp
	Instruction: pop    %rsp (%rsp)[8byte] -> %rbp %rsp
	Instruction: pop    %rsp (%rsp)[8byte] -> %r12 %rsp
	Instruction: pop    %rsp (%rsp)[8byte] -> %r13 %rsp
	Instruction: pop    %rsp (%rsp)[8byte] -> %r14 %rsp
	Instruction: pop    %rsp (%rsp)[8byte] -> %r15 %rsp
	Instruction: ret    %rsp (%rsp)[8byte] -> %rsp
[ARKADE BB END] handling event_bb is done.




[ARKADE BB START] Basic Block is detected -> event_bb_insert is called.

	Instruction: mov    <rel> 0x00007f43bd9bc870[8byte] -> %rdi
	Instruction: cmp    (%rdi)[8byte] $0x0000000000000000
	Instruction: jz     $0x00007f43bd9993de
[ARKADE BB END] handling event_bb is done.




[ARKADE BB START] Basic Block is detected -> event_bb_insert is called.

	Instruction: mov    $0x00000000 -> <rel> 0x00007f43bd9bc878[4byte]
	Instruction: lea    0xffffffd8(%rbp) -> %rsp
	Instruction: pop    %rsp (%rsp)[8byte] -> %rbx %rsp
	Instruction: pop    %rsp (%rsp)[8byte] -> %r12 %rsp
	Instruction: pop    %rsp (%rsp)[8byte] -> %r13 %rsp
	Instruction: pop    %rsp (%rsp)[8byte] -> %r14 %rsp
	Instruction: pop    %rsp (%rsp)[8byte] -> %r15 %rsp
	Instruction: pop    %rsp (%rsp)[8byte] -> %rbp %rsp
	Instruction: ret    %rsp (%rsp)[8byte] -> %rsp
[ARKADE BB END] handling event_bb is done.




[ARKADE BB START] Basic Block is detected -> event_bb_insert is called.

	Instruction: mov    <rel> 0x00007f43bd9bd9e8[8byte] -> %rdi
	Instruction: xor    %esi %esi -> %esi
	Instruction: call   $0x00007f43bd9a11f0 %rsp -> %rsp 0xfffffff8(%rsp)[8byte]
[ARKADE BB END] handling event_bb is done.




[ARKADE BB START] Basic Block is detected -> event_bb_insert is called.

	Instruction: nop    %edx
	Instruction: test   %rsi %rsi
	Instruction: jz     $0x00007f43bd9a1250
[ARKADE BB END] handling event_bb is done.




[ARKADE BB START] Basic Block is detected -> event_bb_insert is called.

	Instruction: mov    <rel> 0x00007f43bd9bcfd8[8byte] -> %rax
	Instruction: cmp    0x08(%rax)[8byte] $0x0000000000000000
	Instruction: jnz    $0x00007f43bd9a1214
[ARKADE BB END] handling event_bb is done.




[ARKADE BB START] Basic Block is detected -> event_bb_insert is called.

	Instruction: mov    $0x00000001 -> (%rax)[4byte]
	Instruction: test   %rdi %rdi
	Instruction: jnz    $0x00007f43bd9a121f
[ARKADE BB END] handling event_bb is done.




[ARKADE BB START] Basic Block is detected -> event_bb_insert is called.

	Instruction: lea    (%rsi,%rsi,8) -> %rdx
	Instruction: lea    <rel> 0x00007f43bd9bd060 -> %rcx
	Instruction: mov    %rdi -> 0x20(%rax)[8byte]
	Instruction: shl    $0x0000000000000004 %rdx -> %rdx
	Instruction: mov    (%rcx,%rdx)[8byte] -> %rdx
	Instruction: lea    <rel> 0x00007f43bd9a11e0 -> %rcx
	Instruction: mov    %rcx -> 0x10(%rax)[8byte]
	Instruction: mov    %rdx -> 0x08(%rax)[8byte]
	Instruction: ret    %rsp (%rsp)[8byte] -> %rsp
[ARKADE BB END] handling event_bb is done.




[ARKADE BB START] Basic Block is detected -> event_bb_insert is called.

	Instruction: cmp    <rel> 0x00007f43bd9bd9f0[8byte] $0x0000000000000000
	Instruction: mov    %rax -> 0xfffffe50(%rbp)[8byte]
	Instruction: mov    $0x00000000 -> 0x18(%rax)[4byte]
	Instruction: jz     $0x00007f43bd9931fe
[ARKADE BB END] handling event_bb is done.




[ARKADE BB START] Basic Block is detected -> event_bb_insert is called.

	Instruction: mov    <rel> 0x00007f43bd9bda20[8byte] -> %rax
	Instruction: mov    (%rax)[8byte] -> %rax
	Instruction: mov    %rax -> <rel> 0x00007f43bd9bd9f0[8byte]
	Instruction: jmp    $0x00007f43bd992e98
[ARKADE BB END] handling event_bb is done.




[ARKADE BB START] Basic Block is detected -> event_bb_insert is called.

	Instruction: movzx  <rel> 0x00007f43bd9bdd04[1byte] -> %eax
	Instruction: add    $0x00000001 <rel> 0x00007f43bd9bd068[4byte] -> <rel> 0x00007f43bd9bd068[4byte]
	Instruction: and    $0xfffffffc %eax -> %eax
	Instruction: or     $0x00000001 %eax -> %eax
	Instruction: mov    %al -> <rel> 0x00007f43bd9bdd04[1byte]
	Instruction: mov    0xfffffe60(%rbp)[8byte] -> %rax
	Instruction: mov    %rax -> 0x18(%r15)[8byte]
	Instruction: add    $0x0000000000000001 <rel> 0x00007f43bd9bd9b8[8byte] -> <rel> 0x00007f43bd9bd9b8[8byte]
	Instruction: cmp    <rel> 0x00007f43bd9bc780[8byte] $0xfffffffffffffffe
	Instruction: mov    %r15 -> <rel> 0x00007f43bd9bda08[8byte]
	Instruction: jz     $0x00007f43bd9931c7
[ARKADE BB END] handling event_bb is done.




[ARKADE BB START] Basic Block is detected -> event_bb_insert is called.

	Instruction: xor    %eax %eax -> %eax
	Instruction: cmp    (%r15)[8byte] $0x0000000000000000
	Instruction: setz    -> %al
	Instruction: neg    %rax -> %rax
	Instruction: mov    %rax -> <rel> 0x00007f43bd9bc780[8byte]
	Instruction: jmp    $0x00007f43bd992eda
[ARKADE BB END] handling event_bb is done.




[ARKADE BB START] Basic Block is detected -> event_bb_insert is called.

	Instruction: data16 cmp    <rel> 0x00007f43bd98f034[2byte] $0x0040
	Instruction: jnz    $0x00007f43bd994f63
[ARKADE BB END] handling event_bb is done.




[ARKADE BB START] Basic Block is detected -> event_bb_insert is called.

	Instruction: data16 cmp    <rel> 0x00007f43bd98f036[2byte] $0x0038
	Instruction: jnz    $0x00007f43bd994f82
[ARKADE BB END] handling event_bb is done.




[ARKADE BB START] Basic Block is detected -> event_bb_insert is called.

	Instruction: movzx  <rel> 0x00007f43bd98f038[2byte] -> %eax
	Instruction: lea    <rel> 0x00007f43bd98f000 -> %rdx
	Instruction: add    <rel> 0x00007f43bd98f020[8byte] %rdx -> %rdx
	Instruction: mov    %rdx -> <rel> 0x00007f43bd9bdc90[8byte]
	Instruction: lea    0x00(,%rax,8) -> %rcx
	Instruction: data16 mov    %ax -> <rel> 0x00007f43bd9bdca0[2byte]
	Instruction: sub    %rax %rcx -> %rcx
	Instruction: lea    0xffffffc8(%rdx,%rcx,8) -> %rcx
	Instruction: jmp    $0x00007f43bd992f42
[ARKADE BB END] handling event_bb is done.




[ARKADE BB START] Basic Block is detected -> event_bb_insert is called.

	Instruction: test   %rax %rax
	Instruction: jnz    $0x00007f43bd992f2b
[ARKADE BB END] handling event_bb is done.




[ARKADE BB START] Basic Block is detected -> event_bb_insert is called.

	Instruction: mov    %rcx -> %rdx
	Instruction: sub    $0x0000000000000001 %rax -> %rax
	Instruction: sub    $0x0000000000000038 %rcx -> %rcx
	Instruction: cmp    (%rdx)[4byte] $0x6474e552
	Instruction: jz     $0x00007f43bd993192
[ARKADE BB END] handling event_bb is done.




[ARKADE BB START] Basic Block is detected -> event_bb_insert is called.

	Instruction: movdqu 0x10(%rdx)[16byte] -> %xmm0
	Instruction: movdqu 0x20(%rdx)[16byte] -> %xmm1
	Instruction: cmp    <rel> 0x00007f43bd9bde20[8byte] $0x0000000000000000
	Instruction: shufpd %xmm1 $0x02 %xmm0 -> %xmm0
	Instruction: movups %xmm0 -> <rel> 0x00007f43bd9bde50[16byte]
	Instruction: jz     $0x00007f43bd992f55
[ARKADE BB END] handling event_bb is done.




[ARKADE BB START] Basic Block is detected -> event_bb_insert is called.

	Instruction: cmp    <rel> 0x00007f43bd9be068[8byte] $0x0000000000000000
	Instruction: lea    <rel> 0x00007f43bd9be188 -> %rbx
	Instruction: jnz    $0x00007f43bd994800
[ARKADE BB END] handling event_bb is done.




[ARKADE BB START] Basic Block is detected -> event_bb_insert is called.

	Instruction: mov    (%rbx)[8byte] -> %rax
	Instruction: mov    $0x01 -> 0xfffffe38(%rbp)[1byte]
	Instruction: mov    %rax -> 0xfffffe48(%rbp)[8byte]
	Instruction: test   %rax %rax
	Instruction: jnz    $0x00007f43bd994800
[ARKADE BB END] handling event_bb is done.




[ARKADE BB START] Basic Block is detected -> event_bb_insert is called.

	Instruction: call   $0x00007f43bd9a3460 %rsp -> %rsp 0xfffffff8(%rsp)[8byte]
[ARKADE BB END] handling event_bb is done.




[ARKADE BB START] Basic Block is detected -> event_bb_insert is called.

	Instruction: nop    %edx
	Instruction: cmp    <rel> 0x00007f43bd9bdf9c[1byte] $0x00
	Instruction: jnz    $0x00007f43bd9a3480
[ARKADE BB END] handling event_bb is done.




[ARKADE BB START] Basic Block is detected -> event_bb_insert is called.

	Instruction: mov    <rel> 0x00007f43bd9bdfa0[8byte] -> %r8
	Instruction: mov    %r8 -> %rax
	Instruction: ret    %rsp (%rsp)[8byte] -> %rsp
[ARKADE BB END] handling event_bb is done.




[ARKADE BB START] Basic Block is detected -> event_bb_insert is called.

	Instruction: mov    %rax -> 0xfffffe28(%rbp)[8byte]
	Instruction: mov    0xe8(%r15)[8byte] -> %rax
	Instruction: test   %rax %rax
	Instruction: jz     $0x00007f43bd992fa7
[ARKADE BB END] handling event_bb is done.




[ARKADE BB START] Basic Block is detected -> event_bb_insert is called.

	Instruction: mov    0xfffffe50(%rbp)[8byte] -> %rcx
	Instruction: mov    %rcx -> 0x08(%rax)[8byte]
	Instruction: mov    <rel> 0x00007f43bd9bdad0[8byte] -> %rax
	Instruction: test   %rax %rax
	Instruction: jz     $0x00007f43bd992fbe
[ARKADE BB END] handling event_bb is done.




[ARKADE BB START] Basic Block is detected -> event_bb_insert is called.

	Instruction: mov    0xfffffe50(%rbp)[8byte] -> %rbx
	Instruction: mov    $0x00000001 -> 0x18(%rbx)[4byte]
	Instruction: call   $0x00007f43bd9a11e0 %rsp -> %rsp 0xfffffff8(%rsp)[8byte]
[ARKADE BB END] handling event_bb is done.




[ARKADE BB START] Basic Block is detected -> event_bb_insert is called.

	Instruction: nop    %edx
	Instruction: ret    %rsp (%rsp)[8byte] -> %rsp
[ARKADE BB END] handling event_bb is done.




[ARKADE BB START] Basic Block is detected -> event_bb_insert is called.

	Instruction: nop
	Instruction: mov    <rel> 0x00007f43bd9bc830[4byte] -> %eax
	Instruction: test   %eax %eax
	Instruction: jnz    $0x00007f43bd995210
[ARKADE BB END] handling event_bb is done.




[ARKADE BB START] Basic Block is detected -> event_bb_insert is called.

	Instruction: mov    0xfffffe40(%rbp)[8byte] -> %rax
	Instruction: cmp    (%rax)[8byte] $0x0000000000000000
	Instruction: jnz    $0x00007f43bd9951ea
[ARKADE BB END] handling event_bb is done.




[ARKADE BB START] Basic Block is detected -> event_bb_insert is called.

	Instruction: xor    %r13d %r13d -> %r13d
	Instruction: cmp    <rel> 0x00007f43bd9bc538[8byte] $0x0000000000000000
	Instruction: jnz    $0x00007f43bd9951ad
[ARKADE BB END] handling event_bb is done.




[ARKADE BB START] Basic Block is detected -> event_bb_insert is called.

	Instruction: cmp    <rel> 0x00007f43bd9bc528[8byte] $0x0000000000000000
	Instruction: jnz    $0x00007f43bd995170
[ARKADE BB END] handling event_bb is done.




[ARKADE BB START] Basic Block is detected -> event_bb_insert is called.

	Instruction: mov    $0x00000004 -> %esi
	Instruction: lea    <rel> 0x00007f43bd9b79e0 -> %rdi
	Instruction: call   $0x00007f43bd9addf0 %rsp -> %rsp 0xfffffff8(%rsp)[8byte]
[ARKADE BB END] handling event_bb is done.




[ARKADE BB START] Basic Block is detected -> event_bb_insert is called.

	Instruction: nop    %edx
	Instruction: mov    $0x00000015 -> %eax
	Instruction: syscall  -> %rcx %r11
[ARKADE BB END] handling event_bb is done.




[ARKADE BB START] Basic Block is detected -> event_bb_insert is called.

	Instruction: cmp    %rax $0xfffffffffffff000
	Instruction: jnbe   $0x00007f43bd9ade08
[ARKADE BB END] handling event_bb is done.




[ARKADE BB START] Basic Block is detected -> event_bb_insert is called.

	Instruction: neg    %eax -> %eax
	Instruction: mov    %eax -> <rel> 0x00007f43bd9be140[4byte]
	Instruction: mov    $0xffffffff -> %eax
	Instruction: ret    %rsp (%rsp)[8byte] -> %rsp
[ARKADE BB END] handling event_bb is done.




[ARKADE BB START] Basic Block is detected -> event_bb_insert is called.

	Instruction: test   %eax %eax
	Instruction: jz     $0x00007f43bd9952ed
[ARKADE BB END] handling event_bb is done.




[ARKADE BB START] Basic Block is detected -> event_bb_insert is called.

	Instruction: mov    0xfffffe40(%rbp)[8byte] -> %rax
	Instruction: mov    (%rax)[8byte] -> %rsi
	Instruction: test   %rsi %rsi
	Instruction: jnz    $0x00007f43bd99526c
[ARKADE BB END] handling event_bb is done.




[ARKADE BB START] Basic Block is detected -> event_bb_insert is called.

	Instruction: rdtsc   -> %edx %eax
	Instruction: xor    %ebx %ebx -> %ebx
	Instruction: mov    %rax -> %r12
	Instruction: shl    $0x0000000000000020 %rdx -> %rdx
	Instruction: mov    %r15 -> %rdi
	Instruction: or     %rdx %r12 -> %r12
	Instruction: cmp    0xfffffe68(%rbp)[4byte] $0x00000003
	Instruction: mov    %r13d -> %edx
	Instruction: setz    -> %bl
	Instruction: xor    %r8d %r8d -> %r8d
	Instruction: mov    %ebx -> %ecx
	Instruction: call   $0x00007f43bd99e520 %rsp -> %rsp 0xfffffff8(%rsp)[8byte]
[ARKADE BB END] handling event_bb is done.




[ARKADE BB START] Basic Block is detected -> event_bb_insert is called.

	Instruction: nop    %edx
	Instruction: push   %rbp %rsp -> %rsp 0xfffffff8(%rsp)[8byte]
	Instruction: lea    0x02(%rdx) -> %eax
	Instruction: lea    (%rax,%rax,2) -> %rax
	Instruction: lea    0x17(,%rax,8) -> %rax
	Instruction: mov    %rsp -> %rbp
	Instruction: push   %r15 %rsp -> %rsp 0xfffffff8(%rsp)[8byte]
	Instruction: shr    $0x0000000000000004 %rax -> %rax
	Instruction: push   %r14 %rsp -> %rsp 0xfffffff8(%rsp)[8byte]
	Instruction: shl    $0x0000000000000004 %rax -> %rax
	Instruction: push   %r13 %rsp -> %rsp 0xfffffff8(%rsp)[8byte]
	Instruction: push   %r12 %rsp -> %rsp 0xfffffff8(%rsp)[8byte]
	Instruction: push   %rbx %rsp -> %rsp 0xfffffff8(%rsp)[8byte]
	Instruction: sub    $0x00000000000004d8 %rsp -> %rsp
	Instruction: mov    %ecx -> 0xfffffb20(%rbp)[4byte]
	Instruction: mov    %rax -> %rcx
	Instruction: and    $0xfffffffffffff000 %rcx -> %rcx
	Instruction: mov    %rsp -> %rbx
	Instruction: mov    %rdi -> 0xfffffb48(%rbp)[8byte]
	Instruction: sub    %rcx %rbx -> %rbx
	Instruction: mov    %r8d -> 0xfffffb1c(%rbp)[4byte]
	Instruction: mov    %rbx -> %rcx
	Instruction: cmp    %rsp %rcx
	Instruction: jz     $0x00007f43bd99e590
[ARKADE BB END] handling event_bb is done.




[ARKADE BB START] Basic Block is detected -> event_bb_insert is called.

	Instruction: and    $0x00000fff %eax -> %eax
	Instruction: sub    %rax %rsp -> %rsp
	Instruction: test   %rax %rax
	Instruction: jnz    $0x00007f43bd99f0e8
[ARKADE BB END] handling event_bb is done.




[ARKADE BB START] Basic Block is detected -> event_bb_insert is called.

	Instruction: or     $0x0000000000000000 0xfffffff8(%rsp,%rax)[8byte] -> 0xfffffff8(%rsp,%rax)[8byte]
	Instruction: jmp    $0x00007f43bd99e5a1
[ARKADE BB END] handling event_bb is done.




[ARKADE BB START] Basic Block is detected -> event_bb_insert is called.

	Instruction: mov    0xfffffb48(%rbp)[8byte] -> %rbx
	Instruction: lea    0x0f(%rsp) -> %r10
	Instruction: and    $0xfffffffffffffff0 %r10 -> %r10
	Instruction: movzx  0x0000031c(%rbx)[1byte] -> %eax
	Instruction: lea    0x18(%r10) -> %rcx
	Instruction: mov    %rbx -> 0x08(%r10)[8byte]
	Instruction: mov    %r10 -> %r15
	Instruction: mov    $0x00000000 -> (%r10)[4byte]
	Instruction: mov    %al -> 0xfffffb68(%rbp)[1byte]
	Instruction: and    $0xffffff9f %eax -> %eax
	Instruction: or     $0x00000020 %eax -> %eax
	Instruction: mov    %rcx -> 0x10(%r10)[8byte]
	Instruction: mov    %al -> 0x0000031c(%rbx)[1byte]
	Instruction: test   %edx %edx
	Instruction: jz     $0x00007f43bd99f162
[ARKADE BB END] handling event_bb is done.




[ARKADE BB START] Basic Block is detected -> event_bb_insert is called.

	Instruction: mov    %r10 -> 0xfffffb40(%rbp)[8byte]
	Instruction: mov    %rbx -> %r13
	Instruction: mov    %r10 -> %rax
	Instruction: mov    $0x00000001 -> 0xfffffb24(%rbp)[4byte]
	Instruction: jmp    $0x00007f43bd99e665
[ARKADE BB END] handling event_bb is done.




[ARKADE BB START] Basic Block is detected -> event_bb_insert is called.

	Instruction: mov    $0x0000000000000000 -> 0x10(%rax)[8byte]
	Instruction: lea    0xfffffbd0(%rbp) -> %rax
	Instruction: mov    %rax -> 0xfffffb08(%rbp)[8byte]
	Instruction: mov    %rax -> 0xfffffbc0(%rbp)[8byte]
	Instruction: mov    <rel> 0x00007f43bd9be140[4byte] -> %eax
	Instruction: mov    $0x0000000000000400 -> 0xfffffbc8(%rbp)[8byte]
	Instruction: mov    $0x00000000 -> <rel> 0x00007f43bd9be140[4byte]
	Instruction: mov    %r10 -> 0xfffffb28(%rbp)[8byte]
	Instruction: mov    %r15 -> 0xfffffb00(%rbp)[8byte]
	Instruction: mov    %eax -> 0xfffffb18(%rbp)[4byte]
	Instruction: mov    %r10 -> %rax
	Instruction: mov    $0x00000001 -> (%rax)[4byte]
	Instruction: mov    0x000002c0(%r13)[8byte] -> %rax
	Instruction: mov    %rax -> 0xfffffb60(%rbp)[8byte]
	Instruction: test   %rax %rax
	Instruction: jz     $0x00007f43bd99ef00
[ARKADE BB END] handling event_bb is done.




[ARKADE BB START] Basic Block is detected -> event_bb_insert is called.

	Instruction: cmp    0x000003c8(%r13)[8byte] $0x0000000000000000
	Instruction: jnz    $0x00007f43bd99e6dc
[ARKADE BB END] handling event_bb is done.




[ARKADE BB START] Basic Block is detected -> event_bb_insert is called.

	Instruction: cmp    0xfffffb48(%rbp)[8byte] %r13
	Instruction: jz     $0x00007f43bd99e6dc
[ARKADE BB END] handling event_bb is done.




[ARKADE BB START] Basic Block is detected -> event_bb_insert is called.

	Instruction: cmp    0x48(%r13)[8byte] $0x0000000000000000
	Instruction: jnz    $0x00007f43bd99e7d0
[ARKADE BB END] handling event_bb is done.




[ARKADE BB START] Basic Block is detected -> event_bb_insert is called.

	Instruction: mov    0x68(%r13)[8byte] -> %rax
	Instruction: mov    0x10(%r13)[8byte] -> %r12
	Instruction: mov    %r13 -> 0xfffffb90(%rbp)[8byte]
	Instruction: mov    0x08(%rax)[8byte] -> %rax
	Instruction: mov    %rax -> 0xfffffb68(%rbp)[8byte]
	Instruction: mov    %rax -> 0xfffffba0(%rbp)[8byte]
	Instruction: mov    0xfffffb20(%rbp)[4byte] -> %eax
	Instruction: mov    %eax -> 0xfffffb98(%rbp)[4byte]
	Instruction: mov    0xfffffb1c(%rbp)[4byte] -> %eax
	Instruction: mov    %eax -> 0xfffffb9c(%rbp)[4byte]
	Instruction: mov    (%r12)[8byte] -> %rax
	Instruction: test   %rax %rax
	Instruction: jz     $0x00007f43bd99f61f
[ARKADE BB END] handling event_bb is done.




[ARKADE BB START] Basic Block is detected -> event_bb_insert is called.

	Instruction: mov    0xfffffb28(%rbp)[8byte] -> %rbx
	Instruction: lea    0xfffffb90(%rbp) -> %rcx
	Instruction: xor    %r15d %r15d -> %r15d
	Instruction: mov    %rcx -> 0xfffffb50(%rbp)[8byte]
	Instruction: mov    %rbx -> 0xfffffb10(%rbp)[8byte]
	Instruction: lea    0xfffffb70(%rbp) -> %rbx
	Instruction: mov    %rbx -> 0xfffffb58(%rbp)[8byte]
	Instruction: cmp    %rax $0x0000000000000001
	Instruction: jnz    $0x00007f43bd99ea22
[ARKADE BB END] handling event_bb is done.




[ARKADE BB START] Basic Block is detected -> event_bb_insert is called.

	Instruction: nop    (%rax)[4byte]
	Instruction: mov    0xfffffb68(%rbp)[8byte] -> %r14
	Instruction: add    0x08(%r12)[8byte] %r14 -> %r14
	Instruction: mov    %r14 -> %rdi
	Instruction: call   $0x00007f43bd9987a0 %rsp -> %rsp 0xfffffff8(%rsp)[8byte]
[ARKADE BB END] handling event_bb is done.




[ARKADE BB START] Basic Block is detected -> event_bb_insert is called.

	Instruction: nop    %edx
	Instruction: push   %r14 %rsp -> %rsp 0xfffffff8(%rsp)[8byte]
	Instruction: mov    $0x00000024 -> %esi
	Instruction: push   %r13 %rsp -> %rsp 0xfffffff8(%rsp)[8byte]
	Instruction: push   %r12 %rsp -> %rsp 0xfffffff8(%rsp)[8byte]
	Instruction: xor    %r12d %r12d -> %r12d
	Instruction: push   %rbp %rsp -> %rsp 0xfffffff8(%rsp)[8byte]
	Instruction: push   %rbx %rsp -> %rsp 0xfffffff8(%rsp)[8byte]
	Instruction: call   $0x00007f43bd9b1bf0 %rsp -> %rsp 0xfffffff8(%rsp)[8byte]
[ARKADE BB END] handling event_bb is done.




[ARKADE BB START] Basic Block is detected -> event_bb_insert is called.

	Instruction: test   %rax %rax
	Instruction: jnz    $0x00007f43bd9987d0
[ARKADE BB END] handling event_bb is done.




[ARKADE BB START] Basic Block is detected -> event_bb_insert is called.

	Instruction: pop    %rsp (%rsp)[8byte] -> %rbx %rsp
	Instruction: mov    %r12 -> %rax
	Instruction: pop    %rsp (%rsp)[8byte] -> %rbp %rsp
	Instruction: pop    %rsp (%rsp)[8byte] -> %r12 %rsp
	Instruction: pop    %rsp (%rsp)[8byte] -> %r13 %rsp
	Instruction: pop    %rsp (%rsp)[8byte] -> %r14 %rsp
	Instruction: ret    %rsp (%rsp)[8byte] -> %rsp
[ARKADE BB END] handling event_bb is done.




[ARKADE BB START] Basic Block is detected -> event_bb_insert is called.

	Instruction: mov    %rax -> %rbx
	Instruction: test   %rax %rax
	Instruction: jz     $0x00007f43bd99eb58
[ARKADE BB END] handling event_bb is done.




[ARKADE BB START] Basic Block is detected -> event_bb_insert is called.

	Instruction: mov    %r14 -> %rax
	Instruction: jmp    $0x00007f43bd99e942
[ARKADE BB END] handling event_bb is done.




[ARKADE BB START] Basic Block is detected -> event_bb_insert is called.

	Instruction: mov    0xfffffb50(%rbp)[8byte] -> %rdx
	Instruction: mov    0xfffffb58(%rbp)[8byte] -> %rdi
	Instruction: lea    <rel> 0x00007f43bd99e4e0 -> %rsi
	Instruction: mov    %rax -> 0xfffffba8(%rbp)[8byte]
	Instruction: call   $0x00007f43bd990090 %rsp -> %rsp 0xfffffff8(%rsp)[8byte]
[ARKADE BB END] handling event_bb is done.




[ARKADE BB START] Basic Block is detected -> event_bb_insert is called.

	Instruction: nop    %edx
	Instruction: jmp    <rel> 0x00007f43bd9bd018[8byte]
[ARKADE BB END] handling event_bb is done.




[ARKADE BB START] Basic Block is detected -> event_bb_insert is called.

	Instruction: nop    %edx
	Instruction: push   %r12 %rsp -> %rsp 0xfffffff8(%rsp)[8byte]
	Instruction: sub    $0x0000000000000110 %rsp -> %rsp
	Instruction: mov    <rel> 0x00007f43bd9be108[8byte] -> %rax
	Instruction: mov    %rdi -> (%rsp)[8byte]
	Instruction: mov    %rsi -> 0x10(%rsp)[8byte]
	Instruction: mov    %rdx -> 0x18(%rsp)[8byte]
	Instruction: mov    %rax -> 0x08(%rsp)[8byte]
	Instruction: test   %rdi %rdi
	Instruction: jz     $0x00007f43bd9accf0
[ARKADE BB END] handling event_bb is done.




[ARKADE BB START] Basic Block is detected -> event_bb_insert is called.

	Instruction: lea    0x2c(%rsp) -> %rax
	Instruction: mov    %rdi -> 0x30(%rsp)[8byte]
	Instruction: xor    %esi %esi -> %esi
	Instruction: lea    0x40(%rsp) -> %rdi
	Instruction: mov    %rax -> 0x38(%rsp)[8byte]
	Instruction: lea    0x30(%rsp) -> %rax
	Instruction: mov    %rax -> <rel> 0x00007f43bd9be108[8byte]
	Instruction: call   $0x00007f43bd9ae2f0 %rsp -> %rsp 0xfffffff8(%rsp)[8byte]
[ARKADE BB END] handling event_bb is done.




[ARKADE BB START] Basic Block is detected -> event_bb_insert is called.

	Instruction: nop    %edx
	Instruction: mov    %rbx -> (%rdi)[8byte]
	Instruction: mov    %rbp -> %rax
	Instruction: xor    <rel> 0x00007f43bd9bc5f0[8byte] %rax -> %rax
	Instruction: rol    $0x0000000000000011 %rax -> %rax
	Instruction: mov    %rax -> 0x08(%rdi)[8byte]
	Instruction: mov    %r12 -> 0x10(%rdi)[8byte]
	Instruction: mov    %r13 -> 0x18(%rdi)[8byte]
	Instruction: mov    %r14 -> 0x20(%rdi)[8byte]
	Instruction: mov    %r15 -> 0x28(%rdi)[8byte]
	Instruction: lea    0x08(%rsp) -> %rdx
	Instruction: xor    <rel> 0x00007f43bd9bc5f0[8byte] %rdx -> %rdx
	Instruction: rol    $0x0000000000000011 %rdx -> %rdx
	Instruction: mov    %rdx -> 0x30(%rdi)[8byte]
	Instruction: mov    (%rsp)[8byte] -> %rax
	Instruction: nop
	Instruction: xor    <rel> 0x00007f43bd9bc5f0[8byte] %rax -> %rax
	Instruction: rol    $0x0000000000000011 %rax -> %rax
	Instruction: mov    %rax -> 0x38(%rdi)[8byte]
	Instruction: xor    %eax %eax -> %eax
	Instruction: nop    %eax
	Instruction: mov    %rax -> 0x58(%rdi)[8byte]
	Instruction: xor    %eax %eax -> %eax
	Instruction: ret    %rsp (%rsp)[8byte] -> %rsp
[ARKADE BB END] handling event_bb is done.




[ARKADE BB START] Basic Block is detected -> event_bb_insert is called.

	Instruction: nop    %edx
	Instruction: mov    %eax -> %r12d
	Instruction: test   %eax %eax
	Instruction: jnz    $0x00007f43bd9acd20
[ARKADE BB END] handling event_bb is done.




[ARKADE BB START] Basic Block is detected -> event_bb_insert is called.

	Instruction: mov    0x10(%rsp)[8byte] -> %rcx
	Instruction: mov    0x18(%rsp)[8byte] -> %rdi
	Instruction: call   %rcx %rsp -> %rsp 0xfffffff8(%rsp)[8byte]
[ARKADE BB END] handling event_bb is done.




[ARKADE BB START] Basic Block is detected -> event_bb_insert is called.

	Instruction: nop    %edx
	Instruction: push   %rbx %rsp -> %rsp 0xfffffff8(%rsp)[8byte]
	Instruction: mov    %rdi -> %rbx
	Instruction: mov    (%rdi)[8byte] -> %rdi
	Instruction: mov    0x08(%rbx)[4byte] -> %ecx
	Instruction: mov    0x18(%rbx)[8byte] -> %rsi
	Instruction: movzx  0x0000031c(%rdi)[1byte] -> %eax
	Instruction: mov    0x0c(%rbx)[4byte] -> %r8d
	Instruction: mov    0x30(%rdi)[8byte] -> %r9
	Instruction: mov    %eax -> %edx
	Instruction: and    $0x00000003 %edx -> %edx
	Instruction: test   %al $0x03
	Instruction: mov    $0x00000001 -> %eax
	Instruction: cmovz  %eax -> %edx
	Instruction: call   $0x00007f43bd999460 %rsp -> %rsp 0xfffffff8(%rsp)[8byte]
[ARKADE BB END] handling event_bb is done.




[ARKADE BB START] Basic Block is detected -> event_bb_insert is called.

	Instruction: nop    %edx
	Instruction: push   %r15 %rsp -> %rsp 0xfffffff8(%rsp)[8byte]
	Instruction: push   %r14 %rsp -> %rsp 0xfffffff8(%rsp)[8byte]
	Instruction: push   %r13 %rsp -> %rsp 0xfffffff8(%rsp)[8byte]
	Instruction: push   %r12 %rsp -> %rsp 0xfffffff8(%rsp)[8byte]
	Instruction: push   %rbp %rsp -> %rsp 0xfffffff8(%rsp)[8byte]
	Instruction: push   %rbx %rsp -> %rsp 0xfffffff8(%rsp)[8byte]
	Instruction: sub    $0x00000000000003b8 %rsp -> %rsp
	Instruction: mov    %edx -> (%rsp)[4byte]
	Instruction: mov    %ecx -> 0x04(%rsp)[4byte]
	Instruction: test   %r9 %r9
	Instruction: js     $0x00007f43bd99a071
[ARKADE BB END] handling event_bb is done.




[ARKADE BB START] Basic Block is detected -> event_bb_insert is called.

	Instruction: cmp    <rel> 0x00007f43bd9bd960[8byte] %r9
	Instruction: mov    %r9 -> %rbp
	Instruction: lea    <rel> 0x00007f43bd9bd060 -> %r14
	Instruction: jbe    $0x00007f43bd99a052
[ARKADE BB END] handling event_bb is done.




[ARKADE BB START] Basic Block is detected -> event_bb_insert is called.

	Instruction: lea    (%r9,%r9,8) -> %rax
	Instruction: mov    %rdi -> %r12
	Instruction: mov    %rsi -> %r13
	Instruction: mov    %r8d -> %ebx
	Instruction: shl    $0x0000000000000004 %rax -> %rax
	Instruction: mov    (%r14,%rax)[8byte] -> %r15
	Instruction: test   %r15 %r15
	Instruction: jnz    $0x00007f43bd9994c9
[ARKADE BB END] handling event_bb is done.




[ARKADE BB START] Basic Block is detected -> event_bb_insert is called.

	Instruction: movzx  0x0000031d(%r15)[1byte] -> %eax
	Instruction: mov    %eax -> %edx
	Instruction: shr    $0x05 %al -> %al
	Instruction: shr    $0x01 %dl -> %dl
	Instruction: or     %edx %eax -> %eax
	Instruction: test   %al $0x01
	Instruction: jnz    $0x00007f43bd9994c0
[ARKADE BB END] handling event_bb is done.




[ARKADE BB START] Basic Block is detected -> event_bb_insert is called.

	Instruction: mov    %r15 -> %rsi
	Instruction: mov    %r13 -> %rdi
	Instruction: call   $0x00007f43bd9a1b90 %rsp -> %rsp 0xfffffff8(%rsp)[8byte]
[ARKADE BB END] handling event_bb is done.




[ARKADE BB START] Basic Block is detected -> event_bb_insert is called.

	Instruction: nop    %edx
	Instruction: push   %rbp %rsp -> %rsp 0xfffffff8(%rsp)[8byte]
	Instruction: mov    %rdi -> %rbp
	Instruction: push   %rbx %rsp -> %rsp 0xfffffff8(%rsp)[8byte]
	Instruction: mov    %rsi -> %rbx
	Instruction: sub    $0x0000000000000008 %rsp -> %rsp
	Instruction: mov    0x08(%rsi)[8byte] -> %rsi
	Instruction: call   $0x00007f43bd9ae600 %rsp -> %rsp 0xfffffff8(%rsp)[8byte]
[ARKADE BB END] handling event_bb is done.




[ARKADE BB START] Basic Block is detected -> event_bb_insert is called.

	Instruction: mov    %eax -> %r8d
	Instruction: mov    $0x00000001 -> %eax
	Instruction: test   %r8d %r8d
	Instruction: jz     $0x00007f43bd9a1be5
[ARKADE BB END] handling event_bb is done.




[ARKADE BB START] Basic Block is detected -> event_bb_insert is called.

	Instruction: mov    0x38(%rbx)[8byte] -> %rbx
	Instruction: test   %rbx %rbx
	Instruction: jnz    $0x00007f43bd9a1bd1
[ARKADE BB END] handling event_bb is done.




[ARKADE BB START] Basic Block is detected -> event_bb_insert is called.

	Instruction: mov    (%rbx)[8byte] -> %rsi
	Instruction: mov    %rbp -> %rdi
	Instruction: call   $0x00007f43bd9ae600 %rsp -> %rsp 0xfffffff8(%rsp)[8byte]
[ARKADE BB END] handling event_bb is done.




[ARKADE BB START] Basic Block is detected -> event_bb_insert is called.

	Instruction: test   %eax %eax
	Instruction: jnz    $0x00007f43bd9a1bc8
[ARKADE BB END] handling event_bb is done.




[ARKADE BB START] Basic Block is detected -> event_bb_insert is called.

	Instruction: mov    0x08(%rbx)[8byte] -> %rbx
	Instruction: test   %rbx %rbx
	Instruction: jz     $0x00007f43bd9a1bf0
[ARKADE BB END] handling event_bb is done.




[ARKADE BB START] Basic Block is detected -> event_bb_insert is called.

	Instruction: add    $0x0000000000000008 %rsp -> %rsp
	Instruction: xor    %eax %eax -> %eax
	Instruction: pop    %rsp (%rsp)[8byte] -> %rbx %rsp
	Instruction: pop    %rsp (%rsp)[8byte] -> %rbp %rsp
	Instruction: ret    %rsp (%rsp)[8byte] -> %rsp
[ARKADE BB END] handling event_bb is done.




[ARKADE BB START] Basic Block is detected -> event_bb_insert is called.

	Instruction: test   %eax %eax
	Instruction: jnz    $0x00007f43bd99952f
[ARKADE BB END] handling event_bb is done.




[ARKADE BB START] Basic Block is detected -> event_bb_insert is called.

	Instruction: test   0x0000031d(%r15)[1byte] $0x01
	Instruction: jnz    $0x00007f43bd9994c0
[ARKADE BB END] handling event_bb is done.




[ARKADE BB START] Basic Block is detected -> event_bb_insert is called.

	Instruction: mov    0xb0(%r15)[8byte] -> %rax
	Instruction: test   %rax %rax
	Instruction: jz     $0x00007f43bd9994c0
[ARKADE BB END] handling event_bb is done.




[ARKADE BB START] Basic Block is detected -> event_bb_insert is called.

	Instruction: mov    0x18(%r15)[8byte] -> %r15
	Instruction: test   %r15 %r15
	Instruction: jz     $0x00007f43bd999548
[ARKADE BB END] handling event_bb is done.




[ARKADE BB START] Basic Block is detected -> event_bb_insert is called.

	Instruction: mov    0x68(%r15)[8byte] -> %rdx
	Instruction: mov    0x08(%rax)[8byte] -> %rsi
	Instruction: mov    %r13 -> %rdi
	Instruction: add    0x08(%rdx)[8byte] %rsi -> %rsi
	Instruction: call   $0x00007f43bd9ae600 %rsp -> %rsp 0xfffffff8(%rsp)[8byte]
[ARKADE BB END] handling event_bb is done.




[ARKADE BB START] Basic Block is detected -> event_bb_insert is called.

	Instruction: test   %eax %eax
	Instruction: jnz    $0x00007f43bd9994c0
[ARKADE BB END] handling event_bb is done.




[ARKADE BB START] Basic Block is detected -> event_bb_insert is called.

	Instruction: mov    %ebx -> %eax
	Instruction: mov    <rel> 0x00007f43bd9bc620[4byte] -> %edx
	Instruction: and    $0x10000000 %eax -> %eax
	Instruction: mov    %eax -> 0x20(%rsp)[4byte]
	Instruction: test   %dl $0x40
	Instruction: jnz    $0x00007f43bd9999e7
[ARKADE BB END] handling event_bb is done.




[ARKADE BB START] Basic Block is detected -> event_bb_insert is called.

	Instruction: mov    $0x0000000000000000 -> 0x08(%rsp)[8byte]
	Instruction: mov    <rel> 0x00007f43bd9bc830[4byte] -> %r10d
	Instruction: test   %r10d %r10d
	Instruction: jnz    $0x00007f43bd999aed
[ARKADE BB END] handling event_bb is done.




[ARKADE BB START] Basic Block is detected -> event_bb_insert is called.

	Instruction: mov    $0x0000002f -> %esi
	Instruction: mov    %r13 -> %rdi
	Instruction: mov    $0x00 -> 0x4f(%rsp)[1byte]
	Instruction: call   $0x00007f43bd9b1bf0 %rsp -> %rsp 0xfffffff8(%rsp)[8byte]
[ARKADE BB END] handling event_bb is done.




[ARKADE BB START] Basic Block is detected -> event_bb_insert is called.

	Instruction: test   %rax %rax
	Instruction: jz     $0x00007f43bd999732
[ARKADE BB END] handling event_bb is done.




[ARKADE BB START] Basic Block is detected -> event_bb_insert is called.

	Instruction: mov    %r13 -> %rdi
	Instruction: call   $0x00007f43bd9b1e20 %rsp -> %rsp 0xfffffff8(%rsp)[8byte]
[ARKADE BB END] handling event_bb is done.




[ARKADE BB START] Basic Block is detected -> event_bb_insert is called.

	Instruction: add    $0x0000000000000001 %rax -> %rax
	Instruction: mov    %rax -> 0x30(%rsp)[8byte]
	Instruction: test   <rel> 0x00007f43bd9bc620[1byte] $0x01
	Instruction: jnz    $0x00007f43bd999d20
[ARKADE BB END] handling event_bb is done.




[ARKADE BB START] Basic Block is detected -> event_bb_insert is called.

	Instruction: test   %r12 %r12
	Instruction: jz     $0x00007f43bd999f24
[ARKADE BB END] handling event_bb is done.




[ARKADE BB START] Basic Block is detected -> event_bb_insert is called.

	Instruction: cmp    0x00000128(%r12)[8byte] $0x0000000000000000
	Instruction: jz     $0x00007f43bd999841
[ARKADE BB END] handling event_bb is done.




[ARKADE BB START] Basic Block is detected -> event_bb_insert is called.

	Instruction: mov    <rel> 0x00007f43bd9bd060[8byte] -> %rax
	Instruction: mov    %rbp -> 0x38(%rsp)[8byte]
	Instruction: mov    $0x00 -> 0x27(%rsp)[1byte]
	Instruction: mov    0x30(%rsp)[8byte] -> %rbp
	Instruction: mov    %rax -> 0x18(%rsp)[8byte]
	Instruction: lea    0x60(%rsp) -> %rax
	Instruction: mov    %r12 -> 0x10(%rsp)[8byte]
	Instruction: mov    %rax -> %r15
	Instruction: jmp    $0x00007f43bd9998c2
[ARKADE BB END] handling event_bb is done.




[ARKADE BB START] Basic Block is detected -> event_bb_insert is called.

	Instruction: mov    0x00000328(%r12)[8byte] -> %rax
	Instruction: lea    0x00000328(%r12) -> %r11
	Instruction: cmp    %rax $0xffffffffffffffff
	Instruction: jz     $0x00007f43bd9998b1
[ARKADE BB END] handling event_bb is done.




[ARKADE BB START] Basic Block is detected -> event_bb_insert is called.

	Instruction: mov    0x000002e0(%r12)[8byte] -> %r12
	Instruction: test   %r12 %r12
	Instruction: jz     $0x00007f43bd999bac
[ARKADE BB END] handling event_bb is done.




[ARKADE BB START] Basic Block is detected -> event_bb_insert is called.

	Instruction: cmp    0x27(%rsp)[1byte] $0x00
	Instruction: mov    0x10(%rsp)[8byte] -> %r12
	Instruction: mov    0x38(%rsp)[8byte] -> %rbp
	Instruction: jnz    $0x00007f43bd999c44
[ARKADE BB END] handling event_bb is done.




[ARKADE BB START] Basic Block is detected -> event_bb_insert is called.

	Instruction: mov    0x18(%rsp)[8byte] -> %rcx
	Instruction: test   %rcx %rcx
	Instruction: jz     $0x00007f43bd999c44
[ARKADE BB END] handling event_bb is done.




[ARKADE BB START] Basic Block is detected -> event_bb_insert is called.

	Instruction: movzx  0x0000031c(%rcx)[1byte] -> %eax
	Instruction: mov    %al -> 0x10(%rsp)[1byte]
	Instruction: and    $0x00000003 %eax -> %eax
	Instruction: cmp    %al $0x02
	Instruction: jz     $0x00007f43bd999c44
[ARKADE BB END] handling event_bb is done.




[ARKADE BB START] Basic Block is detected -> event_bb_insert is called.

	Instruction: mov    0x00000328(%rcx)[8byte] -> %rax
	Instruction: lea    0x00000328(%rcx) -> %r15
	Instruction: cmp    %rax $0xffffffffffffffff
	Instruction: jz     $0x00007f43bd999c44
[ARKADE BB END] handling event_bb is done.




[ARKADE BB START] Basic Block is detected -> event_bb_insert is called.

	Instruction: cmp    <rel> 0x00007f43bd9bc870[8byte] $0xffffffffffffffff
	Instruction: jz     $0x00007f43bd999954
[ARKADE BB END] handling event_bb is done.




[ARKADE BB START] Basic Block is detected -> event_bb_insert is called.

	Instruction: test   %r12 %r12
	Instruction: jnz    $0x00007f43bd999772
[ARKADE BB END] handling event_bb is done.




[ARKADE BB START] Basic Block is detected -> event_bb_insert is called.

	Instruction: sub    $0x0000000000000008 %rsp -> %rsp
	Instruction: mov    %ebx -> %edx
	Instruction: lea    <rel> 0x00007f43bd9bc870 -> %rcx
	Instruction: mov    %r13 -> %rdi
	Instruction: lea    0x57(%rsp) -> %rax
	Instruction: push   %rax %rsp -> %rsp 0xfffffff8(%rsp)[8byte]
	Instruction: push   $0x0000000000000002 %rsp -> %rsp 0xfffffff8(%rsp)[8byte]
	Instruction: push   %r12 %rsp -> %rsp 0xfffffff8(%rsp)[8byte]
	Instruction: mov    0x50(%rsp)[8byte] -> %rsi
	Instruction: lea    0x80(%rsp) -> %r9
	Instruction: lea    0x70(%rsp) -> %r8
	Instruction: call   $0x00007f43bd997a40 %rsp -> %rsp 0xfffffff8(%rsp)[8byte]
[ARKADE BB END] handling event_bb is done.




[ARKADE BB START] Basic Block is detected -> event_bb_insert is called.

	Instruction: push   %rbp %rsp -> %rsp 0xfffffff8(%rsp)[8byte]
	Instruction: mov    %rsp -> %rbp
	Instruction: push   %r15 %rsp -> %rsp 0xfffffff8(%rsp)[8byte]
	Instruction: push   %r14 %rsp -> %rsp 0xfffffff8(%rsp)[8byte]
	Instruction: push   %r13 %rsp -> %rsp 0xfffffff8(%rsp)[8byte]
	Instruction: push   %r12 %rsp -> %rsp 0xfffffff8(%rsp)[8byte]
	Instruction: push   %rbx %rsp -> %rsp 0xfffffff8(%rsp)[8byte]
	Instruction: sub    $0x0000000000000108 %rsp -> %rsp
	Instruction: mov    (%rcx)[8byte] -> %rax
	Instruction: mov    %rdi -> 0xffffff20(%rbp)[8byte]
	Instruction: mov    %rsi -> 0xffffff28(%rbp)[8byte]
	Instruction: mov    0x10(%rbp)[8byte] -> %r14
	Instruction: mov    %rcx -> 0xfffffed8(%rbp)[8byte]
	Instruction: mov    %r8 -> 0xfffffef0(%rbp)[8byte]
	Instruction: mov    %r9 -> 0xffffff18(%rbp)[8byte]
	Instruction: mov    %rax -> 0xffffff10(%rbp)[8byte]
	Instruction: test   %rax %rax
	Instruction: jz     $0x00007f43bd997cc3
[ARKADE BB END] handling event_bb is done.




[ARKADE BB START] Basic Block is detected -> event_bb_insert is called.

	Instruction: mov    <rel> 0x00007f43bd9bc850[8byte] -> %rax
	Instruction: add    <rel> 0x00007f43bd9be070[8byte] %rax -> %rax
	Instruction: lea    0x17(%rsi,%rax) -> %rax
	Instruction: mov    %rsp -> %rsi
	Instruction: mov    %rax -> %rcx
	Instruction: and    $0xfffffffffffff000 %rax -> %rax
	Instruction: sub    %rax %rsi -> %rsi
	Instruction: and    $0xfffffffffffffff0 %rcx -> %rcx
	Instruction: mov    %rsi -> %rax
	Instruction: cmp    %rsp %rax
	Instruction: jz     $0x00007f43bd997ad1
[ARKADE BB END] handling event_bb is done.




[ARKADE BB START] Basic Block is detected -> event_bb_insert is called.

	Instruction: and    $0x00000fff %ecx -> %ecx
	Instruction: sub    %rcx %rsp -> %rsp
	Instruction: test   %rcx %rcx
	Instruction: jnz    $0x00007f43bd99805d
[ARKADE BB END] handling event_bb is done.




[ARKADE BB START] Basic Block is detected -> event_bb_insert is called.

	Instruction: or     $0x0000000000000000 0xfffffff8(%rsp,%rcx)[8byte] -> 0xfffffff8(%rsp,%rcx)[8byte]
	Instruction: jmp    $0x00007f43bd997ae3
[ARKADE BB END] handling event_bb is done.




[ARKADE BB START] Basic Block is detected -> event_bb_insert is called.

	Instruction: and    $0x04000000 %edx -> %edx
	Instruction: lea    0x0f(%rsp) -> %rax
	Instruction: mov    $0x00000000 -> 0xffffff08(%rbp)[4byte]
	Instruction: mov    %r14 -> %r12
	Instruction: mov    %edx -> 0xffffff0c(%rbp)[4byte]
	Instruction: and    $0xfffffffffffffff0 %rax -> %rax
	Instruction: mov    $0x0000000000000000 -> 0xfffffee0(%rbp)[8byte]
	Instruction: mov    %rax -> %r15
	Instruction: nop    0x00(%rax,%rax)[4byte]
	Instruction: mov    0xffffff10(%rbp)[8byte] -> %rax
	Instruction: mov    (%rax)[8byte] -> %rbx
	Instruction: lea    <rel> 0x00007f43bd9bc620 -> %rax
	Instruction: mov    (%rax)[4byte] -> %eax
	Instruction: mov    %eax -> 0xffffff38(%rbp)[4byte]
	Instruction: and    $0x00000001 %eax -> %eax
	Instruction: mov    %eax -> %r13d
	Instruction: jnz    $0x00007f43bd997ed8
[ARKADE BB END] handling event_bb is done.




[ARKADE BB START] Basic Block is detected -> event_bb_insert is called.

	Instruction: mov    0x20(%rbx)[8byte] -> %rdx
	Instruction: mov    0x18(%rbx)[8byte] -> %rsi
	Instruction: mov    %r15 -> %rdi
	Instruction: xor    %r13d %r13d -> %r13d
	Instruction: call   $0x00007f43bd9b2380 %rsp -> %rsp 0xfffffff8(%rsp)[8byte]
[ARKADE BB END] handling event_bb is done.




[ARKADE BB START] Basic Block is detected -> event_bb_insert is called.

	Instruction: mov    $0x00000000 -> 0xffffff38(%rbp)[4byte]
	Instruction: mov    %rax -> %r14
	Instruction: lea    0xffffff40(%rbp) -> %rax
	Instruction: mov    %rax -> 0xffffff00(%rbp)[8byte]
	Instruction: mov    0xffffff28(%rbp)[8byte] -> %rax
	Instruction: not    %rax -> %rax
	Instruction: mov    %rax -> 0xfffffef8(%rbp)[8byte]
	Instruction: mov    %r14 -> %rax
	Instruction: mov    %rbx -> %r14
	Instruction: mov    %r13 -> %rbx
	Instruction: mov    %rax -> %r13
	Instruction: nop    0x00000000(%rax,%rax)[4byte]
	Instruction: mov    <rel> 0x00007f43bd9bc858[8byte] -> %rax
	Instruction: cmp    %rax %rbx
	Instruction: jbe    $0x00007f43bd997d3c
[ARKADE BB END] handling event_bb is done.




[ARKADE BB START] Basic Block is detected -> event_bb_insert is called.

	Instruction: cmp    0x28(%r14,%rbx,4)[4byte] $0x00000001
	Instruction: lea    0x01(%rbx) -> %r9
	Instruction: jz     $0x00007f43bd997d30
[ARKADE BB END] handling event_bb is done.




[ARKADE BB START] Basic Block is detected -> event_bb_insert is called.

	Instruction: mov    %rbx -> %rax
	Instruction: mov    %r13 -> %rdi
	Instruction: shl    $0x0000000000000004 %rax -> %rax
	Instruction: add    <rel> 0x00007f43bd9bc860[8byte] %rax -> %rax
	Instruction: mov    0x08(%rax)[8byte] -> %rdx
	Instruction: mov    (%rax)[8byte] -> %rsi
	Instruction: call   $0x00007f43bd9b2380 %rsp -> %rsp 0xfffffff8(%rsp)[8byte]
[ARKADE BB END] handling event_bb is done.




[ARKADE BB START] Basic Block is detected -> event_bb_insert is called.

	Instruction: mov    0xffffff28(%rbp)[8byte] -> %rdx
	Instruction: mov    0xffffff20(%rbp)[8byte] -> %rsi
	Instruction: mov    %rax -> %rdi
	Instruction: call   $0x00007f43bd9b2380 %rsp -> %rsp 0xfffffff8(%rsp)[8byte]
[ARKADE BB END] handling event_bb is done.




[ARKADE BB START] Basic Block is detected -> event_bb_insert is called.

	Instruction: sub    %r15 %rax -> %rax
	Instruction: mov    %rax -> 0xffffff30(%rbp)[8byte]
	Instruction: lea    <rel> 0x00007f43bd9bc620 -> %rax
	Instruction: test   (%rax)[1byte] $0x01
	Instruction: jnz    $0x00007f43bd997e40
[ARKADE BB END] handling event_bb is done.




[ARKADE BB START] Basic Block is detected -> event_bb_insert is called.

	Instruction: mov    0x20(%rbp)[8byte] -> %r8
	Instruction: mov    0x18(%rbp)[4byte] -> %ecx
	Instruction: mov    %r12 -> %rdx
	Instruction: mov    %r15 -> %rdi
	Instruction: mov    0xffffff18(%rbp)[8byte] -> %rsi
	Instruction: call   $0x00007f43bd997380 %rsp -> %rsp 0xfffffff8(%rsp)[8byte]
[ARKADE BB END] handling event_bb is done.




[ARKADE BB START] Basic Block is detected -> event_bb_insert is called.

	Instruction: push   %rbp %rsp -> %rsp 0xfffffff8(%rsp)[8byte]
	Instruction: mov    %rsp -> %rbp
	Instruction: push   %r15 %rsp -> %rsp 0xfffffff8(%rsp)[8byte]
	Instruction: push   %r14 %rsp -> %rsp 0xfffffff8(%rsp)[8byte]
	Instruction: mov    %rsi -> %r14
	Instruction: push   %r13 %rsp -> %rsp 0xfffffff8(%rsp)[8byte]
	Instruction: mov    %rdi -> %r13
	Instruction: push   %r12 %rsp -> %rsp 0xfffffff8(%rsp)[8byte]
	Instruction: push   %rbx %rsp -> %rsp 0xfffffff8(%rsp)[8byte]
	Instruction: mov    %r8 -> %rbx
	Instruction: sub    $0x0000000000000028 %rsp -> %rsp
	Instruction: mov    <rel> 0x00007f43bd9bc830[4byte] -> %eax
	Instruction: test   %eax %eax
	Instruction: jz     $0x00007f43bd9973ac
[ARKADE BB END] handling event_bb is done.




[ARKADE BB START] Basic Block is detected -> event_bb_insert is called.

	Instruction: mov    $0x00080000 -> %esi
	Instruction: mov    %r13 -> %rdi
	Instruction: xor    %eax %eax -> %eax
	Instruction: call   $0x00007f43bd9adf30 %rsp -> %rsp 0xfffffff8(%rsp)[8byte]
[ARKADE BB END] handling event_bb is done.




[ARKADE BB START] Basic Block is detected -> event_bb_insert is called.

	Instruction: nop    %edx
	Instruction: mov    %esi -> %r10d
	Instruction: mov    %rdx -> 0xffffffe0(%rsp)[8byte]
	Instruction: mov    %rdi -> %r9
	Instruction: mov    %esi -> %r8d
	Instruction: and    $0x00000040 %r10d -> %r10d
	Instruction: jnz    $0x00007f43bd9adf78
[ARKADE BB END] handling event_bb is done.




[ARKADE BB START] Basic Block is detected -> event_bb_insert is called.

	Instruction: mov    %esi -> %eax
	Instruction: and    $0x00410000 %eax -> %eax
	Instruction: cmp    %eax $0x00410000
	Instruction: jz     $0x00007f43bd9adf78
[ARKADE BB END] handling event_bb is done.




[ARKADE BB START] Basic Block is detected -> event_bb_insert is called.

	Instruction: mov    %r8d -> %edx
	Instruction: mov    %r9 -> %rsi
	Instruction: mov    $0xffffff9c -> %edi
	Instruction: mov    $0x00000101 -> %eax
	Instruction: syscall  -> %rcx %r11
[ARKADE BB END] handling event_bb is done.




[ARKADE BB START] Basic Block is detected -> event_bb_insert is called.

	Instruction: cmp    %rax $0xfffffffffffff000
	Instruction: jnbe   $0x00007f43bd9adfa0
[ARKADE BB END] handling event_bb is done.




[ARKADE BB START] Basic Block is detected -> event_bb_insert is called.

	Instruction: neg    %eax -> %eax
	Instruction: mov    %eax -> <rel> 0x00007f43bd9be140[4byte]
	Instruction: mov    $0xffffffff -> %eax
	Instruction: ret    %rsp (%rsp)[8byte] -> %rsp
[ARKADE BB END] handling event_bb is done.




[ARKADE BB START] Basic Block is detected -> event_bb_insert is called.

	Instruction: mov    %eax -> %r12d
	Instruction: cmp    %eax $0xffffffff
	Instruction: jz     $0x00007f43bd9974e0
[ARKADE BB END] handling event_bb is done.




[ARKADE BB START] Basic Block is detected -> event_bb_insert is called.

	Instruction: mov    $0xffffffff -> %r12d
	Instruction: lea    0xffffffd8(%rbp) -> %rsp
	Instruction: mov    %r12d -> %eax
	Instruction: pop    %rsp (%rsp)[8byte] -> %rbx %rsp
	Instruction: pop    %rsp (%rsp)[8byte] -> %r12 %rsp
	Instruction: pop    %rsp (%rsp)[8byte] -> %r13 %rsp
	Instruction: pop    %rsp (%rsp)[8byte] -> %r14 %rsp
	Instruction: pop    %rsp (%rsp)[8byte] -> %r15 %rsp
	Instruction: pop    %rsp (%rsp)[8byte] -> %rbp %rsp
	Instruction: ret    %rsp (%rsp)[8byte] -> %rsp
[ARKADE BB END] handling event_bb is done.




[ARKADE BB START] Basic Block is detected -> event_bb_insert is called.

	Instruction: mov    %eax -> %r8d
	Instruction: mov    0x28(%r14,%rbx,4)[4byte] -> %eax
	Instruction: test   %eax %eax
	Instruction: jnz    $0x00007f43bd997de0
[ARKADE BB END] handling event_bb is done.




[ARKADE BB START] Basic Block is detected -> event_bb_insert is called.

	Instruction: cmp    %r8d $0xffffffff
	Instruction: jz     $0x00007f43bd997e08
[ARKADE BB END] handling event_bb is done.




[ARKADE BB START] Basic Block is detected -> event_bb_insert is called.

	Instruction: test   %r12 %r12
	Instruction: jz     $0x00007f43bd997e60
[ARKADE BB END] handling event_bb is done.




[ARKADE BB START] Basic Block is detected -> event_bb_insert is called.

	Instruction: mov    0x30(%r12)[8byte] -> %rax
	Instruction: lea    <rel> 0x00007f43bd9bd060 -> %rcx
	Instruction: lea    (%rax,%rax,8) -> %rax
	Instruction: shl    $0x0000000000000004 %rax -> %rax
	Instruction: mov    (%rcx,%rax)[8byte] -> %rax
	Instruction: test   0x0000031d(%rax)[1byte] $0x08
	Instruction: jz     $0x00007f43bd997e60
[ARKADE BB END] handling event_bb is done.




[ARKADE BB START] Basic Block is detected -> event_bb_insert is called.

	Instruction: mov    0xffffff30(%rbp)[8byte] -> %rax
	Instruction: mov    0xfffffef8(%rbp)[8byte] -> %rcx
	Instruction: mov    %r15 -> %rsi
	Instruction: mov    $0x00000001 -> %edi
	Instruction: mov    0xffffff00(%rbp)[8byte] -> %rdx
	Instruction: add    %r15 %rax -> %rax
	Instruction: mov    $0x00 -> (%rax,%rcx)[1byte]
	Instruction: call   $0x00007f43bd9adcd0 %rsp -> %rsp 0xfffffff8(%rsp)[8byte]
[ARKADE BB END] handling event_bb is done.




[ARKADE BB START] Basic Block is detected -> event_bb_insert is called.

	Instruction: nop    %edx
	Instruction: mov    %edi -> %r8d
	Instruction: mov    %rsi -> %rdi
	Instruction: mov    %rdx -> %rsi
	Instruction: cmp    %r8d $0x00000001
	Instruction: jnbe   $0x00007f43bd9add10
[ARKADE BB END] handling event_bb is done.




[ARKADE BB START] Basic Block is detected -> event_bb_insert is called.

	Instruction: mov    $0x00000004 -> %eax
	Instruction: syscall  -> %rcx %r11
[ARKADE BB END] handling event_bb is done.




[ARKADE BB START] Basic Block is detected -> event_bb_insert is called.

	Instruction: cmp    %rax $0xfffffffffffff000
	Instruction: jnbe   $0x00007f43bd9adcf8
[ARKADE BB END] handling event_bb is done.




[ARKADE BB START] Basic Block is detected -> event_bb_insert is called.

	Instruction: neg    %eax -> %eax
	Instruction: mov    %eax -> <rel> 0x00007f43bd9be140[4byte]
	Instruction: mov    $0xffffffff -> %eax
	Instruction: ret    %rsp (%rsp)[8byte] -> %rsp
[ARKADE BB END] handling event_bb is done.




[ARKADE BB START] Basic Block is detected -> event_bb_insert is called.

	Instruction: mov    %eax -> %r8d
	Instruction: mov    $0x00000001 -> %eax
	Instruction: test   %r8d %r8d
	Instruction: jnz    $0x00007f43bd997ec8
[ARKADE BB END] handling event_bb is done.




[ARKADE BB START] Basic Block is detected -> event_bb_insert is called.

	Instruction: mov    %eax -> 0x28(%r14,%rbx,4)[4byte]
	Instruction: jmp    $0x00007f43bd997df9
[ARKADE BB END] handling event_bb is done.




[ARKADE BB START] Basic Block is detected -> event_bb_insert is called.

	Instruction: add    $0x0000000000000001 %rbx -> %rbx
	Instruction: jmp    $0x00007f43bd997b90
[ARKADE BB END] handling event_bb is done.




[ARKADE BB START] Basic Block is detected -> event_bb_insert is called.

	Instruction: mov    <rel> 0x00007f43bd9bc858[8byte] -> %rax
	Instruction: cmp    %rax %rbx
	Instruction: jbe    $0x00007f43bd997d3c
[ARKADE BB END] handling event_bb is done.




[ARKADE BB START] Basic Block is detected -> event_bb_insert is called.

	Instruction: ret    %rsp (%rsp)[8byte] -> %rsp
[ARKADE BB END] handling event_bb is done.




[ARKADE BB START] Basic Block is detected -> event_bb_insert is called.

	Instruction: mov    0xffffff58(%rbp)[4byte] -> %edx
	Instruction: xor    %eax %eax -> %eax
	Instruction: and    $0x0000f000 %edx -> %edx
	Instruction: cmp    %edx $0x00004000
	Instruction: setz    -> %al
	Instruction: add    $0x00000001 %eax -> %eax
	Instruction: cmp    %edx $0x00004000
	Instruction: mov    $0x00000001 -> %edx
	Instruction: cmovnz 0xffffff38(%rbp)[4byte] -> %edx
	Instruction: mov    %edx -> 0xffffff38(%rbp)[4byte]
	Instruction: mov    %eax -> 0x28(%r14,%rbx,4)[4byte]
	Instruction: jmp    $0x00007f43bd997df9
[ARKADE BB END] handling event_bb is done.




[ARKADE BB START] Basic Block is detected -> event_bb_insert is called.

	Instruction: mov    0xffffff38(%rbp)[4byte] -> %edx
	Instruction: test   %edx %edx
	Instruction: jz     $0x00007f43bd997d5a
[ARKADE BB END] handling event_bb is done.




[ARKADE BB START] Basic Block is detected -> event_bb_insert is called.

	Instruction: mov    <rel> 0x00007f43bd9be140[4byte] -> %eax
	Instruction: cmp    %eax $0x0000000d
	Instruction: jz     $0x00007f43bd997d5a
[ARKADE BB END] handling event_bb is done.




[ARKADE BB START] Basic Block is detected -> event_bb_insert is called.

	Instruction: cmp    %eax $0x00000002
	Instruction: jnz    $0x00007f43bd997cc3
[ARKADE BB END] handling event_bb is done.




[ARKADE BB START] Basic Block is detected -> event_bb_insert is called.

	Instruction: add    $0x0000000000000008 0xffffff10(%rbp)[8byte] -> 0xffffff10(%rbp)[8byte]
	Instruction: mov    0xffffff10(%rbp)[8byte] -> %rax
	Instruction: mov    0xffffff38(%rbp)[4byte] -> %ecx
	Instruction: or     %ecx 0xffffff08(%rbp)[4byte] -> 0xffffff08(%rbp)[4byte]
	Instruction: cmp    (%rax)[8byte] $0x0000000000000000
	Instruction: jnz    $0x00007f43bd997b18
[ARKADE BB END] handling event_bb is done.




[ARKADE BB START] Basic Block is detected -> event_bb_insert is called.

	Instruction: mov    0xffffff10(%rbp)[8byte] -> %rax
	Instruction: mov    (%rax)[8byte] -> %rbx
	Instruction: lea    <rel> 0x00007f43bd9bc620 -> %rax
	Instruction: mov    (%rax)[4byte] -> %eax
	Instruction: mov    %eax -> 0xffffff38(%rbp)[4byte]
	Instruction: and    $0x00000001 %eax -> %eax
	Instruction: mov    %eax -> %r13d
	Instruction: jnz    $0x00007f43bd997ed8
[ARKADE BB END] handling event_bb is done.




[ARKADE BB START] Basic Block is detected -> event_bb_insert is called.

	Instruction: cmp    %eax $0x00000001
	Instruction: setnz   -> %al
	Instruction: movzx  %al -> %eax
	Instruction: or     %eax 0xffffff38(%rbp)[4byte] -> 0xffffff38(%rbp)[4byte]
	Instruction: cmp    %r8d $0xffffffff
	Instruction: jnz    $0x00007f43bd997c43
[ARKADE BB END] handling event_bb is done.




[ARKADE BB START] Basic Block is detected -> event_bb_insert is called.

	Instruction: push   %rbp %rsp -> %rsp 0xfffffff8(%rsp)[8byte]
	Instruction: mov    %rsp -> %rbp
	Instruction: push   %r15 %rsp -> %rsp 0xfffffff8(%rsp)[8byte]
	Instruction: push   %r14 %rsp -> %rsp 0xfffffff8(%rsp)[8byte]
	Instruction: mov    %rsi -> %r14
	Instruction: push   %r13 %rsp -> %rsp 0xfffffff8(%rsp)[8byte]
	Instruction: mov    %rdi -> %r13
	Instruction: push   %r12 %rsp -> %rsp 0xfffffff8(%rsp)[8byte]
	Instruction: push   %rbx %rsp -> %rsp 0xfffffff8(%rsp)[8byte]
	Instruction: mov    %r8 -> %rbx
	Instruction: sub    $0x0000000000000028 %rsp -> %rsp
	Instruction: mov    <rel> 0x00007f43bd9bc830[4byte] -> %eax
	Instruction: test   %eax %eax
	Instruction: jz     $0x00007f43bd9973ac
[ARKADE BB END] handling event_bb is done.




[ARKADE BB START] Basic Block is detected -> event_bb_insert is called.

	Instruction: mov    $0x00080000 -> %esi
	Instruction: mov    %r13 -> %rdi
	Instruction: xor    %eax %eax -> %eax
	Instruction: call   $0x00007f43bd9adf30 %rsp -> %rsp 0xfffffff8(%rsp)[8byte]
[ARKADE BB END] handling event_bb is done.




[ARKADE BB START] Basic Block is detected -> event_bb_insert is called.

	Instruction: nop    %edx
	Instruction: mov    %esi -> %r10d
	Instruction: mov    %rdx -> 0xffffffe0(%rsp)[8byte]
	Instruction: mov    %rdi -> %r9
	Instruction: mov    %esi -> %r8d
	Instruction: and    $0x00000040 %r10d -> %r10d
	Instruction: jnz    $0x00007f43bd9adf78
[ARKADE BB END] handling event_bb is done.




[ARKADE BB START] Basic Block is detected -> event_bb_insert is called.

	Instruction: mov    %esi -> %eax
	Instruction: and    $0x00410000 %eax -> %eax
	Instruction: cmp    %eax $0x00410000
	Instruction: jz     $0x00007f43bd9adf78
[ARKADE BB END] handling event_bb is done.




[ARKADE BB START] Basic Block is detected -> event_bb_insert is called.

	Instruction: mov    %r8d -> %edx
	Instruction: mov    %r9 -> %rsi
	Instruction: mov    $0xffffff9c -> %edi
	Instruction: mov    $0x00000101 -> %eax
	Instruction: syscall  -> %rcx %r11
[ARKADE BB END] handling event_bb is done.




[ARKADE BB START] Basic Block is detected -> event_bb_insert is called.

	Instruction: cmp    %rax $0xfffffffffffff000
	Instruction: jnbe   $0x00007f43bd9adfa0
[ARKADE BB END] handling event_bb is done.




[ARKADE BB START] Basic Block is detected -> event_bb_insert is called.

	Instruction: neg    %eax -> %eax
	Instruction: mov    %eax -> <rel> 0x00007f43bd9be140[4byte]
	Instruction: mov    $0xffffffff -> %eax
	Instruction: ret    %rsp (%rsp)[8byte] -> %rsp
[ARKADE BB END] handling event_bb is done.




[ARKADE BB START] Basic Block is detected -> event_bb_insert is called.

	Instruction: mov    %eax -> %r12d
	Instruction: cmp    %eax $0xffffffff
	Instruction: jz     $0x00007f43bd9974e0
[ARKADE BB END] handling event_bb is done.




[ARKADE BB START] Basic Block is detected -> event_bb_insert is called.

	Instruction: mov    $0xffffffff -> %r12d
	Instruction: lea    0xffffffd8(%rbp) -> %rsp
	Instruction: mov    %r12d -> %eax
	Instruction: pop    %rsp (%rsp)[8byte] -> %rbx %rsp
	Instruction: pop    %rsp (%rsp)[8byte] -> %r12 %rsp
	Instruction: pop    %rsp (%rsp)[8byte] -> %r13 %rsp
	Instruction: pop    %rsp (%rsp)[8byte] -> %r14 %rsp
	Instruction: pop    %rsp (%rsp)[8byte] -> %r15 %rsp
	Instruction: pop    %rsp (%rsp)[8byte] -> %rbp %rsp
	Instruction: ret    %rsp (%rsp)[8byte] -> %rsp
[ARKADE BB END] handling event_bb is done.




[ARKADE BB START] Basic Block is detected -> event_bb_insert is called.

	Instruction: mov    %eax -> %r8d
	Instruction: mov    0x28(%r14,%rbx,4)[4byte] -> %eax
	Instruction: test   %eax %eax
	Instruction: jnz    $0x00007f43bd997de0
[ARKADE BB END] handling event_bb is done.




[ARKADE BB START] Basic Block is detected -> event_bb_insert is called.

	Instruction: cmp    %r8d $0xffffffff
	Instruction: jz     $0x00007f43bd997e08
[ARKADE BB END] handling event_bb is done.




[ARKADE BB START] Basic Block is detected -> event_bb_insert is called.

	Instruction: test   %r12 %r12
	Instruction: jz     $0x00007f43bd997e60
[ARKADE BB END] handling event_bb is done.




[ARKADE BB START] Basic Block is detected -> event_bb_insert is called.

	Instruction: mov    0x30(%r12)[8byte] -> %rax
	Instruction: lea    <rel> 0x00007f43bd9bd060 -> %rcx
	Instruction: lea    (%rax,%rax,8) -> %rax
	Instruction: shl    $0x0000000000000004 %rax -> %rax
	Instruction: mov    (%rcx,%rax)[8byte] -> %rax
	Instruction: test   0x0000031d(%rax)[1byte] $0x08
	Instruction: jz     $0x00007f43bd997e60
[ARKADE BB END] handling event_bb is done.




[ARKADE BB START] Basic Block is detected -> event_bb_insert is called.

	Instruction: mov    0xffffff30(%rbp)[8byte] -> %rax
	Instruction: mov    0xfffffef8(%rbp)[8byte] -> %rcx
	Instruction: mov    %r15 -> %rsi
	Instruction: mov    $0x00000001 -> %edi
	Instruction: mov    0xffffff00(%rbp)[8byte] -> %rdx
	Instruction: add    %r15 %rax -> %rax
	Instruction: mov    $0x00 -> (%rax,%rcx)[1byte]
	Instruction: call   $0x00007f43bd9adcd0 %rsp -> %rsp 0xfffffff8(%rsp)[8byte]
[ARKADE BB END] handling event_bb is done.




[ARKADE BB START] Basic Block is detected -> event_bb_insert is called.

	Instruction: nop    %edx
	Instruction: mov    %edi -> %r8d
	Instruction: mov    %rsi -> %rdi
	Instruction: mov    %rdx -> %rsi
	Instruction: cmp    %r8d $0x00000001
	Instruction: jnbe   $0x00007f43bd9add10
[ARKADE BB END] handling event_bb is done.




[ARKADE BB START] Basic Block is detected -> event_bb_insert is called.

	Instruction: mov    $0x00000004 -> %eax
	Instruction: syscall  -> %rcx %r11
[ARKADE BB END] handling event_bb is done.




[ARKADE BB START] Basic Block is detected -> event_bb_insert is called.

	Instruction: cmp    %rax $0xfffffffffffff000
	Instruction: jnbe   $0x00007f43bd9adcf8
[ARKADE BB END] handling event_bb is done.




[ARKADE BB START] Basic Block is detected -> event_bb_insert is called.

	Instruction: neg    %eax -> %eax
	Instruction: mov    %eax -> <rel> 0x00007f43bd9be140[4byte]
	Instruction: mov    $0xffffffff -> %eax
	Instruction: ret    %rsp (%rsp)[8byte] -> %rsp
[ARKADE BB END] handling event_bb is done.




[ARKADE BB START] Basic Block is detected -> event_bb_insert is called.

	Instruction: mov    %eax -> %r8d
	Instruction: mov    $0x00000001 -> %eax
	Instruction: test   %r8d %r8d
	Instruction: jnz    $0x00007f43bd997ec8
[ARKADE BB END] handling event_bb is done.




[ARKADE BB START] Basic Block is detected -> event_bb_insert is called.

	Instruction: mov    %eax -> 0x28(%r14,%rbx,4)[4byte]
	Instruction: jmp    $0x00007f43bd997df9
[ARKADE BB END] handling event_bb is done.




[ARKADE BB START] Basic Block is detected -> event_bb_insert is called.

	Instruction: mov    <rel> 0x00007f43bd9bc858[8byte] -> %rax
	Instruction: cmp    %rax %rbx
	Instruction: jbe    $0x00007f43bd997d3c
[ARKADE BB END] handling event_bb is done.




[ARKADE BB START] Basic Block is detected -> event_bb_insert is called.

	Instruction: cmp    0x28(%r14,%rbx,4)[4byte] $0x00000001
	Instruction: lea    0x01(%rbx) -> %r9
	Instruction: jz     $0x00007f43bd997d30
[ARKADE BB END] handling event_bb is done.




[ARKADE BB START] Basic Block is detected -> event_bb_insert is called.

	Instruction: mov    %rbx -> %rax
	Instruction: mov    %r13 -> %rdi
	Instruction: shl    $0x0000000000000004 %rax -> %rax
	Instruction: add    <rel> 0x00007f43bd9bc860[8byte] %rax -> %rax
	Instruction: mov    0x08(%rax)[8byte] -> %rdx
	Instruction: mov    (%rax)[8byte] -> %rsi
	Instruction: call   $0x00007f43bd9b2380 %rsp -> %rsp 0xfffffff8(%rsp)[8byte]
[ARKADE BB END] handling event_bb is done.




[ARKADE BB START] Basic Block is detected -> event_bb_insert is called.

	Instruction: nop    %edx
	Instruction: mov    %rdi -> %rax
	Instruction: add    %rdx %rax -> %rax
	Instruction: jmp    $0x00007f43bd9b2397
[ARKADE BB END] handling event_bb is done.




[ARKADE BB START] Basic Block is detected -> event_bb_insert is called.

	Instruction: cmp    %rdx $0x0000000000000010
	Instruction: jb     $0x00007f43bd9b23b4
[ARKADE BB END] handling event_bb is done.




[ARKADE BB START] Basic Block is detected -> event_bb_insert is called.

	Instruction: cmp    %dl $0x08
	Instruction: jnb    $0x00007f43bd9b23cb
[ARKADE BB END] handling event_bb is done.




[ARKADE BB START] Basic Block is detected -> event_bb_insert is called.

	Instruction: mov    0xfffffff8(%rsi,%rdx)[8byte] -> %rcx
	Instruction: mov    (%rsi)[8byte] -> %rsi
	Instruction: mov    %rcx -> 0xfffffff8(%rdi,%rdx)[8byte]
	Instruction: mov    %rsi -> (%rdi)[8byte]
	Instruction: ret    %rsp (%rsp)[8byte] -> %rsp
[ARKADE BB END] handling event_bb is done.




[ARKADE BB START] Basic Block is detected -> event_bb_insert is called.

	Instruction: mov    0xffffff28(%rbp)[8byte] -> %rdx
	Instruction: mov    0xffffff20(%rbp)[8byte] -> %rsi
	Instruction: mov    %rax -> %rdi
	Instruction: call   $0x00007f43bd9b2380 %rsp -> %rsp 0xfffffff8(%rsp)[8byte]
[ARKADE BB END] handling event_bb is done.




[ARKADE BB START] Basic Block is detected -> event_bb_insert is called.

	Instruction: nop    %edx
	Instruction: mov    %rdi -> %rax
	Instruction: add    %rdx %rax -> %rax
	Instruction: jmp    $0x00007f43bd9b2397
[ARKADE BB END] handling event_bb is done.




[ARKADE BB START] Basic Block is detected -> event_bb_insert is called.

	Instruction: cmp    %rdx $0x0000000000000010
	Instruction: jb     $0x00007f43bd9b23b4
[ARKADE BB END] handling event_bb is done.




[ARKADE BB START] Basic Block is detected -> event_bb_insert is called.

	Instruction: cmp    %dl $0x08
	Instruction: jnb    $0x00007f43bd9b23cb
[ARKADE BB END] handling event_bb is done.




[ARKADE BB START] Basic Block is detected -> event_bb_insert is called.

	Instruction: mov    0xfffffff8(%rsi,%rdx)[8byte] -> %rcx
	Instruction: mov    (%rsi)[8byte] -> %rsi
	Instruction: mov    %rcx -> 0xfffffff8(%rdi,%rdx)[8byte]
	Instruction: mov    %rsi -> (%rdi)[8byte]
	Instruction: ret    %rsp (%rsp)[8byte] -> %rsp
[ARKADE BB END] handling event_bb is done.




[ARKADE BB START] Basic Block is detected -> event_bb_insert is called.

	Instruction: sub    %r15 %rax -> %rax
	Instruction: mov    %rax -> 0xffffff30(%rbp)[8byte]
	Instruction: lea    <rel> 0x00007f43bd9bc620 -> %rax
	Instruction: test   (%rax)[1byte] $0x01
	Instruction: jnz    $0x00007f43bd997e40
[ARKADE BB END] handling event_bb is done.




[ARKADE BB START] Basic Block is detected -> event_bb_insert is called.

	Instruction: mov    0x20(%rbp)[8byte] -> %r8
	Instruction: mov    0x18(%rbp)[4byte] -> %ecx
	Instruction: mov    %r12 -> %rdx
	Instruction: mov    %r15 -> %rdi
	Instruction: mov    0xffffff18(%rbp)[8byte] -> %rsi
	Instruction: call   $0x00007f43bd997380 %rsp -> %rsp 0xfffffff8(%rsp)[8byte]
[ARKADE BB END] handling event_bb is done.




[ARKADE BB START] Basic Block is detected -> event_bb_insert is called.

	Instruction: add    $0x0000000000000001 %rbx -> %rbx
	Instruction: jmp    $0x00007f43bd997b90
[ARKADE BB END] handling event_bb is done.




[ARKADE BB START] Basic Block is detected -> event_bb_insert is called.

	Instruction: mov    0xffffff08(%rbp)[4byte] -> %esi
	Instruction: test   %esi %esi
	Instruction: jnz    $0x00007f43bd997cc3
[ARKADE BB END] handling event_bb is done.




[ARKADE BB START] Basic Block is detected -> event_bb_insert is called.

	Instruction: mov    $0xffffffff -> %r8d
	Instruction: lea    0xffffffd8(%rbp) -> %rsp
	Instruction: mov    %r8d -> %eax
	Instruction: pop    %rsp (%rsp)[8byte] -> %rbx %rsp
	Instruction: pop    %rsp (%rsp)[8byte] -> %r12 %rsp
	Instruction: pop    %rsp (%rsp)[8byte] -> %r13 %rsp
	Instruction: pop    %rsp (%rsp)[8byte] -> %r14 %rsp
	Instruction: pop    %rsp (%rsp)[8byte] -> %r15 %rsp
	Instruction: pop    %rsp (%rsp)[8byte] -> %rbp %rsp
	Instruction: ret    %rsp (%rsp)[8byte] -> %rsp
[ARKADE BB END] handling event_bb is done.




[ARKADE BB START] Basic Block is detected -> event_bb_insert is called.

	Instruction: add    $0x0000000000000020 %rsp -> %rsp
	Instruction: mov    %eax -> %edx
	Instruction: cmp    %eax $0xffffffff
	Instruction: jnz    $0x00007f43bd999812
[ARKADE BB END] handling event_bb is done.




[ARKADE BB START] Basic Block is detected -> event_bb_insert is called.

	Instruction: test   %r12 %r12
	Instruction: jz     $0x00007f43bd999809
[ARKADE BB END] handling event_bb is done.




[ARKADE BB START] Basic Block is detected -> event_bb_insert is called.

	Instruction: mov    0x000003b8(%r12)[8byte] -> %rax
	Instruction: lea    0x000003b8(%r12) -> %r15
	Instruction: cmp    %rax $0xffffffffffffffff
	Instruction: jz     $0x00007f43bd99995d
[ARKADE BB END] handling event_bb is done.




[ARKADE BB START] Basic Block is detected -> event_bb_insert is called.

	Instruction: mov    $0x0000000000000000 -> 0x50(%rsp)[8byte]
	Instruction: test   %ebx $0x04000000
	Instruction: jnz    $0x00007f43bd999eed
[ARKADE BB END] handling event_bb is done.




[ARKADE BB START] Basic Block is detected -> event_bb_insert is called.

	Instruction: mov    <rel> 0x00007f43bd9bc640[4byte] -> %r8d
	Instruction: test   %r8d %r8d
	Instruction: jnz    $0x00007f43bd999a86
[ARKADE BB END] handling event_bb is done.




[ARKADE BB START] Basic Block is detected -> event_bb_insert is called.

	Instruction: mov    %r13 -> %rdi
	Instruction: call   $0x00007f43bd9a8680 %rsp -> %rsp 0xfffffff8(%rsp)[8byte]
[ARKADE BB END] handling event_bb is done.




[ARKADE BB START] Basic Block is detected -> event_bb_insert is called.

	Instruction: nop    %edx
	Instruction: push   %rbp %rsp -> %rsp 0xfffffff8(%rsp)[8byte]
	Instruction: mov    %rsp -> %rbp
	Instruction: push   %r15 %rsp -> %rsp 0xfffffff8(%rsp)[8byte]
	Instruction: push   %r14 %rsp -> %rsp 0xfffffff8(%rsp)[8byte]
	Instruction: push   %r13 %rsp -> %rsp 0xfffffff8(%rsp)[8byte]
	Instruction: push   %r12 %rsp -> %rsp 0xfffffff8(%rsp)[8byte]
	Instruction: push   %rbx %rsp -> %rsp 0xfffffff8(%rsp)[8byte]
	Instruction: mov    %rdi -> %rbx
	Instruction: sub    $0x0000000000000048 %rsp -> %rsp
	Instruction: test   <rel> 0x00007f43bd9bc620[1byte] $0x01
	Instruction: jnz    $0x00007f43bd9a8d78
[ARKADE BB END] handling event_bb is done.




[ARKADE BB START] Basic Block is detected -> event_bb_insert is called.

	Instruction: mov    <rel> 0x00007f43bd9be0d8[8byte] -> %r8
	Instruction: test   %r8 %r8
	Instruction: jz     $0x00007f43bd9a8b50
[ARKADE BB END] handling event_bb is done.




[ARKADE BB START] Basic Block is detected -> event_bb_insert is called.

	Instruction: mov    $0x00000001 -> %edx
	Instruction: lea    <rel> 0x00007f43bd9be0c8 -> %rsi
	Instruction: lea    <rel> 0x00007f43bd9b4b80 -> %rdi
	Instruction: call   $0x00007f43bd9a18f0 %rsp -> %rsp 0xfffffff8(%rsp)[8byte]
[ARKADE BB END] handling event_bb is done.




[ARKADE BB START] Basic Block is detected -> event_bb_insert is called.

	Instruction: nop    %edx
	Instruction: push   %r13 %rsp -> %rsp 0xfffffff8(%rsp)[8byte]
	Instruction: xor    %eax %eax -> %eax
	Instruction: mov    %edx -> %r13d
	Instruction: push   %r12 %rsp -> %rsp 0xfffffff8(%rsp)[8byte]
	Instruction: mov    $0xffffffffffffffff -> %r12
	Instruction: push   %rbp %rsp -> %rsp 0xfffffff8(%rsp)[8byte]
	Instruction: push   %rbx %rsp -> %rsp 0xfffffff8(%rsp)[8byte]
	Instruction: mov    %rsi -> %rbx
	Instruction: mov    $0x00080000 -> %esi
	Instruction: sub    $0x0000000000000098 %rsp -> %rsp
	Instruction: call   $0x00007f43bd9adf30 %rsp -> %rsp 0xfffffff8(%rsp)[8byte]
[ARKADE BB END] handling event_bb is done.




[ARKADE BB START] Basic Block is detected -> event_bb_insert is called.

	Instruction: ret    %rsp (%rsp)[8byte] -> %rsp
[ARKADE BB END] handling event_bb is done.




[ARKADE BB START] Basic Block is detected -> event_bb_insert is called.

	Instruction: test   %eax %eax
	Instruction: jns    $0x00007f43bd9a1930
[ARKADE BB END] handling event_bb is done.




[ARKADE BB START] Basic Block is detected -> event_bb_insert is called.

	Instruction: mov    %rsp -> %rdx
	Instruction: mov    %eax -> %esi
	Instruction: mov    $0x00000001 -> %edi
	Instruction: mov    %eax -> %ebp
	Instruction: call   $0x00007f43bd9add20 %rsp -> %rsp 0xfffffff8(%rsp)[8byte]
[ARKADE BB END] handling event_bb is done.




[ARKADE BB START] Basic Block is detected -> event_bb_insert is called.

	Instruction: nop    %edx
	Instruction: mov    %edi -> %r8d
	Instruction: mov    %esi -> %edi
	Instruction: mov    %rdx -> %rsi
	Instruction: cmp    %r8d $0x00000001
	Instruction: jnbe   $0x00007f43bd9add60
[ARKADE BB END] handling event_bb is done.




[ARKADE BB START] Basic Block is detected -> event_bb_insert is called.

	Instruction: mov    $0x00000005 -> %eax
	Instruction: syscall  -> %rcx %r11
[ARKADE BB END] handling event_bb is done.




[ARKADE BB START] Basic Block is detected -> event_bb_insert is called.

	Instruction: cmp    %rax $0xfffffffffffff000
	Instruction: jnbe   $0x00007f43bd9add48
[ARKADE BB END] handling event_bb is done.




[ARKADE BB START] Basic Block is detected -> event_bb_insert is called.

	Instruction: ret    %rsp (%rsp)[8byte] -> %rsp
[ARKADE BB END] handling event_bb is done.




[ARKADE BB START] Basic Block is detected -> event_bb_insert is called.

	Instruction: test   %eax %eax
	Instruction: js     $0x00007f43bd9a1952
[ARKADE BB END] handling event_bb is done.




[ARKADE BB START] Basic Block is detected -> event_bb_insert is called.

	Instruction: mov    0x30(%rsp)[8byte] -> %rsi
	Instruction: mov    %rsi -> (%rbx)[8byte]
	Instruction: test   %rsi %rsi
	Instruction: jnz    $0x00007f43bd9a1968
[ARKADE BB END] handling event_bb is done.




[ARKADE BB START] Basic Block is detected -> event_bb_insert is called.

	Instruction: xor    %r9d %r9d -> %r9d
	Instruction: mov    %ebp -> %r8d
	Instruction: mov    $0x00000002 -> %ecx
	Instruction: mov    %r13d -> %edx
	Instruction: xor    %edi %edi -> %edi
	Instruction: call   $0x00007f43bd9ae160 %rsp -> %rsp 0xfffffff8(%rsp)[8byte]
[ARKADE BB END] handling event_bb is done.




[ARKADE BB START] Basic Block is detected -> event_bb_insert is called.

	Instruction: mov    %rax -> %r12
	Instruction: jmp    $0x00007f43bd9a1959
[ARKADE BB END] handling event_bb is done.




[ARKADE BB START] Basic Block is detected -> event_bb_insert is called.

	Instruction: mov    %ebp -> %edi
	Instruction: call   $0x00007f43bd9ade20 %rsp -> %rsp 0xfffffff8(%rsp)[8byte]
[ARKADE BB END] handling event_bb is done.




[ARKADE BB START] Basic Block is detected -> event_bb_insert is called.

	Instruction: nop    %edx
	Instruction: mov    $0x00000003 -> %eax
	Instruction: syscall  -> %rcx %r11
[ARKADE BB END] handling event_bb is done.




[ARKADE BB START] Basic Block is detected -> event_bb_insert is called.

	Instruction: cmp    %rax $0xfffffffffffff000
	Instruction: jnbe   $0x00007f43bd9ade38
[ARKADE BB END] handling event_bb is done.




[ARKADE BB START] Basic Block is detected -> event_bb_insert is called.

	Instruction: ret    %rsp (%rsp)[8byte] -> %rsp
[ARKADE BB END] handling event_bb is done.




[ARKADE BB START] Basic Block is detected -> event_bb_insert is called.

	Instruction: jmp    $0x00007f43bd9a191e
[ARKADE BB END] handling event_bb is done.




[ARKADE BB START] Basic Block is detected -> event_bb_insert is called.

	Instruction: add    $0x0000000000000098 %rsp -> %rsp
	Instruction: mov    %r12 -> %rax
	Instruction: pop    %rsp (%rsp)[8byte] -> %rbx %rsp
	Instruction: pop    %rsp (%rsp)[8byte] -> %rbp %rsp
	Instruction: pop    %rsp (%rsp)[8byte] -> %r12 %rsp
	Instruction: pop    %rsp (%rsp)[8byte] -> %r13 %rsp
	Instruction: ret    %rsp (%rsp)[8byte] -> %rsp
[ARKADE BB END] handling event_bb is done.




[ARKADE BB START] Basic Block is detected -> event_bb_insert is called.

	Instruction: mov    %rax -> %r8
	Instruction: cmp    %rax $0xffffffffffffffff
	Instruction: jz     $0x00007f43bd9a8c04
[ARKADE BB END] handling event_bb is done.




[ARKADE BB START] Basic Block is detected -> event_bb_insert is called.

	Instruction: mov    <rel> 0x00007f43bd9be0c8[8byte] -> %r12
	Instruction: cmp    %r12 $0x0000000000000030
	Instruction: jbe    $0x00007f43bd9a8be0
[ARKADE BB END] handling event_bb is done.




[ARKADE BB START] Basic Block is detected -> event_bb_insert is called.

	Instruction: mov    $0x686361632e6f732e -> %rdx
	Instruction: xor    0x08(%rax)[8byte] %rdx -> %rdx
	Instruction: mov    $0x646c2d6362696c67 -> %rax
	Instruction: xor    (%r8)[8byte] %rax -> %rax
	Instruction: or     %rax %rdx -> %rdx
	Instruction: jnz    $0x00007f43bd9a8be6
[ARKADE BB END] handling event_bb is done.




[ARKADE BB START] Basic Block is detected -> event_bb_insert is called.

	Instruction: cmp    0x10(%r8)[4byte] $0x312e3165
	Instruction: jnz    $0x00007f43bd9a8be6
[ARKADE BB END] handling event_bb is done.




[ARKADE BB START] Basic Block is detected -> event_bb_insert is called.

	Instruction: movzx  0x1c(%r8)[1byte] -> %eax
	Instruction: test   %al %al
	Instruction: jz     $0x00007f43bd9a8ec8
[ARKADE BB END] handling event_bb is done.




[ARKADE BB START] Basic Block is detected -> event_bb_insert is called.

	Instruction: and    $0x00000003 %eax -> %eax
	Instruction: cmp    %al $0x02
	Instruction: jz     $0x00007f43bd9a8ec8
[ARKADE BB END] handling event_bb is done.




[ARKADE BB START] Basic Block is detected -> event_bb_insert is called.

	Instruction: mov    %r8 -> <rel> 0x00007f43bd9be0d0[8byte]
	Instruction: mov    %r8 -> <rel> 0x00007f43bd9be0d8[8byte]
	Instruction: jmp    $0x00007f43bd9a86c6
[ARKADE BB END] handling event_bb is done.




[ARKADE BB START] Basic Block is detected -> event_bb_insert is called.

	Instruction: mov    <rel> 0x00007f43bd9be0d0[8byte] -> %rax
	Instruction: lea    (%r8,%r12) -> %r13
	Instruction: mov    %rax -> 0xffffffb8(%rbp)[8byte]
	Instruction: cmp    %rax $0xffffffffffffffff
	Instruction: jz     $0x00007f43bd9a8aa8
[ARKADE BB END] handling event_bb is done.




[ARKADE BB START] Basic Block is detected -> event_bb_insert is called.

	Instruction: mov    <rel> 0x00007f43bd9bc628[8byte] -> %r12
	Instruction: sub    %eax %r13d -> %r13d
	Instruction: test   %r12 %r12
	Instruction: jz     $0x00007f43bd9a8edb
[ARKADE BB END] handling event_bb is done.




[ARKADE BB START] Basic Block is detected -> event_bb_insert is called.

	Instruction: lea    <rel> 0x00007f43bd9bc75d -> %rsi
	Instruction: mov    %r12 -> %rdi
	Instruction: call   $0x00007f43bd9ae600 %rsp -> %rsp 0xfffffff8(%rsp)[8byte]
[ARKADE BB END] handling event_bb is done.




[ARKADE BB START] Basic Block is detected -> event_bb_insert is called.

	Instruction: mov    $0x0004000000000000 -> %rdx
	Instruction: mov    %rdx -> 0xffffffa0(%rbp)[8byte]
	Instruction: test   %eax %eax
	Instruction: jz     $0x00007f43bd9a873d
[ARKADE BB END] handling event_bb is done.




[ARKADE BB START] Basic Block is detected -> event_bb_insert is called.

	Instruction: lea    <rel> 0x00007f43bd9bc766 -> %rsi
	Instruction: mov    %r12 -> %rdi
	Instruction: call   $0x00007f43bd9ae600 %rsp -> %rsp 0xfffffff8(%rsp)[8byte]
[ARKADE BB END] handling event_bb is done.




[ARKADE BB START] Basic Block is detected -> event_bb_insert is called.

	Instruction: mov    $0xffffffffffffffff -> %rdx
	Instruction: test   %eax %eax
	Instruction: mov    $0x0008000000000000 -> %rax
	Instruction: cmovnz %rdx -> %rax
	Instruction: mov    %rax -> 0xffffffa0(%rbp)[8byte]
	Instruction: lea    0xffffffc8(%rbp) -> %rsi
	Instruction: xor    %edx %edx -> %edx
	Instruction: mov    $0x0000000b -> %edi
	Instruction: call   $0x00007f43bd9a95e0 %rsp -> %rsp 0xfffffff8(%rsp)[8byte]
[ARKADE BB END] handling event_bb is done.




[ARKADE BB START] Basic Block is detected -> event_bb_insert is called.

	Instruction: mov    0xffffffc8(%rbp)[8byte] -> %rax
	Instruction: mov    %rax -> 0xffffff90(%rbp)[8byte]
	Instruction: mov    <rel> 0x00007f43bd9bc678[8byte] -> %rax
	Instruction: mov    %rax -> 0xffffff98(%rbp)[8byte]
	Instruction: mov    <rel> 0x00007f43bd9be0d0[8byte] -> %rax
	Instruction: mov    %rax -> 0xffffffa8(%rbp)[8byte]
	Instruction: mov    0x14(%rax)[4byte] -> %eax
	Instruction: mov    %eax -> %r12d
	Instruction: mov    %eax -> 0xffffffb0(%rbp)[4byte]
	Instruction: sub    $0x00000001 %r12d -> %r12d
	Instruction: js     $0x00007f43bd9a87bf
[ARKADE BB END] handling event_bb is done.




[ARKADE BB START] Basic Block is detected -> event_bb_insert is called.

	Instruction: xor    %r15d %r15d -> %r15d
	Instruction: nop    (%rax)[4byte]
	Instruction: lea    (%r15,%r12) -> %r11d
	Instruction: sar    $0x00000001 %r11d -> %r11d
	Instruction: movsxd %r11d -> %rax
	Instruction: lea    (%rax,%rax,2) -> %rdx
	Instruction: mov    0xffffffa8(%rbp)[8byte] -> %rax
	Instruction: lea    0x00(,%rdx,8) -> %r14
	Instruction: mov    0x34(%rax,%r14)[4byte] -> %esi
	Instruction: cmp    %r13d %esi
	Instruction: jbe    $0x00007f43bd9a87bf
[ARKADE BB END] handling event_bb is done.




[ARKADE BB START] Basic Block is detected -> event_bb_insert is called.

	Instruction: add    0xffffffb8(%rbp)[8byte] %rsi -> %rsi
	Instruction: mov    %rbx -> %rdi
	Instruction: call   $0x00007f43bd9a85a0 %rsp -> %rsp 0xfffffff8(%rsp)[8byte]
[ARKADE BB END] handling event_bb is done.




[ARKADE BB START] Basic Block is detected -> event_bb_insert is called.

	Instruction: nop    %edx
	Instruction: movsx  (%rdi)[1byte] -> %eax
	Instruction: movsx  (%rsi)[1byte] -> %edx
	Instruction: test   %al %al
	Instruction: jz     $0x00007f43bd9a85e0
[ARKADE BB END] handling event_bb is done.




[ARKADE BB START] Basic Block is detected -> event_bb_insert is called.

	Instruction: lea    0xffffffd0(%rax) -> %r8d
	Instruction: lea    0xffffffd0(%rdx) -> %ecx
	Instruction: cmp    %r8l $0x09
	Instruction: jbe    $0x00007f43bd9a85f0
[ARKADE BB END] handling event_bb is done.




[ARKADE BB START] Basic Block is detected -> event_bb_insert is called.

	Instruction: cmp    %cl $0x09
	Instruction: jbe    $0x00007f43bd9a8669
[ARKADE BB END] handling event_bb is done.




[ARKADE BB START] Basic Block is detected -> event_bb_insert is called.

	Instruction: cmp    %al %dl
	Instruction: jnz    $0x00007f43bd9a866f
[ARKADE BB END] handling event_bb is done.




[ARKADE BB START] Basic Block is detected -> event_bb_insert is called.

	Instruction: movsx  0x01(%rdi)[1byte] -> %eax
	Instruction: movsx  0x01(%rsi)[1byte] -> %edx
	Instruction: add    $0x0000000000000001 %rdi -> %rdi
	Instruction: add    $0x0000000000000001 %rsi -> %rsi
	Instruction: test   %al %al
	Instruction: jnz    $0x00007f43bd9a85ae
[ARKADE BB END] handling event_bb is done.




[ARKADE BB START] Basic Block is detected -> event_bb_insert is called.

	Instruction: sub    %edx %eax -> %eax
	Instruction: ret    %rsp (%rsp)[8byte] -> %rsp
[ARKADE BB END] handling event_bb is done.




[ARKADE BB START] Basic Block is detected -> event_bb_insert is called.

	Instruction: test   %eax %eax
	Instruction: jz     $0x00007f43bd9a87e0
[ARKADE BB END] handling event_bb is done.




[ARKADE BB START] Basic Block is detected -> event_bb_insert is called.

	Instruction: js     $0x00007f43bd9a87d0
[ARKADE BB END] handling event_bb is done.




[ARKADE BB START] Basic Block is detected -> event_bb_insert is called.

	Instruction: lea    0x01(%r11) -> %r15d
	Instruction: cmp    %r15d %r12d
	Instruction: jle    $0x00007f43bd9a8780
[ARKADE BB END] handling event_bb is done.




[ARKADE BB START] Basic Block is detected -> event_bb_insert is called.

	Instruction: lea    (%r15,%r12) -> %r11d
	Instruction: sar    $0x00000001 %r11d -> %r11d
	Instruction: movsxd %r11d -> %rax
	Instruction: lea    (%rax,%rax,2) -> %rdx
	Instruction: mov    0xffffffa8(%rbp)[8byte] -> %rax
	Instruction: lea    0x00(,%rdx,8) -> %r14
	Instruction: mov    0x34(%rax,%r14)[4byte] -> %esi
	Instruction: cmp    %r13d %esi
	Instruction: jbe    $0x00007f43bd9a87bf
[ARKADE BB END] handling event_bb is done.




[ARKADE BB START] Basic Block is detected -> event_bb_insert is called.

	Instruction: lea    0xffffffff(%r11) -> %r12d
	Instruction: cmp    %r15d %r12d
	Instruction: jle    $0x00007f43bd9a8780
[ARKADE BB END] handling event_bb is done.




[ARKADE BB START] Basic Block is detected -> event_bb_insert is called.

	Instruction: cmp    %cl $0x09
	Instruction: jnbe   $0x00007f43bd9a8672
[ARKADE BB END] handling event_bb is done.




[ARKADE BB START] Basic Block is detected -> event_bb_insert is called.

	Instruction: lea    0xffffffd0(%rax) -> %ecx
	Instruction: movsx  0x01(%rdi)[1byte] -> %eax
	Instruction: lea    0x01(%rdi) -> %r10
	Instruction: lea    0xffffffd0(%rdx) -> %r8d
	Instruction: lea    0x01(%rsi) -> %r9
	Instruction: mov    %r10 -> %rdi
	Instruction: lea    0xffffffd0(%rax) -> %edx
	Instruction: cmp    %dl $0x09
	Instruction: jnbe   $0x00007f43bd9a862e
[ARKADE BB END] handling event_bb is done.




[ARKADE BB START] Basic Block is detected -> event_bb_insert is called.

	Instruction: movsx  0x01(%rsi)[1byte] -> %edx
	Instruction: lea    0xffffffd0(%rdx) -> %esi
	Instruction: cmp    %sil $0x09
	Instruction: mov    %r9 -> %rsi
	Instruction: jnbe   $0x00007f43bd9a865a
[ARKADE BB END] handling event_bb is done.




[ARKADE BB START] Basic Block is detected -> event_bb_insert is called.

	Instruction: cmp    %ecx %r8d
	Instruction: jz     $0x00007f43bd9a85aa
[ARKADE BB END] handling event_bb is done.




[ARKADE BB START] Basic Block is detected -> event_bb_insert is called.

	Instruction: test   %al %al
	Instruction: jz     $0x00007f43bd9a85e0
[ARKADE BB END] handling event_bb is done.




[ARKADE BB START] Basic Block is detected -> event_bb_insert is called.

	Instruction: movsx  %dl -> %eax
	Instruction: neg    %eax -> %eax
	Instruction: ret    %rsp (%rsp)[8byte] -> %rsp
[ARKADE BB END] handling event_bb is done.




[ARKADE BB START] Basic Block is detected -> event_bb_insert is called.

	Instruction: mov    0xffffffa8(%rbp)[8byte] -> %rax
	Instruction: lea    0x1c(%rax,%r14) -> %rcx
	Instruction: mov    %r11d -> %r14d
	Instruction: jmp    $0x00007f43bd9a881a
[ARKADE BB END] handling event_bb is done.




[ARKADE BB START] Basic Block is detected -> event_bb_insert is called.

	Instruction: test   %r14d %r14d
	Instruction: jnz    $0x00007f43bd9a87f0
[ARKADE BB END] handling event_bb is done.




[ARKADE BB START] Basic Block is detected -> event_bb_insert is called.

	Instruction: mov    (%rcx)[4byte] -> %esi
	Instruction: mov    %rcx -> 0xffffffb0(%rbp)[8byte]
	Instruction: lea    0xffffffff(%r14) -> %r15d
	Instruction: cmp    %r13d %esi
	Instruction: jbe    $0x00007f43bd9a881f
[ARKADE BB END] handling event_bb is done.




[ARKADE BB START] Basic Block is detected -> event_bb_insert is called.

	Instruction: add    0xffffffb8(%rbp)[8byte] %rsi -> %rsi
	Instruction: mov    %rbx -> %rdi
	Instruction: call   $0x00007f43bd9a85a0 %rsp -> %rsp 0xfffffff8(%rsp)[8byte]
[ARKADE BB END] handling event_bb is done.




[ARKADE BB START] Basic Block is detected -> event_bb_insert is called.

	Instruction: mov    0xffffffb0(%rbp)[8byte] -> %rcx
	Instruction: sub    $0x0000000000000018 %rcx -> %rcx
	Instruction: test   %eax %eax
	Instruction: jnz    $0x00007f43bd9a881f
[ARKADE BB END] handling event_bb is done.




[ARKADE BB START] Basic Block is detected -> event_bb_insert is called.

	Instruction: mov    %r15d -> %r14d
	Instruction: test   %r14d %r14d
	Instruction: jnz    $0x00007f43bd9a87f0
[ARKADE BB END] handling event_bb is done.




[ARKADE BB START] Basic Block is detected -> event_bb_insert is called.

	Instruction: mov    $0x800f000000000000 -> %rcx
	Instruction: mov    0xffffff98(%rbp)[8byte] -> %rax
	Instruction: and    0xffffff90(%rbp)[8byte] %rax -> %rax
	Instruction: or     %rcx %rax -> %rax
	Instruction: cmp    <rel> 0x00007f43bd9bc674[4byte] $0x00000303
	Instruction: not    %rax -> %rax
	Instruction: mov    %rax -> 0xffffff98(%rbp)[8byte]
	Instruction: mov    <rel> 0x00007f43bd9bc624[4byte] -> %eax
	Instruction: mov    %eax -> 0xffffff90(%rbp)[4byte]
	Instruction: jz     $0x00007f43bd9a8ce0
[ARKADE BB END] handling event_bb is done.




[ARKADE BB START] Basic Block is detected -> event_bb_insert is called.

	Instruction: mov    0xffffffa8(%rbp)[8byte] -> %rdx
	Instruction: movsxd %r14d -> %rax
	Instruction: lea    (%rax,%rax,2) -> %rax
	Instruction: lea    0x30(%rdx,%rax,8) -> %r15
	Instruction: mov    0xffffff90(%rbp)[4byte] -> %eax
	Instruction: test   %eax %eax
	Instruction: jnz    $0x00007f43bd9a89a1
[ARKADE BB END] handling event_bb is done.




[ARKADE BB START] Basic Block is detected -> event_bb_insert is called.

	Instruction: cmp    %r14d %r11d
	Instruction: jle    $0x00007f43bd9a89c7
[ARKADE BB END] handling event_bb is done.




[ARKADE BB START] Basic Block is detected -> event_bb_insert is called.

	Instruction: cmp    (%r15)[4byte] $0x00000303
	Instruction: jnz    $0x00007f43bd9a8990
[ARKADE BB END] handling event_bb is done.




[ARKADE BB START] Basic Block is detected -> event_bb_insert is called.

	Instruction: add    $0x00000001 %r14d -> %r14d
	Instruction: add    $0x0000000000000018 %r15 -> %r15
	Instruction: cmp    %r14d %r12d
	Instruction: jnle   $0x00007f43bd9a87bf
[ARKADE BB END] handling event_bb is done.




[ARKADE BB START] Basic Block is detected -> event_bb_insert is called.

	Instruction: mov    0x08(%r15)[4byte] -> %eax
	Instruction: cmp    %eax %r13d
	Instruction: jnb    $0x00007f43bd9a8990
[ARKADE BB END] handling event_bb is done.




[ARKADE BB START] Basic Block is detected -> event_bb_insert is called.

	Instruction: mov    0x10(%r15)[8byte] -> %rsi
	Instruction: test   0xffffff98(%rbp)[8byte] %rsi
	Instruction: jnz    $0x00007f43bd9a8990
[ARKADE BB END] handling event_bb is done.




[ARKADE BB START] Basic Block is detected -> event_bb_insert is called.

	Instruction: mov    0xffffff90(%rbp)[4byte] -> %edx
	Instruction: cmp    %edx 0x0c(%r15)[4byte]
	Instruction: jb     $0x00007f43bd9a8990
[ARKADE BB END] handling event_bb is done.




[ARKADE BB START] Basic Block is detected -> event_bb_insert is called.

	Instruction: mov    $0x000f000000000000 -> %rdx
	Instruction: and    %rdx %rsi -> %rsi
	Instruction: jz     $0x00007f43bd9a8a01
[ARKADE BB END] handling event_bb is done.




[ARKADE BB START] Basic Block is detected -> event_bb_insert is called.

	Instruction: mov    0xffffffb8(%rbp)[8byte] -> %r15
	Instruction: add    %rax %r15 -> %r15
	Instruction: nop    0x00000000(%rax,%rax)[4byte]
	Instruction: test   <rel> 0x00007f43bd9bc620[1byte] $0x01
	Instruction: jnz    $0x00007f43bd9a8eb5
[ARKADE BB END] handling event_bb is done.




[ARKADE BB START] Basic Block is detected -> event_bb_insert is called.

	Instruction: test   %r15 %r15
	Instruction: jz     $0x00007f43bd9a87bf
[ARKADE BB END] handling event_bb is done.




[ARKADE BB START] Basic Block is detected -> event_bb_insert is called.

	Instruction: mov    %r15 -> %rdi
	Instruction: mov    %rsp -> %rbx
	Instruction: call   $0x00007f43bd9b1e20 %rsp -> %rsp 0xfffffff8(%rsp)[8byte]
[ARKADE BB END] handling event_bb is done.




[ARKADE BB START] Basic Block is detected -> event_bb_insert is called.

	Instruction: lea    0x18(%rax) -> %rdx
	Instruction: mov    %rdx -> %rcx
	Instruction: and    $0xfffffffffffff000 %rdx -> %rdx
	Instruction: sub    %rdx %rbx -> %rbx
	Instruction: and    $0xfffffffffffffff0 %rcx -> %rcx
	Instruction: mov    %rbx -> %rdx
	Instruction: cmp    %rsp %rdx
	Instruction: jz     $0x00007f43bd9a8a63
[ARKADE BB END] handling event_bb is done.




[ARKADE BB START] Basic Block is detected -> event_bb_insert is called.

	Instruction: and    $0x00000fff %ecx -> %ecx
	Instruction: sub    %rcx %rsp -> %rsp
	Instruction: test   %rcx %rcx
	Instruction: jnz    $0x00007f43bd9a8b40
[ARKADE BB END] handling event_bb is done.




[ARKADE BB START] Basic Block is detected -> event_bb_insert is called.

	Instruction: or     $0x0000000000000000 0xfffffff8(%rsp,%rcx)[8byte] -> 0xfffffff8(%rsp,%rcx)[8byte]
	Instruction: jmp    $0x00007f43bd9a8a75
[ARKADE BB END] handling event_bb is done.




[ARKADE BB START] Basic Block is detected -> event_bb_insert is called.

	Instruction: lea    0x0f(%rsp) -> %rdi
	Instruction: mov    %r15 -> %rsi
	Instruction: lea    0x01(%rax) -> %rdx
	Instruction: and    $0xfffffffffffffff0 %rdi -> %rdi
	Instruction: call   $0x00007f43bd9b2390 %rsp -> %rsp 0xfffffff8(%rsp)[8byte]
[ARKADE BB END] handling event_bb is done.




[ARKADE BB START] Basic Block is detected -> event_bb_insert is called.

	Instruction: mov    %rax -> %rdi
	Instruction: call   $0x00007f43bd9ae5c0 %rsp -> %rsp 0xfffffff8(%rsp)[8byte]
[ARKADE BB END] handling event_bb is done.
[ARKADE MALLOC CALLED] Malloc (Nonuser Code) (size: 32)
[ARKADE MALLOC CALLED] Module start: 0x00007f43bd98f000
[ARKADE MALLOC CALLED] Module end: 0x00007f43bd9bf000
[ARKADE MALLOC CALLED] Module full path: /lib/x86_64-linux-gnu/ld-2.31.so
[ARKADE MALLOC CALLED] Caller (Nonuser Code): __strdup (/build/glibc-FcRMwW/glibc-2.31/string/strdup.c:44)
[ARKADE MALLOC RETURN] Malloc (Nonuser Code) return base address: 0x00007f43bd9c3830, Size: 32, Active: true




[ARKADE BB START] Basic Block is detected -> event_bb_insert is called.

	Instruction: lea    0xffffffd8(%rbp) -> %rsp
	Instruction: pop    %rsp (%rsp)[8byte] -> %rbx %rsp
	Instruction: pop    %rsp (%rsp)[8byte] -> %r12 %rsp
	Instruction: pop    %rsp (%rsp)[8byte] -> %r13 %rsp
	Instruction: pop    %rsp (%rsp)[8byte] -> %r14 %rsp
	Instruction: pop    %rsp (%rsp)[8byte] -> %r15 %rsp
	Instruction: pop    %rsp (%rsp)[8byte] -> %rbp %rsp
	Instruction: ret    %rsp (%rsp)[8byte] -> %rsp
[ARKADE BB END] handling event_bb is done.




[ARKADE BB START] Basic Block is detected -> event_bb_insert is called.

	Instruction: mov    %rax -> %rdi
	Instruction: test   %rax %rax
	Instruction: jz     $0x00007f43bd999a86
[ARKADE BB END] handling event_bb is done.




[ARKADE BB START] Basic Block is detected -> event_bb_insert is called.

	Instruction: test   %r12 %r12
	Instruction: jz     $0x00007f43bd999e2c
[ARKADE BB END] handling event_bb is done.




[ARKADE BB START] Basic Block is detected -> event_bb_insert is called.

	Instruction: test   0x000003e5(%r12)[1byte] $0x08
	Instruction: jnz    $0x00007f43bd999f69
[ARKADE BB END] handling event_bb is done.




[ARKADE BB START] Basic Block is detected -> event_bb_insert is called.

	Instruction: mov    %r12 -> %rdx
	Instruction: lea    0x60(%rsp) -> %r15
	Instruction: lea    0x4f(%rsp) -> %r8
	Instruction: mov    $0x00000008 -> %ecx
	Instruction: mov    %rdi -> 0x10(%rsp)[8byte]
	Instruction: mov    %r15 -> %rsi
	Instruction: call   $0x00007f43bd997380 %rsp -> %rsp 0xfffffff8(%rsp)[8byte]
[ARKADE BB END] handling event_bb is done.




[ARKADE BB START] Basic Block is detected -> event_bb_insert is called.

	Instruction: lea    0x08(%r14) -> %rax
	Instruction: xor    %esi %esi -> %esi
	Instruction: mov    $0x00000340 -> %r15d
	Instruction: mov    $0x00000000 -> <rel> 0x00007f43bd9be140[4byte]
	Instruction: mov    %rax -> 0xffffffc8(%rbp)[8byte]
	Instruction: mov    $0x0000000000000000 -> (%r14)[8byte]
	Instruction: mov    %r15 -> %rdx
	Instruction: mov    %r12d -> %edi
	Instruction: sub    %rsi %rdx -> %rdx
	Instruction: add    0xffffffc8(%rbp)[8byte] %rsi -> %rsi
	Instruction: call   $0x00007f43bd9ae020 %rsp -> %rsp 0xfffffff8(%rsp)[8byte]
[ARKADE BB END] handling event_bb is done.




[ARKADE BB START] Basic Block is detected -> event_bb_insert is called.

	Instruction: nop    %edx
	Instruction: xor    %eax %eax -> %eax
	Instruction: syscall  -> %rcx %r11
[ARKADE BB END] handling event_bb is done.




[ARKADE BB START] Basic Block is detected -> event_bb_insert is called.

	Instruction: cmp    %rax $0xfffffffffffff000
	Instruction: jnbe   $0x00007f43bd9ae038
[ARKADE BB END] handling event_bb is done.




[ARKADE BB START] Basic Block is detected -> event_bb_insert is called.

	Instruction: ret    %rsp (%rsp)[8byte] -> %rsp
[ARKADE BB END] handling event_bb is done.




[ARKADE BB START] Basic Block is detected -> event_bb_insert is called.

	Instruction: test   %rax %rax
	Instruction: jle    $0x00007f43bd99795c
[ARKADE BB END] handling event_bb is done.




[ARKADE BB START] Basic Block is detected -> event_bb_insert is called.

	Instruction: add    (%r14)[8byte] %rax -> %rax
	Instruction: mov    %rax -> (%r14)[8byte]
	Instruction: mov    %rax -> %rsi
	Instruction: cmp    %rax $0x000000000000003f
	Instruction: jbe    $0x00007f43bd9973e8
[ARKADE BB END] handling event_bb is done.




[ARKADE BB START] Basic Block is detected -> event_bb_insert is called.

	Instruction: cmp    %rsi $0x000000000000003f
	Instruction: jle    $0x00007f43bd997770
[ARKADE BB END] handling event_bb is done.




[ARKADE BB START] Basic Block is detected -> event_bb_insert is called.

	Instruction: mov    $0x00010102464c457f -> %rax
	Instruction: cmp    0x08(%r14)[8byte] %rax
	Instruction: jnz    $0x00007f43bd9977a0
[ARKADE BB END] handling event_bb is done.




[ARKADE BB START] Basic Block is detected -> event_bb_insert is called.

	Instruction: mov    $0x03010102464c457f -> %rax
	Instruction: cmp    0x08(%r14)[8byte] %rax
	Instruction: jz     $0x00007f43bd997430
[ARKADE BB END] handling event_bb is done.




[ARKADE BB START] Basic Block is detected -> event_bb_insert is called.

	Instruction: movzx  0x10(%r14)[1byte] -> %eax
	Instruction: test   %al %al
	Instruction: jnz    $0x00007f43bd9977c0
[ARKADE BB END] handling event_bb is done.




[ARKADE BB START] Basic Block is detected -> event_bb_insert is called.

	Instruction: mov    <rel> 0x00007f43bd9b34c9[4byte] -> %edi
	Instruction: cmp    0x11(%r14)[4byte] %edi
	Instruction: jz     $0x00007f43bd997500
[ARKADE BB END] handling event_bb is done.




[ARKADE BB START] Basic Block is detected -> event_bb_insert is called.

	Instruction: movzx  <rel> 0x00007f43bd9b34cd[2byte] -> %ecx
	Instruction: data16 cmp    0x15(%r14)[2byte] %cx
	Instruction: jnz    $0x00007f43bd99744d
[ARKADE BB END] handling event_bb is done.




[ARKADE BB START] Basic Block is detected -> event_bb_insert is called.

	Instruction: movzx  <rel> 0x00007f43bd9b34cf[1byte] -> %ecx
	Instruction: cmp    0x17(%r14)[1byte] %cl
	Instruction: jnz    $0x00007f43bd99744d
[ARKADE BB END] handling event_bb is done.




[ARKADE BB START] Basic Block is detected -> event_bb_insert is called.

	Instruction: xor    %edi %edi -> %edi
	Instruction: cmp    0x1c(%r14)[4byte] $0x00000001
	Instruction: jnz    $0x00007f43bd997937
[ARKADE BB END] handling event_bb is done.




[ARKADE BB START] Basic Block is detected -> event_bb_insert is called.

	Instruction: data16 cmp    0x1a(%r14)[2byte] $0x003e
	Instruction: jnz    $0x00007f43bd997948
[ARKADE BB END] handling event_bb is done.




[ARKADE BB START] Basic Block is detected -> event_bb_insert is called.

	Instruction: movzx  0x18(%r14)[2byte] -> %eax
	Instruction: sub    $0x00000002 %eax -> %eax
	Instruction: data16 cmp    %ax $0x0001
	Instruction: jnbe   $0x00007f43bd997950
[ARKADE BB END] handling event_bb is done.




[ARKADE BB START] Basic Block is detected -> event_bb_insert is called.

	Instruction: data16 cmp    0x3e(%r14)[2byte] $0x0038
	Instruction: jnz    $0x00007f43bd997964
[ARKADE BB END] handling event_bb is done.




[ARKADE BB START] Basic Block is detected -> event_bb_insert is called.

	Instruction: movzx  0x40(%r14)[2byte] -> %edx
	Instruction: mov    0x28(%r14)[8byte] -> %rcx
	Instruction: lea    0x00(,%rdx,8) -> %rbx
	Instruction: sub    %rdx %rbx -> %rbx
	Instruction: shl    $0x0000000000000003 %rbx -> %rbx
	Instruction: lea    (%rbx,%rcx) -> %rdi
	Instruction: mov    %rbx -> %rax
	Instruction: cmp    %rdi %rsi
	Instruction: jnbe   $0x00007f43bd997860
[ARKADE BB END] handling event_bb is done.




[ARKADE BB START] Basic Block is detected -> event_bb_insert is called.

	Instruction: lea    0x17(%rbx) -> %rax
	Instruction: mov    %rsp -> %rdi
	Instruction: mov    %rax -> %rdx
	Instruction: and    $0xfffffffffffff000 %rax -> %rax
	Instruction: sub    %rax %rdi -> %rdi
	Instruction: and    $0xfffffffffffffff0 %rdx -> %rdx
	Instruction: mov    %rdi -> %rax
	Instruction: cmp    %rsp %rax
	Instruction: jz     $0x00007f43bd997894
[ARKADE BB END] handling event_bb is done.




[ARKADE BB START] Basic Block is detected -> event_bb_insert is called.

	Instruction: and    $0x00000fff %edx -> %edx
	Instruction: sub    %rdx %rsp -> %rsp
	Instruction: test   %rdx %rdx
	Instruction: jz     $0x00007f43bd9978a8
[ARKADE BB END] handling event_bb is done.




[ARKADE BB START] Basic Block is detected -> event_bb_insert is called.

	Instruction: or     $0x0000000000000000 0xfffffff8(%rsp,%rdx)[8byte] -> 0xfffffff8(%rsp,%rdx)[8byte]
	Instruction: lea    0x0f(%rsp) -> %r8
	Instruction: mov    %rbx -> %rdx
	Instruction: mov    %r12d -> %edi
	Instruction: and    $0xfffffffffffffff0 %r8 -> %r8
	Instruction: mov    %r8 -> %rsi
	Instruction: mov    %r8 -> 0xffffffc0(%rbp)[8byte]
	Instruction: call   $0x00007f43bd9ae050 %rsp -> %rsp 0xfffffff8(%rsp)[8byte]
[ARKADE BB END] handling event_bb is done.




[ARKADE BB START] Basic Block is detected -> event_bb_insert is called.

	Instruction: nop    %edx
	Instruction: mov    %rcx -> %r10
	Instruction: mov    $0x00000011 -> %eax
	Instruction: syscall  -> %rcx %r11
[ARKADE BB END] handling event_bb is done.




[ARKADE BB START] Basic Block is detected -> event_bb_insert is called.

	Instruction: cmp    %rax $0xfffffffffffff000
	Instruction: jnbe   $0x00007f43bd9ae070
[ARKADE BB END] handling event_bb is done.




[ARKADE BB START] Basic Block is detected -> event_bb_insert is called.

	Instruction: ret    %rsp (%rsp)[8byte] -> %rsp
[ARKADE BB END] handling event_bb is done.




[ARKADE BB START] Basic Block is detected -> event_bb_insert is called.

	Instruction: mov    0xffffffc0(%rbp)[8byte] -> %r8
	Instruction: cmp    %rax %rbx
	Instruction: jnz    $0x00007f43bd997a2b
[ARKADE BB END] handling event_bb is done.




[ARKADE BB START] Basic Block is detected -> event_bb_insert is called.

	Instruction: movzx  0x40(%r14)[2byte] -> %edx
	Instruction: lea    0x00(,%rdx,8) -> %rax
	Instruction: sub    %rdx %rax -> %rax
	Instruction: shl    $0x0000000000000003 %rax -> %rax
	Instruction: jmp    $0x00007f43bd99758a
[ARKADE BB END] handling event_bb is done.




[ARKADE BB START] Basic Block is detected -> event_bb_insert is called.

	Instruction: add    %r8 %rax -> %rax
	Instruction: cmp    %r8 %rax
	Instruction: jnb    $0x00007f43bd997970
[ARKADE BB END] handling event_bb is done.




[ARKADE BB START] Basic Block is detected -> event_bb_insert is called.

	Instruction: mov    %r8 -> %rbx
	Instruction: xor    %r9d %r9d -> %r9d
	Instruction: jmp    $0x00007f43bd9975bc
[ARKADE BB END] handling event_bb is done.




[ARKADE BB START] Basic Block is detected -> event_bb_insert is called.

	Instruction: cmp    (%rbx)[4byte] $0x00000004
	Instruction: jnz    $0x00007f43bd9975a0
[ARKADE BB END] handling event_bb is done.




[ARKADE BB START] Basic Block is detected -> event_bb_insert is called.

	Instruction: lea    0x00(,%rdx,8) -> %rax
	Instruction: add    $0x0000000000000038 %rbx -> %rbx
	Instruction: sub    %rdx %rax -> %rax
	Instruction: lea    (%r8,%rax,8) -> %rax
	Instruction: cmp    %rbx %rax
	Instruction: jnb    $0x00007f43bd997800
[ARKADE BB END] handling event_bb is done.




[ARKADE BB START] Basic Block is detected -> event_bb_insert is called.

	Instruction: mov    0x20(%rbx)[8byte] -> %r11
	Instruction: cmp    %r11 $0x000000000000001f
	Instruction: jbe    $0x00007f43bd9975a0
[ARKADE BB END] handling event_bb is done.




[ARKADE BB START] Basic Block is detected -> event_bb_insert is called.

	Instruction: mov    0x30(%rbx)[8byte] -> %rax
	Instruction: sub    $0x0000000000000004 %rax -> %rax
	Instruction: test   %rax $0xfffffffffffffffb
	Instruction: jnz    $0x00007f43bd9975a0
[ARKADE BB END] handling event_bb is done.




[ARKADE BB START] Basic Block is detected -> event_bb_insert is called.

	Instruction: mov    0x08(%rbx)[8byte] -> %rcx
	Instruction: lea    (%r11,%rcx) -> %rax
	Instruction: cmp    %rax (%r14)[8byte]
	Instruction: jbe    $0x00007f43bd9978f0
[ARKADE BB END] handling event_bb is done.




[ARKADE BB START] Basic Block is detected -> event_bb_insert is called.

	Instruction: cmp    %r11 $0x000000000000ffff
	Instruction: jnbe   $0x00007f43bd997900
[ARKADE BB END] handling event_bb is done.




[ARKADE BB START] Basic Block is detected -> event_bb_insert is called.

	Instruction: lea    0x17(%r11) -> %rax
	Instruction: mov    %rsp -> %rdi
	Instruction: mov    %rax -> %rdx
	Instruction: and    $0xfffffffffffff000 %rax -> %rax
	Instruction: sub    %rax %rdi -> %rdi
	Instruction: and    $0xfffffffffffffff0 %rdx -> %rdx
	Instruction: mov    %rdi -> %rax
	Instruction: cmp    %rsp %rax
	Instruction: jz     $0x00007f43bd99762d
[ARKADE BB END] handling event_bb is done.




[ARKADE BB START] Basic Block is detected -> event_bb_insert is called.

	Instruction: and    $0x00000fff %edx -> %edx
	Instruction: sub    %rdx %rsp -> %rsp
	Instruction: test   %rdx %rdx
	Instruction: jz     $0x00007f43bd997641
[ARKADE BB END] handling event_bb is done.




[ARKADE BB START] Basic Block is detected -> event_bb_insert is called.

	Instruction: or     $0x0000000000000000 0xfffffff8(%rsp,%rdx)[8byte] -> 0xfffffff8(%rsp,%rdx)[8byte]
	Instruction: lea    0x0f(%rsp) -> %r15
	Instruction: and    $0xfffffffffffffff0 %r15 -> %r15
	Instruction: mov    %r11 -> %rdx
	Instruction: mov    %r15 -> %rsi
	Instruction: mov    %r12d -> %edi
	Instruction: mov    %r9 -> 0xffffffb0(%rbp)[8byte]
	Instruction: mov    %r8 -> 0xffffffb8(%rbp)[8byte]
	Instruction: mov    %r11 -> 0xffffffc0(%rbp)[8byte]
	Instruction: call   $0x00007f43bd9ae050 %rsp -> %rsp 0xfffffff8(%rsp)[8byte]
[ARKADE BB END] handling event_bb is done.




[ARKADE BB START] Basic Block is detected -> event_bb_insert is called.

	Instruction: mov    0xffffffc0(%rbp)[8byte] -> %r11
	Instruction: mov    0xffffffb8(%rbp)[8byte] -> %r8
	Instruction: mov    0xffffffb0(%rbp)[8byte] -> %r9
	Instruction: cmp    %rax %r11
	Instruction: jnz    $0x00007f43bd997a23
[ARKADE BB END] handling event_bb is done.




[ARKADE BB START] Basic Block is detected -> event_bb_insert is called.

	Instruction: lea    <rel> 0x00007f43bd9b7d40 -> %rcx
	Instruction: mov    (%r15)[8byte] -> %rax
	Instruction: mov    0x08(%r15)[8byte] -> %rdx
	Instruction: xor    (%rcx)[8byte] %rax -> %rax
	Instruction: xor    <rel> 0x00007f43bd9b7d48[8byte] %rdx -> %rdx
	Instruction: or     %rax %rdx -> %rdx
	Instruction: jnz    $0x00007f43bd997810
[ARKADE BB END] handling event_bb is done.




[ARKADE BB START] Basic Block is detected -> event_bb_insert is called.

	Instruction: mov    0x30(%rbx)[8byte] -> %rax
	Instruction: mov    (%r15)[4byte] -> %edx
	Instruction: mov    0x04(%r15)[4byte] -> %edi
	Instruction: mov    %rax -> %rsi
	Instruction: lea    0x0b(%rax,%rdx) -> %rdx
	Instruction: neg    %rsi -> %rsi
	Instruction: lea    0xffffffff(%rax,%rdi) -> %rax
	Instruction: and    %rsi %rdx -> %rdx
	Instruction: add    %rax %rdx -> %rdx
	Instruction: lea    0xffffffe0(%r11) -> %rax
	Instruction: and    %rsi %rdx -> %rdx
	Instruction: cmp    %rdx %rax
	Instruction: jnbe   $0x00007f43bd997850
[ARKADE BB END] handling event_bb is done.




[ARKADE BB START] Basic Block is detected -> event_bb_insert is called.

	Instruction: movzx  0x40(%r14)[2byte] -> %edx
	Instruction: jmp    $0x00007f43bd9975a0
[ARKADE BB END] handling event_bb is done.




[ARKADE BB START] Basic Block is detected -> event_bb_insert is called.

	Instruction: sub    %rdx %r11 -> %r11
	Instruction: add    %rdx %r15 -> %r15
	Instruction: jmp    $0x00007f43bd997680
[ARKADE BB END] handling event_bb is done.




[ARKADE BB START] Basic Block is detected -> event_bb_insert is called.

	Instruction: mov    (%r15)[8byte] -> %rax
	Instruction: mov    0x08(%r15)[8byte] -> %rdx
	Instruction: xor    (%rcx)[8byte] %rax -> %rax
	Instruction: xor    <rel> 0x00007f43bd9b7d48[8byte] %rdx -> %rdx
	Instruction: or     %rax %rdx -> %rdx
	Instruction: jnz    $0x00007f43bd997810
[ARKADE BB END] handling event_bb is done.




[ARKADE BB START] Basic Block is detected -> event_bb_insert is called.

	Instruction: test   %r11 %r11
	Instruction: jz     $0x00007f43bd997850
[ARKADE BB END] handling event_bb is done.




[ARKADE BB START] Basic Block is detected -> event_bb_insert is called.

	Instruction: mov    0x10(%r15)[4byte] -> %eax
	Instruction: test   %eax %eax
	Instruction: jnz    $0x00007f43bd9977e0
[ARKADE BB END] handling event_bb is done.




[ARKADE BB START] Basic Block is detected -> event_bb_insert is called.

	Instruction: movzx  0x14(%r15)[1byte] -> %eax
	Instruction: movzx  0x18(%r15)[1byte] -> %ecx
	Instruction: mov    <rel> 0x00007f43bd9bc624[4byte] -> %edx
	Instruction: shl    $0x00000008 %eax -> %eax
	Instruction: add    %ecx %eax -> %eax
	Instruction: movzx  0x1c(%r15)[1byte] -> %ecx
	Instruction: shl    $0x00000008 %eax -> %eax
	Instruction: add    %ecx %eax -> %eax
	Instruction: cmp    %eax %edx
	Instruction: jbe    $0x00007f43bd997800
[ARKADE BB END] handling event_bb is done.




[ARKADE BB START] Basic Block is detected -> event_bb_insert is called.

	Instruction: mov    %r9 -> %rdi
	Instruction: call   $0x00007f43bd990080 %rsp -> %rsp 0xfffffff8(%rsp)[8byte]
[ARKADE BB END] handling event_bb is done.
[ARKADE FREE] Double Free detected




[ARKADE BB START] Basic Block is detected -> event_bb_insert is called.

	Instruction: jmp    $0x00007f43bd9974e6
[ARKADE BB END] handling event_bb is done.




[ARKADE BB START] Basic Block is detected -> event_bb_insert is called.

	Instruction: lea    0xffffffd8(%rbp) -> %rsp
	Instruction: mov    %r12d -> %eax
	Instruction: pop    %rsp (%rsp)[8byte] -> %rbx %rsp
	Instruction: pop    %rsp (%rsp)[8byte] -> %r12 %rsp
	Instruction: pop    %rsp (%rsp)[8byte] -> %r13 %rsp
	Instruction: pop    %rsp (%rsp)[8byte] -> %r14 %rsp
	Instruction: pop    %rsp (%rsp)[8byte] -> %r15 %rsp
	Instruction: pop    %rsp (%rsp)[8byte] -> %rbp %rsp
	Instruction: ret    %rsp (%rsp)[8byte] -> %rsp
[ARKADE BB END] handling event_bb is done.




[ARKADE BB START] Basic Block is detected -> event_bb_insert is called.

	Instruction: mov    0x10(%rsp)[8byte] -> %rdi
	Instruction: cmp    %eax $0xffffffff
	Instruction: mov    %eax -> %edx
	Instruction: jz     $0x00007f43bd999a81
[ARKADE BB END] handling event_bb is done.




[ARKADE BB START] Basic Block is detected -> event_bb_insert is called.

	Instruction: mov    %rdi -> 0x50(%rsp)[8byte]
	Instruction: jmp    $0x00007f43bd999812
[ARKADE BB END] handling event_bb is done.




[ARKADE BB START] Basic Block is detected -> event_bb_insert is called.

	Instruction: test   <rel> 0x00007f43bd9bc620[1byte] $0x01
	Instruction: jnz    $0x00007f43bd999d58
[ARKADE BB END] handling event_bb is done.




[ARKADE BB START] Basic Block is detected -> event_bb_insert is called.

	Instruction: mov    0x20(%rsp)[4byte] -> %edi
	Instruction: mov    $0x00000000 -> %eax
	Instruction: test   %edi %edi
	Instruction: cmovnz %rax -> %r12
	Instruction: cmp    %edx $0xffffffff
	Instruction: jz     $0x00007f43bd9996af
[ARKADE BB END] handling event_bb is done.




[ARKADE BB START] Basic Block is detected -> event_bb_insert is called.

	Instruction: lea    0x60(%rsp) -> %r15
	Instruction: jmp    $0x00007f43bd9995ea
[ARKADE BB END] handling event_bb is done.




[ARKADE BB START] Basic Block is detected -> event_bb_insert is called.

	Instruction: mov    <rel> 0x00007f43bd9bce58[8byte] -> %rax
	Instruction: mov    %r15 -> %rcx
	Instruction: mov    %r12 -> %r9
	Instruction: mov    %r13 -> %rdi
	Instruction: mov    %rax -> 0x58(%rsp)[8byte]
	Instruction: push   %rbp %rsp -> %rsp 0xfffffff8(%rsp)[8byte]
	Instruction: lea    0x60(%rsp) -> %rax
	Instruction: push   %rax %rsp -> %rsp 0xfffffff8(%rsp)[8byte]
	Instruction: push   %rbx %rsp -> %rsp 0xfffffff8(%rsp)[8byte]
	Instruction: mov    0x18(%rsp)[4byte] -> %eax
	Instruction: push   %rax %rsp -> %rsp 0xfffffff8(%rsp)[8byte]
	Instruction: mov    0x70(%rsp)[8byte] -> %r8
	Instruction: mov    0x28(%rsp)[8byte] -> %rsi
	Instruction: call   $0x00007f43bd995dc0 %rsp -> %rsp 0xfffffff8(%rsp)[8byte]
[ARKADE BB END] handling event_bb is done.




[ARKADE BB START] Basic Block is detected -> event_bb_insert is called.

	Instruction: push   %rbp %rsp -> %rsp 0xfffffff8(%rsp)[8byte]
	Instruction: mov    %rsp -> %rbp
	Instruction: push   %r15 %rsp -> %rsp 0xfffffff8(%rsp)[8byte]
	Instruction: push   %r14 %rsp -> %rsp 0xfffffff8(%rsp)[8byte]
	Instruction: push   %r13 %rsp -> %rsp 0xfffffff8(%rsp)[8byte]
	Instruction: mov    %r9 -> %r13
	Instruction: push   %r12 %rsp -> %rsp 0xfffffff8(%rsp)[8byte]
	Instruction: push   %rbx %rsp -> %rsp 0xfffffff8(%rsp)[8byte]
	Instruction: sub    $0x0000000000000128 %rsp -> %rsp
	Instruction: mov    %rsi -> 0xfffffed8(%rbp)[8byte]
	Instruction: mov    0x28(%rbp)[8byte] -> %rsi
	Instruction: mov    %rdi -> 0xfffffef8(%rbp)[8byte]
	Instruction: xor    %edi %edi -> %edi
	Instruction: mov    %edx -> 0xffffff24(%rbp)[4byte]
	Instruction: mov    %rcx -> 0xffffff18(%rbp)[8byte]
	Instruction: mov    %r8 -> 0xfffffef0(%rbp)[8byte]
	Instruction: call   $0x00007f43bd9a11f0 %rsp -> %rsp 0xfffffff8(%rsp)[8byte]
[ARKADE BB END] handling event_bb is done.




[ARKADE BB START] Basic Block is detected -> event_bb_insert is called.

	Instruction: test   %rdi %rdi
	Instruction: jz     $0x00007f43bd9a1280
[ARKADE BB END] handling event_bb is done.




[ARKADE BB START] Basic Block is detected -> event_bb_insert is called.

	Instruction: ret    %rsp (%rsp)[8byte] -> %rsp
[ARKADE BB END] handling event_bb is done.




[ARKADE BB START] Basic Block is detected -> event_bb_insert is called.

	Instruction: mov    %rax -> 0xffffff10(%rbp)[8byte]
	Instruction: mov    0x18(%rbp)[4byte] -> %eax
	Instruction: and    $0x20000000 %eax -> %eax
	Instruction: mov    %eax -> 0xfffffee8(%rbp)[4byte]
	Instruction: jz     $0x00007f43bd996020
[ARKADE BB END] handling event_bb is done.




[ARKADE BB START] Basic Block is detected -> event_bb_insert is called.

	Instruction: mov    0xffffff24(%rbp)[4byte] -> %esi
	Instruction: lea    0xffffff40(%rbp) -> %rdx
	Instruction: mov    $0x00000001 -> %edi
	Instruction: call   $0x00007f43bd9add20 %rsp -> %rsp 0xfffffff8(%rsp)[8byte]
[ARKADE BB END] handling event_bb is done.




[ARKADE BB START] Basic Block is detected -> event_bb_insert is called.

	Instruction: test   %eax %eax
	Instruction: js     $0x00007f43bd996692
[ARKADE BB END] handling event_bb is done.




[ARKADE BB START] Basic Block is detected -> event_bb_insert is called.

	Instruction: mov    0x28(%rbp)[8byte] -> %rdi
	Instruction: lea    <rel> 0x00007f43bd9bd060 -> %rsi
	Instruction: movdqa 0xffffff40(%rbp)[16byte] -> %xmm3
	Instruction: mov    0xffffff40(%rbp)[8byte] -> %rax
	Instruction: mov    0xffffff48(%rbp)[8byte] -> %rcx
	Instruction: lea    (%rdi,%rdi,8) -> %rdx
	Instruction: movaps %xmm3 -> 0xffffff30(%rbp)[16byte]
	Instruction: shl    $0x0000000000000004 %rdx -> %rdx
	Instruction: mov    (%rsi,%rdx)[8byte] -> %r12
	Instruction: test   %r12 %r12
	Instruction: jnz    $0x00007f43bd99608e
[ARKADE BB END] handling event_bb is done.




[ARKADE BB START] Basic Block is detected -> event_bb_insert is called.

	Instruction: test   0x0000031d(%r12)[1byte] $0x20
	Instruction: jnz    $0x00007f43bd996080
[ARKADE BB END] handling event_bb is done.




[ARKADE BB START] Basic Block is detected -> event_bb_insert is called.

	Instruction: cmp    0x000003a8(%r12)[8byte] %rax
	Instruction: jnz    $0x00007f43bd996080
[ARKADE BB END] handling event_bb is done.




[ARKADE BB START] Basic Block is detected -> event_bb_insert is called.

	Instruction: mov    0x18(%r12)[8byte] -> %r12
	Instruction: test   %r12 %r12
	Instruction: jz     $0x00007f43bd996128
[ARKADE BB END] handling event_bb is done.




[ARKADE BB START] Basic Block is detected -> event_bb_insert is called.

	Instruction: cmp    0x28(%rbp)[8byte] $0x0000000000000000
	Instruction: jz     $0x00007f43bd995e35
[ARKADE BB END] handling event_bb is done.




[ARKADE BB START] Basic Block is detected -> event_bb_insert is called.

	Instruction: mov    0x18(%rbp)[4byte] -> %eax
	Instruction: and    $0x00000004 %eax -> %eax
	Instruction: mov    %eax -> 0xffffff20(%rbp)[4byte]
	Instruction: jnz    $0x00007f43bd996b40
[ARKADE BB END] handling event_bb is done.




[ARKADE BB START] Basic Block is detected -> event_bb_insert is called.

	Instruction: test   <rel> 0x00007f43bd9bc620[1byte] $0x40
	Instruction: jnz    $0x00007f43bd996b77
[ARKADE BB END] handling event_bb is done.




[ARKADE BB START] Basic Block is detected -> event_bb_insert is called.

	Instruction: mov    0xffffff10(%rbp)[8byte] -> %rax
	Instruction: mov    0x18(%rax)[4byte] -> %ebx
	Instruction: test   %ebx %ebx
	Instruction: jz     $0x00007f43bd995fe0
[ARKADE BB END] handling event_bb is done.




[ARKADE BB START] Basic Block is detected -> event_bb_insert is called.

	Instruction: cmp    %ebx $0x00000001
	Instruction: jnz    $0x00007f43bd9971f9
[ARKADE BB END] handling event_bb is done.




[ARKADE BB START] Basic Block is detected -> event_bb_insert is called.

	Instruction: mov    $0x00 -> 0xfffffeef(%rbp)[1byte]
	Instruction: mov    0x28(%rbp)[8byte] -> %r9
	Instruction: mov    0x18(%rbp)[4byte] -> %r8d
	Instruction: mov    %r13 -> %rcx
	Instruction: mov    0x10(%rbp)[4byte] -> %edx
	Instruction: mov    0xfffffef8(%rbp)[8byte] -> %rsi
	Instruction: mov    0xfffffef0(%rbp)[8byte] -> %rdi
	Instruction: call   $0x00007f43bd99c210 %rsp -> %rsp 0xfffffff8(%rsp)[8byte]
[ARKADE BB END] handling event_bb is done.
[ARKADE MALLOC CALLED] Malloc (Nonuser Code) (size: 1194)
[ARKADE MALLOC CALLED] Module start: 0x00007f43bd98f000
[ARKADE MALLOC CALLED] Module end: 0x00007f43bd9bf000
[ARKADE MALLOC CALLED] Module full path: /lib/x86_64-linux-gnu/ld-2.31.so
[ARKADE MALLOC CALLED] Caller (Nonuser Code): _dl_new_object (/build/glibc-FcRMwW/glibc-2.31/elf/dl-object.c:89)
[ARKADE MALLOC RETURN] Malloc (Nonuser Code) return base address: 0x00007f43bd9c3850, Size: 1194, Active: true




[ARKADE BB START] Basic Block is detected -> event_bb_insert is called.

	Instruction: movzx  0x0000031c(%r14)[1byte] -> %eax
	Instruction: movzx  0x28(%rsp)[1byte] -> %ebp
	Instruction: mov    %rdx -> 0x08(%r14)[8byte]
	Instruction: and    $0x00000003 %ebp -> %ebp
	Instruction: and    $0xfffffffc %eax -> %eax
	Instruction: or     %eax %ebp -> %ebp
	Instruction: mov    %bpl -> 0x0000031c(%r14)[1byte]
	Instruction: test   <rel> 0x00007f43bd9bc621[1byte] $0x01
	Instruction: jz     $0x00007f43bd99c500
[ARKADE BB END] handling event_bb is done.




[ARKADE BB START] Basic Block is detected -> event_bb_insert is called.

	Instruction: mov    $0x00000001 -> %edx
	Instruction: nop    (%rax)[4byte]
	Instruction: mov    %r12 -> %rax
	Instruction: mov    0x000002e0(%r12)[8byte] -> %r12
	Instruction: test   %r12 %r12
	Instruction: jnz    $0x00007f43bd99c3c0
[ARKADE BB END] handling event_bb is done.




[ARKADE BB START] Basic Block is detected -> event_bb_insert is called.

	Instruction: test   %edx %edx
	Instruction: jnz    $0x00007f43bd99c590
[ARKADE BB END] handling event_bb is done.




[ARKADE BB START] Basic Block is detected -> event_bb_insert is called.

	Instruction: mov    0x00000368(%r14)[8byte] -> %rdx
	Instruction: jmp    $0x00007f43bd99c513
[ARKADE BB END] handling event_bb is done.




[ARKADE BB START] Basic Block is detected -> event_bb_insert is called.

	Instruction: add    $0x00000000000002c0 %rax -> %rax
	Instruction: cmp    %rax %rdx
	Instruction: jz     $0x00007f43bd99c3e1
[ARKADE BB END] handling event_bb is done.




[ARKADE BB START] Basic Block is detected -> event_bb_insert is called.

	Instruction: lea    0x000002c0(%r14) -> %rax
	Instruction: test   %sil %sil
	Instruction: mov    %sil -> 0x28(%rsp)[1byte]
	Instruction: mov    %rax -> 0x00000398(%r14)[8byte]
	Instruction: jz     $0x00007f43bd99c4e5
[ARKADE BB END] handling event_bb is done.




[ARKADE BB START] Basic Block is detected -> event_bb_insert is called.

	Instruction: mov    0x08(%rsp)[8byte] -> %rdi
	Instruction: xor    %ebp %ebp -> %ebp
	Instruction: call   $0x00007f43bd9b1e20 %rsp -> %rsp 0xfffffff8(%rsp)[8byte]
[ARKADE BB END] handling event_bb is done.




[ARKADE BB START] Basic Block is detected -> event_bb_insert is called.

	Instruction: movzx  0x28(%rsp)[1byte] -> %esi
	Instruction: mov    %rax -> %r13
	Instruction: lea    0x01(%rax) -> %rax
	Instruction: mov    %rax -> 0x10(%rsp)[8byte]
	Instruction: mov    %rax -> %r15
	Instruction: cmp    %sil $0x2f
	Instruction: jnz    $0x00007f43bd99c43d
[ARKADE BB END] handling event_bb is done.




[ARKADE BB START] Basic Block is detected -> event_bb_insert is called.

	Instruction: jmp    $0x00007f43bd99c5b0
[ARKADE BB END] handling event_bb is done.




[ARKADE BB START] Basic Block is detected -> event_bb_insert is called.

	Instruction: mov    %rax -> %rdi
	Instruction: call   $0x00007f43bd9900a0 %rsp -> %rsp 0xfffffff8(%rsp)[8byte]
[ARKADE BB END] handling event_bb is done.
[ARKADE MALLOC CALLED] Malloc (Nonuser Code) (size: 32)
[ARKADE MALLOC CALLED] Module start: 0x00007f43bd98f000
[ARKADE MALLOC CALLED] Module end: 0x00007f43bd9bf000
[ARKADE MALLOC CALLED] Module full path: /lib/x86_64-linux-gnu/ld-2.31.so
[ARKADE MALLOC CALLED] Caller (Nonuser Code): _dl_new_object (/build/glibc-FcRMwW/glibc-2.31/elf/dl-object.c:196)




[ARKADE BB START] Basic Block is detected -> event_bb_insert is called.

	Instruction: mov    %rax -> %rbp
	Instruction: test   %rax %rax
	Instruction: jz     $0x00007f43bd99c61c
[ARKADE BB END] handling event_bb is done.
[ARKADE MALLOC RETURN] Malloc (Nonuser Code) return base address: 0x00007f43bd9c3d00, Size: 32, Active: true




[ARKADE BB START] Basic Block is detected -> event_bb_insert is called.

	Instruction: mov    %rax -> %rdi
	Instruction: jmp    $0x00007f43bd99c4b6
[ARKADE BB END] handling event_bb is done.




[ARKADE BB START] Basic Block is detected -> event_bb_insert is called.

	Instruction: mov    0x10(%rsp)[8byte] -> %rdx
	Instruction: mov    0x08(%rsp)[8byte] -> %rsi
	Instruction: call   $0x00007f43bd9b2380 %rsp -> %rsp 0xfffffff8(%rsp)[8byte]
[ARKADE BB END] handling event_bb is done.




[ARKADE BB START] Basic Block is detected -> event_bb_insert is called.

	Instruction: nop    (%rax)[4byte]
	Instruction: mov    %rax -> %rdx
	Instruction: sub    $0x0000000000000001 %rax -> %rax
	Instruction: cmp    (%rax)[1byte] $0x2f
	Instruction: jnz    $0x00007f43bd99c4c8
[ARKADE BB END] handling event_bb is done.




[ARKADE BB START] Basic Block is detected -> event_bb_insert is called.

	Instruction: mov    %rax -> %rdx
	Instruction: sub    $0x0000000000000001 %rax -> %rax
	Instruction: cmp    (%rax)[1byte] $0x2f
	Instruction: jnz    $0x00007f43bd99c4c8
[ARKADE BB END] handling event_bb is done.




[ARKADE BB START] Basic Block is detected -> event_bb_insert is called.

	Instruction: cmp    %rbp %rax
	Instruction: cmovz  %rdx -> %rax
	Instruction: mov    $0x00 -> (%rax)[1byte]
	Instruction: mov    %rbp -> 0x00000348(%r14)[8byte]
	Instruction: add    $0x0000000000000038 %rsp -> %rsp
	Instruction: mov    %r14 -> %rax
	Instruction: pop    %rsp (%rsp)[8byte] -> %rbx %rsp
	Instruction: pop    %rsp (%rsp)[8byte] -> %rbp %rsp
	Instruction: pop    %rsp (%rsp)[8byte] -> %r12 %rsp
	Instruction: pop    %rsp (%rsp)[8byte] -> %r13 %rsp
	Instruction: pop    %rsp (%rsp)[8byte] -> %r14 %rsp
	Instruction: pop    %rsp (%rsp)[8byte] -> %r15 %rsp
	Instruction: ret    %rsp (%rsp)[8byte] -> %rsp
[ARKADE BB END] handling event_bb is done.




[ARKADE BB START] Basic Block is detected -> event_bb_insert is called.

	Instruction: mov    %rax -> %r12
	Instruction: test   %rax %rax
	Instruction: jz     $0x00007f43bd996b5f
[ARKADE BB END] handling event_bb is done.




[ARKADE BB START] Basic Block is detected -> event_bb_insert is called.

	Instruction: mov    0xffffff18(%rbp)[8byte] -> %rdi
	Instruction: mov    0x20(%rdi)[8byte] -> %rax
	Instruction: mov    0x28(%rdi)[8byte] -> %rcx
	Instruction: mov    %rax -> 0x000002b0(%r12)[8byte]
	Instruction: movzx  0x18(%rdi)[2byte] -> %eax
	Instruction: lea    0x08(%rdi,%rcx) -> %r14
	Instruction: data16 mov    %ax -> 0xfffffed0(%rbp)[2byte]
	Instruction: movzx  0x40(%rdi)[2byte] -> %eax
	Instruction: lea    0x00(,%rax,8) -> %rbx
	Instruction: data16 mov    %ax -> 0x000002b8(%r12)[2byte]
	Instruction: sub    %rax %rbx -> %rbx
	Instruction: shl    $0x0000000000000003 %rbx -> %rbx
	Instruction: lea    (%rcx,%rbx) -> %rax
	Instruction: cmp    %rax (%rdi)[8byte]
	Instruction: jnbe   $0x00007f43bd9960f0
[ARKADE BB END] handling event_bb is done.




[ARKADE BB START] Basic Block is detected -> event_bb_insert is called.

	Instruction: lea    0x17(%rbx) -> %rax
	Instruction: mov    %rsp -> %rdi
	Instruction: mov    %rax -> %rdx
	Instruction: and    $0xfffffffffffff000 %rax -> %rax
	Instruction: sub    %rax %rdi -> %rdi
	Instruction: and    $0xfffffffffffffff0 %rdx -> %rdx
	Instruction: mov    %rdi -> %rax
	Instruction: cmp    %rsp %rax
	Instruction: jz     $0x00007f43bd9965bc
[ARKADE BB END] handling event_bb is done.




[ARKADE BB START] Basic Block is detected -> event_bb_insert is called.

	Instruction: and    $0x00000fff %edx -> %edx
	Instruction: sub    %rdx %rsp -> %rsp
	Instruction: test   %rdx %rdx
	Instruction: jnz    $0x00007f43bd996c39
[ARKADE BB END] handling event_bb is done.




[ARKADE BB START] Basic Block is detected -> event_bb_insert is called.

	Instruction: or     $0x0000000000000000 0xfffffff8(%rsp,%rdx)[8byte] -> 0xfffffff8(%rsp,%rdx)[8byte]
	Instruction: jmp    $0x00007f43bd9965ce
[ARKADE BB END] handling event_bb is done.




[ARKADE BB START] Basic Block is detected -> event_bb_insert is called.

	Instruction: lea    0x0f(%rsp) -> %r14
	Instruction: mov    0xffffff24(%rbp)[4byte] -> %edi
	Instruction: mov    %rbx -> %rdx
	Instruction: and    $0xfffffffffffffff0 %r14 -> %r14
	Instruction: mov    %r14 -> %rsi
	Instruction: call   $0x00007f43bd9ae050 %rsp -> %rsp 0xfffffff8(%rsp)[8byte]
[ARKADE BB END] handling event_bb is done.




[ARKADE BB START] Basic Block is detected -> event_bb_insert is called.

	Instruction: cmp    %rax %rbx
	Instruction: jz     $0x00007f43bd995ef3
[ARKADE BB END] handling event_bb is done.




[ARKADE BB START] Basic Block is detected -> event_bb_insert is called.

	Instruction: movzx  0x000002b8(%r12)[2byte] -> %eax
	Instruction: mov    %rsp -> %rdi
	Instruction: mov    %rsp -> 0xfffffee0(%rbp)[8byte]
	Instruction: lea    (%rax,%rax,2) -> %rdx
	Instruction: shl    $0x0000000000000004 %rdx -> %rdx
	Instruction: mov    %rdx -> %rcx
	Instruction: and    $0xfffffffffffff000 %rcx -> %rcx
	Instruction: sub    %rcx %rdi -> %rdi
	Instruction: mov    %rdi -> %rcx
	Instruction: cmp    %rsp %rcx
	Instruction: jz     $0x00007f43bd995f38
[ARKADE BB END] handling event_bb is done.




[ARKADE BB START] Basic Block is detected -> event_bb_insert is called.

	Instruction: and    $0x00000fff %edx -> %edx
	Instruction: sub    %rdx %rsp -> %rsp
	Instruction: test   %rdx %rdx
	Instruction: jz     $0x00007f43bd995f4c
[ARKADE BB END] handling event_bb is done.




[ARKADE BB START] Basic Block is detected -> event_bb_insert is called.

	Instruction: or     $0x0000000000000000 0xfffffff8(%rsp,%rdx)[8byte] -> 0xfffffff8(%rsp,%rdx)[8byte]
	Instruction: lea    0x07(%rsp) -> %rdx
	Instruction: mov    %rdx -> %rcx
	Instruction: and    $0xfffffffffffffff8 %rdx -> %rdx
	Instruction: mov    %rdx -> 0xffffff28(%rbp)[8byte]
	Instruction: lea    0x00(,%rax,8) -> %rdx
	Instruction: shr    $0x0000000000000003 %rcx -> %rcx
	Instruction: sub    %rax %rdx -> %rdx
	Instruction: mov    %rcx -> 0xfffffec0(%rbp)[8byte]
	Instruction: lea    (%r14,%rdx,8) -> %rdx
	Instruction: cmp    %r14 %rdx
	Instruction: jnb    $0x00007f43bd996dd0
[ARKADE BB END] handling event_bb is done.




[ARKADE BB START] Basic Block is detected -> event_bb_insert is called.

	Instruction: mov    0x18(%rbp)[4byte] -> %edi
	Instruction: mov    $0x00 -> 0xffffff08(%rbp)[1byte]
	Instruction: mov    %r14 -> %rbx
	Instruction: xor    %r15d %r15d -> %r15d
	Instruction: mov    $0x0000000000000007 -> 0xffffff00(%rbp)[8byte]
	Instruction: lea    <rel> 0x00007f43bd9b34a0 -> %r13
	Instruction: and    $0x08000000 %edi -> %edi
	Instruction: mov    %edi -> 0xfffffecc(%rbp)[4byte]
	Instruction: mov    (%rbx)[4byte] -> %edx
	Instruction: cmp    %edx $0x00000007
	Instruction: jnbe   $0x00007f43bd996600
[ARKADE BB END] handling event_bb is done.




[ARKADE BB START] Basic Block is detected -> event_bb_insert is called.

	Instruction: test   %edx %edx
	Instruction: jz     $0x00007f43bd996288
[ARKADE BB END] handling event_bb is done.




[ARKADE BB START] Basic Block is detected -> event_bb_insert is called.

	Instruction: cmp    %edx $0x00000007
	Instruction: jnbe   $0x00007f43bd996288
[ARKADE BB END] handling event_bb is done.




[ARKADE BB START] Basic Block is detected -> event_bb_insert is called.

	Instruction: movsxd 0x00(%r13,%rdx,4)[4byte] -> %rdx
	Instruction: add    %r13 %rdx -> %rdx
	Instruction: jmp    %rdx
[ARKADE BB END] handling event_bb is done.




[ARKADE BB START] Basic Block is detected -> event_bb_insert is called.

	Instruction: mov    0x10(%rbx)[8byte] -> %rdx
	Instruction: mov    %rdx -> 0x000002a8(%r12)[8byte]
	Instruction: jmp    $0x00007f43bd996288
[ARKADE BB END] handling event_bb is done.




[ARKADE BB START] Basic Block is detected -> event_bb_insert is called.

	Instruction: lea    0x00(,%rax,8) -> %rdx
	Instruction: add    $0x0000000000000038 %rbx -> %rbx
	Instruction: sub    %rax %rdx -> %rdx
	Instruction: lea    (%r14,%rdx,8) -> %rdx
	Instruction: cmp    %rbx %rdx
	Instruction: jb     $0x00007f43bd995fb0
[ARKADE BB END] handling event_bb is done.




[ARKADE BB START] Basic Block is detected -> event_bb_insert is called.

	Instruction: mov    (%rbx)[4byte] -> %edx
	Instruction: cmp    %edx $0x00000007
	Instruction: jnbe   $0x00007f43bd996600
[ARKADE BB END] handling event_bb is done.




[ARKADE BB START] Basic Block is detected -> event_bb_insert is called.

	Instruction: mov    <rel> 0x00007f43bd9bc638[8byte] -> %rdx
	Instruction: mov    0x30(%rbx)[8byte] -> %rsi
	Instruction: lea    0xffffffff(%rdx) -> %r11
	Instruction: test   %rsi %r11
	Instruction: jnz    $0x00007f43bd996650
[ARKADE BB END] handling event_bb is done.




[ARKADE BB START] Basic Block is detected -> event_bb_insert is called.

	Instruction: mov    0x10(%rbx)[8byte] -> %rcx
	Instruction: mov    0x08(%rbx)[8byte] -> %rdi
	Instruction: sub    $0x0000000000000001 %rsi -> %rsi
	Instruction: mov    %rcx -> %r8
	Instruction: sub    %rdi %r8 -> %r8
	Instruction: test   %r8 %rsi
	Instruction: jnz    $0x00007f43bd9966c0
[ARKADE BB END] handling event_bb is done.




[ARKADE BB START] Basic Block is detected -> event_bb_insert is called.

	Instruction: lea    (%r15,%r15,2) -> %r9
	Instruction: neg    %rdx -> %rdx
	Instruction: movdqu 0x20(%rbx)[16byte] -> %xmm2
	Instruction: lea    0x01(%r15) -> %r10
	Instruction: mov    0xffffff28(%rbp)[8byte] -> %rsi
	Instruction: shl    $0x0000000000000004 %r9 -> %r9
	Instruction: movd   %rcx -> %xmm0
	Instruction: punpcklqdq %xmm0 %xmm0 -> %xmm0
	Instruction: lea    (%rsi,%r9) -> %r8
	Instruction: mov    %rcx -> %rsi
	Instruction: paddq  %xmm2 %xmm0 -> %xmm0
	Instruction: and    %rdx %rsi -> %rsi
	Instruction: mov    %rsi -> (%r8)[8byte]
	Instruction: mov    0x20(%rbx)[8byte] -> %rsi
	Instruction: add    %rcx %rsi -> %rsi
	Instruction: add    %r11 %rsi -> %rsi
	Instruction: and    %rdx %rsi -> %rsi
	Instruction: and    %rdi %rdx -> %rdx
	Instruction: mov    %rsi -> 0x08(%r8)[8byte]
	Instruction: mov    0xffffff28(%rbp)[8byte] -> %rsi
	Instruction: movups %xmm0 -> 0x10(%rsi,%r9)[16byte]
	Instruction: mov    %rdx -> 0x20(%r8)[8byte]
	Instruction: cmp    %r10 $0x0000000000000001
	Instruction: jbe    $0x00007f43bd99625f
[ARKADE BB END] handling event_bb is done.




[ARKADE BB START] Basic Block is detected -> event_bb_insert is called.

	Instruction: mov    0x04(%rbx)[4byte] -> %ecx
	Instruction: mov    $0x73516240 -> %edx
	Instruction: lea    (%r15,%r15,2) -> %rsi
	Instruction: mov    0xffffff28(%rbp)[8byte] -> %rdi
	Instruction: shl    $0x0000000000000004 %rsi -> %rsi
	Instruction: mov    %r10 -> %r15
	Instruction: and    $0x00000007 %ecx -> %ecx
	Instruction: shl    $0x00000002 %ecx -> %ecx
	Instruction: sar    %cl %edx -> %edx
	Instruction: and    $0x0000000f %edx -> %edx
	Instruction: mov    %edx -> 0x28(%rdi,%rsi)[4byte]
	Instruction: lea    0x00(,%rax,8) -> %rdx
	Instruction: add    $0x0000000000000038 %rbx -> %rbx
	Instruction: sub    %rax %rdx -> %rdx
	Instruction: lea    (%r14,%rdx,8) -> %rdx
	Instruction: cmp    %rbx %rdx
	Instruction: jb     $0x00007f43bd995fb0
[ARKADE BB END] handling event_bb is done.




[ARKADE BB START] Basic Block is detected -> event_bb_insert is called.

	Instruction: mov    (%r8)[8byte] -> %rcx
	Instruction: cmp    0xffffffd8(%r8)[8byte] %rcx
	Instruction: mov    $0x00000001 -> %edx
	Instruction: movzx  0xffffff08(%rbp)[1byte] -> %ecx
	Instruction: cmovnz %edx -> %ecx
	Instruction: mov    %cl -> 0xffffff08(%rbp)[1byte]
	Instruction: mov    0x04(%rbx)[4byte] -> %ecx
	Instruction: mov    $0x73516240 -> %edx
	Instruction: lea    (%r15,%r15,2) -> %rsi
	Instruction: mov    0xffffff28(%rbp)[8byte] -> %rdi
	Instruction: shl    $0x0000000000000004 %rsi -> %rsi
	Instruction: mov    %r10 -> %r15
	Instruction: and    $0x00000007 %ecx -> %ecx
	Instruction: shl    $0x00000002 %ecx -> %ecx
	Instruction: sar    %cl %edx -> %edx
	Instruction: and    $0x0000000f %edx -> %edx
	Instruction: mov    %edx -> 0x28(%rdi,%rsi)[4byte]
	Instruction: lea    0x00(,%rax,8) -> %rdx
	Instruction: add    $0x0000000000000038 %rbx -> %rbx
	Instruction: sub    %rax %rdx -> %rdx
	Instruction: lea    (%r14,%rdx,8) -> %rdx
	Instruction: cmp    %rbx %rdx
	Instruction: jb     $0x00007f43bd995fb0
[ARKADE BB END] handling event_bb is done.




[ARKADE BB START] Basic Block is detected -> event_bb_insert is called.

	Instruction: cmp    0x20(%rbx)[8byte] $0x0000000000000000
	Instruction: jz     $0x00007f43bd996288
[ARKADE BB END] handling event_bb is done.




[ARKADE BB START] Basic Block is detected -> event_bb_insert is called.

	Instruction: mov    0x10(%rbx)[8byte] -> %rdx
	Instruction: mov    %rdx -> 0x10(%r12)[8byte]
	Instruction: mov    0x28(%rbx)[8byte] -> %rdx
	Instruction: shr    $0x0000000000000004 %rdx -> %rdx
	Instruction: data16 mov    %dx -> 0x000002ba(%r12)[2byte]
	Instruction: jmp    $0x00007f43bd996288
[ARKADE BB END] handling event_bb is done.




[ARKADE BB START] Basic Block is detected -> event_bb_insert is called.

	Instruction: mov    0xffffff18(%rbp)[8byte] -> %rcx
	Instruction: mov    0xffffff24(%rbp)[4byte] -> %edx
	Instruction: mov    %rbx -> %rsi
	Instruction: mov    %r12 -> %rdi
	Instruction: call   $0x00007f43bd995990 %rsp -> %rsp 0xfffffff8(%rsp)[8byte]
[ARKADE BB END] handling event_bb is done.




[ARKADE BB START] Basic Block is detected -> event_bb_insert is called.

	Instruction: push   %rbp %rsp -> %rsp 0xfffffff8(%rsp)[8byte]
	Instruction: mov    %rsp -> %rbp
	Instruction: push   %r15 %rsp -> %rsp 0xfffffff8(%rsp)[8byte]
	Instruction: mov    %rsi -> %r15
	Instruction: push   %r14 %rsp -> %rsp 0xfffffff8(%rsp)[8byte]
	Instruction: push   %r13 %rsp -> %rsp 0xfffffff8(%rsp)[8byte]
	Instruction: mov    %rdi -> %r13
	Instruction: push   %r12 %rsp -> %rsp 0xfffffff8(%rsp)[8byte]
	Instruction: push   %rbx %rsp -> %rsp 0xfffffff8(%rsp)[8byte]
	Instruction: sub    $0x0000000000000018 %rsp -> %rsp
	Instruction: mov    0x20(%rsi)[8byte] -> %r12
	Instruction: mov    0x08(%rsi)[8byte] -> %r9
	Instruction: lea    (%r9,%r12) -> %rax
	Instruction: cmp    %rax (%rcx)[8byte]
	Instruction: jnbe   $0x00007f43bd995ad0
[ARKADE BB END] handling event_bb is done.




[ARKADE BB START] Basic Block is detected -> event_bb_insert is called.

	Instruction: mov    %edx -> %r8d
	Instruction: cmp    %r12 $0x000000000000ffff
	Instruction: jbe    $0x00007f43bd995b48
[ARKADE BB END] handling event_bb is done.




[ARKADE BB START] Basic Block is detected -> event_bb_insert is called.

	Instruction: lea    0x17(%r12) -> %rax
	Instruction: mov    %rsp -> %rdi
	Instruction: mov    %rax -> %rdx
	Instruction: and    $0xfffffffffffff000 %rax -> %rax
	Instruction: sub    %rax %rdi -> %rdi
	Instruction: and    $0xfffffffffffffff0 %rdx -> %rdx
	Instruction: mov    %rdi -> %rax
	Instruction: cmp    %rsp %rax
	Instruction: jz     $0x00007f43bd995b7d
[ARKADE BB END] handling event_bb is done.




[ARKADE BB START] Basic Block is detected -> event_bb_insert is called.

	Instruction: and    $0x00000fff %edx -> %edx
	Instruction: sub    %rdx %rsp -> %rsp
	Instruction: test   %rdx %rdx
	Instruction: jz     $0x00007f43bd995b91
[ARKADE BB END] handling event_bb is done.




[ARKADE BB START] Basic Block is detected -> event_bb_insert is called.

	Instruction: or     $0x0000000000000000 0xfffffff8(%rsp,%rdx)[8byte] -> 0xfffffff8(%rsp,%rdx)[8byte]
	Instruction: lea    0x0f(%rsp) -> %rbx
	Instruction: mov    %r9 -> %rcx
	Instruction: mov    %r12 -> %rdx
	Instruction: mov    %r8d -> %edi
	Instruction: and    $0xfffffffffffffff0 %rbx -> %rbx
	Instruction: mov    %rbx -> %rsi
	Instruction: call   $0x00007f43bd9ae050 %rsp -> %rsp 0xfffffff8(%rsp)[8byte]
[ARKADE BB END] handling event_bb is done.




[ARKADE BB START] Basic Block is detected -> event_bb_insert is called.

	Instruction: cmp    %rax %r12
	Instruction: jnz    $0x00007f43bd995c32
[ARKADE BB END] handling event_bb is done.




[ARKADE BB START] Basic Block is detected -> event_bb_insert is called.

	Instruction: test   0x00000321(%r13)[1byte] $0x07
	Instruction: jnz    $0x00007f43bd995b32
[ARKADE BB END] handling event_bb is done.




[ARKADE BB START] Basic Block is detected -> event_bb_insert is called.

	Instruction: cmp    0x30(%r15)[8byte] $0x0000000000000008
	Instruction: jnz    $0x00007f43bd995b32
[ARKADE BB END] handling event_bb is done.




[ARKADE BB START] Basic Block is detected -> event_bb_insert is called.

	Instruction: mov    %rbx -> %rax
	Instruction: cmp    %r12 $0x000000000000000c
	Instruction: jnbe   $0x00007f43bd9959e6
[ARKADE BB END] handling event_bb is done.




[ARKADE BB START] Basic Block is detected -> event_bb_insert is called.

	Instruction: xor    %r14d %r14d -> %r14d
	Instruction: mov    $0x0000000c -> %r15d
	Instruction: mov    $0x00000000 -> 0xffffffc8(%rbp)[4byte]
	Instruction: xor    %edi %edi -> %edi
	Instruction: sub    %rax %r15 -> %r15
	Instruction: jmp    $0x00007f43bd995a24
[ARKADE BB END] handling event_bb is done.




[ARKADE BB START] Basic Block is detected -> event_bb_insert is called.

	Instruction: mov    (%rbx)[4byte] -> %eax
	Instruction: cmp    %eax $0x00000004
	Instruction: jnz    $0x00007f43bd995a00
[ARKADE BB END] handling event_bb is done.




[ARKADE BB START] Basic Block is detected -> event_bb_insert is called.

	Instruction: cmp    0x08(%rbx)[4byte] $0x00000005
	Instruction: jnz    $0x00007f43bd995a00
[ARKADE BB END] handling event_bb is done.




[ARKADE BB START] Basic Block is detected -> event_bb_insert is called.

	Instruction: cmp    0x0c(%rbx)[4byte] $0x00554e47
	Instruction: jnz    $0x00007f43bd995a00
[ARKADE BB END] handling event_bb is done.




[ARKADE BB START] Basic Block is detected -> event_bb_insert is called.

	Instruction: movzx  0x00000321(%r13)[1byte] -> %edx
	Instruction: test   %dl $0x07
	Instruction: jnz    $0x00007f43bd995b25
[ARKADE BB END] handling event_bb is done.




[ARKADE BB START] Basic Block is detected -> event_bb_insert is called.

	Instruction: and    $0xfffffff8 %edx -> %edx
	Instruction: or     $0x00000001 %edx -> %edx
	Instruction: mov    %dl -> 0x00000321(%r13)[1byte]
	Instruction: mov    0x04(%rbx)[4byte] -> %esi
	Instruction: cmp    %esi $0x00000007
	Instruction: jbe    $0x00007f43bd995b25
[ARKADE BB END] handling event_bb is done.




[ARKADE BB START] Basic Block is detected -> event_bb_insert is called.

	Instruction: test   %sil $0x07
	Instruction: jnz    $0x00007f43bd995b25
[ARKADE BB END] handling event_bb is done.




[ARKADE BB START] Basic Block is detected -> event_bb_insert is called.

	Instruction: lea    0x10(%rbx) -> %rcx
	Instruction: lea    (%rcx,%rsi) -> %r9
	Instruction: jmp    $0x00007f43bd995ac2
[ARKADE BB END] handling event_bb is done.




[ARKADE BB START] Basic Block is detected -> event_bb_insert is called.

	Instruction: mov    %edi -> %edx
	Instruction: mov    (%rcx)[4byte] -> %edi
	Instruction: mov    0x04(%rcx)[4byte] -> %r10d
	Instruction: cmp    %edi %edx
	Instruction: jnb    $0x00007f43bd995a80
[ARKADE BB END] handling event_bb is done.




[ARKADE BB START] Basic Block is detected -> event_bb_insert is called.

	Instruction: lea    0x08(%rcx) -> %r8
	Instruction: mov    %r10d -> %edx
	Instruction: lea    (%r8,%rdx) -> %r11
	Instruction: cmp    %r9 %r11
	Instruction: jb     $0x00007f43bd995b25
[ARKADE BB END] handling event_bb is done.




[ARKADE BB START] Basic Block is detected -> event_bb_insert is called.

	Instruction: cmp    %edi $0xc0000002
	Instruction: jz     $0x00007f43bd995c10
[ARKADE BB END] handling event_bb is done.




[ARKADE BB START] Basic Block is detected -> event_bb_insert is called.

	Instruction: cmp    %r10d $0x00000004
	Instruction: jnz    $0x00007f43bd995b25
[ARKADE BB END] handling event_bb is done.




[ARKADE BB START] Basic Block is detected -> event_bb_insert is called.

	Instruction: mov    0x08(%rcx)[4byte] -> %ecx
	Instruction: mov    %ecx -> 0xffffffc8(%rbp)[4byte]
	Instruction: jmp    $0x00007f43bd995a03
[ARKADE BB END] handling event_bb is done.




[ARKADE BB START] Basic Block is detected -> event_bb_insert is called.

	Instruction: add    $0x0000000000000013 %rax -> %rax
	Instruction: and    $0xfffffffffffffff8 %rax -> %rax
	Instruction: lea    0x07(%rsi,%rax) -> %rax
	Instruction: and    $0xfffffffffffffff8 %rax -> %rax
	Instruction: add    %rax %rbx -> %rbx
	Instruction: lea    (%rbx,%r15) -> %rax
	Instruction: cmp    %r12 %rax
	Instruction: jbe    $0x00007f43bd995be0
[ARKADE BB END] handling event_bb is done.




[ARKADE BB START] Basic Block is detected -> event_bb_insert is called.

	Instruction: mov    0xffffffc8(%rbp)[4byte] -> %esi
	Instruction: mov    %esi -> %eax
	Instruction: and    $0x00000002 %eax -> %eax
	Instruction: and    $0x00000001 %esi -> %esi
	Instruction: jz     $0x00007f43bd995bf5
[ARKADE BB END] handling event_bb is done.




[ARKADE BB START] Basic Block is detected -> event_bb_insert is called.

	Instruction: or     $0x02 0x00000321(%r13)[1byte] -> 0x00000321(%r13)[1byte]
	Instruction: test   %eax %eax
	Instruction: jz     $0x00007f43bd995b25
[ARKADE BB END] handling event_bb is done.




[ARKADE BB START] Basic Block is detected -> event_bb_insert is called.

	Instruction: or     $0x04 0x00000321(%r13)[1byte] -> 0x00000321(%r13)[1byte]
	Instruction: jmp    $0x00007f43bd995b25
[ARKADE BB END] handling event_bb is done.




[ARKADE BB START] Basic Block is detected -> event_bb_insert is called.

	Instruction: test   %r14 %r14
	Instruction: jz     $0x00007f43bd995b32
[ARKADE BB END] handling event_bb is done.




[ARKADE BB START] Basic Block is detected -> event_bb_insert is called.

	Instruction: xor    %eax %eax -> %eax
	Instruction: lea    0xffffffd8(%rbp) -> %rsp
	Instruction: pop    %rsp (%rsp)[8byte] -> %rbx %rsp
	Instruction: pop    %rsp (%rsp)[8byte] -> %r12 %rsp
	Instruction: pop    %rsp (%rsp)[8byte] -> %r13 %rsp
	Instruction: pop    %rsp (%rsp)[8byte] -> %r14 %rsp
	Instruction: pop    %rsp (%rsp)[8byte] -> %r15 %rsp
	Instruction: pop    %rsp (%rsp)[8byte] -> %rbp %rsp
	Instruction: ret    %rsp (%rsp)[8byte] -> %rsp
[ARKADE BB END] handling event_bb is done.




[ARKADE BB START] Basic Block is detected -> event_bb_insert is called.

	Instruction: test   %eax %eax
	Instruction: jnz    $0x00007f43bd9971ed
[ARKADE BB END] handling event_bb is done.




[ARKADE BB START] Basic Block is detected -> event_bb_insert is called.

	Instruction: movzx  0x000002b8(%r12)[2byte] -> %eax
	Instruction: jmp    $0x00007f43bd996288
[ARKADE BB END] handling event_bb is done.




[ARKADE BB START] Basic Block is detected -> event_bb_insert is called.

	Instruction: mov    0x28(%rbx)[8byte] -> %rdx
	Instruction: test   %rdx %rdx
	Instruction: jz     $0x00007f43bd996288
[ARKADE BB END] handling event_bb is done.




[ARKADE BB START] Basic Block is detected -> event_bb_insert is called.

	Instruction: mov    %rdx -> 0x00000438(%r12)[8byte]
	Instruction: mov    0x30(%rbx)[8byte] -> %rdx
	Instruction: mov    %rdx -> 0x00000440(%r12)[8byte]
	Instruction: mov    0x10(%rbx)[8byte] -> %rsi
	Instruction: lea    0xffffffff(%rdx) -> %rcx
	Instruction: and    %rsi %rcx -> %rcx
	Instruction: test   %rdx %rdx
	Instruction: cmovnz %rcx -> %rdx
	Instruction: mov    %rdx -> 0x00000448(%r12)[8byte]
	Instruction: mov    0x20(%rbx)[8byte] -> %rdx
	Instruction: mov    %rsi -> 0x00000428(%r12)[8byte]
	Instruction: mov    %rdx -> 0x00000430(%r12)[8byte]
	Instruction: movzx  0x0000031c(%r12)[1byte] -> %edx
	Instruction: and    $0x00000003 %edx -> %edx
	Instruction: cmp    %dl $0x01
	Instruction: jz     $0x00007f43bd996288
[ARKADE BB END] handling event_bb is done.




[ARKADE BB START] Basic Block is detected -> event_bb_insert is called.

	Instruction: cmp    %edx $0x6474e551
	Instruction: jz     $0x00007f43bd996638
[ARKADE BB END] handling event_bb is done.




[ARKADE BB START] Basic Block is detected -> event_bb_insert is called.

	Instruction: cmp    %edx $0x6474e552
	Instruction: jnz    $0x00007f43bd996288
[ARKADE BB END] handling event_bb is done.




[ARKADE BB START] Basic Block is detected -> event_bb_insert is called.

	Instruction: mov    0x04(%rbx)[4byte] -> %edi
	Instruction: mov    %rdi -> 0xffffff00(%rbp)[8byte]
	Instruction: jmp    $0x00007f43bd996288
[ARKADE BB END] handling event_bb is done.




[ARKADE BB START] Basic Block is detected -> event_bb_insert is called.

	Instruction: movdqu 0x10(%rbx)[16byte] -> %xmm0
	Instruction: movdqu 0x20(%rbx)[16byte] -> %xmm1
	Instruction: shufpd %xmm1 $0x02 %xmm0 -> %xmm0
	Instruction: movups %xmm0 -> 0x00000468(%r12)[16byte]
	Instruction: jmp    $0x00007f43bd996288
[ARKADE BB END] handling event_bb is done.




[ARKADE BB START] Basic Block is detected -> event_bb_insert is called.

	Instruction: test   %r15 %r15
	Instruction: jz     $0x00007f43bd996dd0
[ARKADE BB END] handling event_bb is done.




[ARKADE BB START] Basic Block is detected -> event_bb_insert is called.

	Instruction: movzx  0xfffffed0(%rbp)[2byte] -> %ecx
	Instruction: mov    %ecx -> 0xfffffecc(%rbp)[4byte]
	Instruction: data16 cmp    %cx $0x0003
	Instruction: jnz    $0x00007f43bd996e10
[ARKADE BB END] handling event_bb is done.




[ARKADE BB START] Basic Block is detected -> event_bb_insert is called.

	Instruction: mov    0xfffffec0(%rbp)[8byte] -> %rdi
	Instruction: mov    0xffffff28(%rbp)[8byte] -> %rcx
	Instruction: lea    0xfffffffd(%r15,%r15,2) -> %rax
	Instruction: shl    $0x0000000000000004 %rax -> %rax
	Instruction: mov    0xffffff24(%rbp)[4byte] -> %r8d
	Instruction: mov    0x00(,%rdi,8)[8byte] -> %rbx
	Instruction: mov    0x18(%rcx,%rax)[8byte] -> %rax
	Instruction: mov    $0x00000802 -> %ecx
	Instruction: mov    0x28(,%rdi,8)[4byte] -> %r13d
	Instruction: sub    %rbx %rax -> %rax
	Instruction: mov    %rax -> 0xfffffed0(%rbp)[8byte]
	Instruction: mov    %rax -> %rsi
	Instruction: mov    %rdi -> %rax
	Instruction: mov    %r13d -> %edx
	Instruction: mov    <rel> 0x00007f43bd9bc780[8byte] -> %rdi
	Instruction: mov    0x20(,%rax,8)[8byte] -> %r9
	Instruction: and    %rbx %rdi -> %rdi
	Instruction: call   $0x00007f43bd9ae160 %rsp -> %rsp 0xfffffff8(%rsp)[8byte]
[ARKADE BB END] handling event_bb is done.




[ARKADE BB START] Basic Block is detected -> event_bb_insert is called.

	Instruction: mov    %rax -> 0x00000350(%r12)[8byte]
	Instruction: cmp    %rax $0xffffffffffffffff
	Instruction: jz     $0x00007f43bd99649c
[ARKADE BB END] handling event_bb is done.




[ARKADE BB START] Basic Block is detected -> event_bb_insert is called.

	Instruction: mov    0xfffffed0(%rbp)[8byte] -> %rcx
	Instruction: lea    (%rax,%rcx) -> %rdx
	Instruction: sub    %rbx %rax -> %rax
	Instruction: cmp    0xffffff08(%rbp)[1byte] $0x00
	Instruction: mov    %rdx -> 0x00000358(%r12)[8byte]
	Instruction: mov    %rax -> (%r12)[8byte]
	Instruction: jz     $0x00007f43bd996393
[ARKADE BB END] handling event_bb is done.




[ARKADE BB START] Basic Block is detected -> event_bb_insert is called.

	Instruction: or     $0x40 0x0000031d(%r12)[1byte] -> 0x0000031d(%r12)[1byte]
	Instruction: mov    0xffffff28(%rbp)[8byte] -> %rbx
	Instruction: test   %r13l $0x04
	Instruction: jz     $0x00007f43bd9963b9
[ARKADE BB END] handling event_bb is done.




[ARKADE BB START] Basic Block is detected -> event_bb_insert is called.

	Instruction: cmp    0x000002a8(%r12)[8byte] $0x0000000000000000
	Instruction: jz     $0x00007f43bd996b95
[ARKADE BB END] handling event_bb is done.




[ARKADE BB START] Basic Block is detected -> event_bb_insert is called.

	Instruction: mov    0x18(%rbx)[8byte] -> %rax
	Instruction: mov    0x10(%rbx)[8byte] -> %rdx
	Instruction: cmp    %rax %rdx
	Instruction: jbe    $0x00007f43bd996440
[ARKADE BB END] handling event_bb is done.




[ARKADE BB START] Basic Block is detected -> event_bb_insert is called.

	Instruction: add    $0x0000000000000030 %rbx -> %rbx
	Instruction: lea    (%r15,%r15,2) -> %rax
	Instruction: shl    $0x0000000000000004 %rax -> %rax
	Instruction: add    0xffffff28(%rbp)[8byte] %rax -> %rax
	Instruction: cmp    %rbx %rax
	Instruction: jnb    $0x00007f43bd9966c9
[ARKADE BB END] handling event_bb is done.




[ARKADE BB START] Basic Block is detected -> event_bb_insert is called.

	Instruction: mov    0x08(%rbx)[8byte] -> %rsi
	Instruction: mov    (%rbx)[8byte] -> %rax
	Instruction: mov    0x28(%rbx)[4byte] -> %r13d
	Instruction: cmp    %rsi %rax
	Instruction: jbe    $0x00007f43bd9963a3
[ARKADE BB END] handling event_bb is done.




[ARKADE BB START] Basic Block is detected -> event_bb_insert is called.

	Instruction: sub    %rax %rsi -> %rsi
	Instruction: mov    0x20(%rbx)[8byte] -> %r9
	Instruction: add    (%r12)[8byte] %rax -> %rax
	Instruction: mov    $0x00000812 -> %ecx
	Instruction: mov    0xffffff24(%rbp)[4byte] -> %r8d
	Instruction: mov    %rax -> %rdi
	Instruction: mov    %r13d -> %edx
	Instruction: call   $0x00007f43bd9ae160 %rsp -> %rsp 0xfffffff8(%rsp)[8byte]
[ARKADE BB END] handling event_bb is done.




[ARKADE BB START] Basic Block is detected -> event_bb_insert is called.

	Instruction: cmp    %rax $0xffffffffffffffff
	Instruction: jnz    $0x00007f43bd9963a3
[ARKADE BB END] handling event_bb is done.




[ARKADE BB START] Basic Block is detected -> event_bb_insert is called.

	Instruction: test   %r13l $0x04
	Instruction: jz     $0x00007f43bd9963b9
[ARKADE BB END] handling event_bb is done.




[ARKADE BB START] Basic Block is detected -> event_bb_insert is called.

	Instruction: mov    0x08(%rbx)[8byte] -> %rax
	Instruction: add    (%r12)[8byte] %rax -> %rax
	Instruction: mov    %rax -> 0x00000360(%r12)[8byte]
	Instruction: cmp    0x000002a8(%r12)[8byte] $0x0000000000000000
	Instruction: jz     $0x00007f43bd996b95
[ARKADE BB END] handling event_bb is done.




[ARKADE BB START] Basic Block is detected -> event_bb_insert is called.

	Instruction: mov    (%r12)[8byte] -> %rcx
	Instruction: mov    <rel> 0x00007f43bd9bc638[8byte] -> %rsi
	Instruction: lea    (%rdx,%rcx) -> %r8
	Instruction: add    %rax %rcx -> %rcx
	Instruction: mov    %rsi -> %rax
	Instruction: neg    %rax -> %rax
	Instruction: lea    0xffffffff(%r8,%rsi) -> %r10
	Instruction: and    %rax %r10 -> %r10
	Instruction: cmp    %rcx %r10
	Instruction: cmovbe %rcx -> %r10
	Instruction: cmp    %r8 %r10
	Instruction: jnb    $0x00007f43bd996437
[ARKADE BB END] handling event_bb is done.




[ARKADE BB START] Basic Block is detected -> event_bb_insert is called.

	Instruction: test   %r13l $0x02
	Instruction: jz     $0x00007f43bd996d2a
[ARKADE BB END] handling event_bb is done.




[ARKADE BB START] Basic Block is detected -> event_bb_insert is called.

	Instruction: mov    %r10 -> %rdx
	Instruction: xor    %esi %esi -> %esi
	Instruction: mov    %r8 -> %rdi
	Instruction: mov    %rcx -> 0xfffffec0(%rbp)[8byte]
	Instruction: sub    %r8 %rdx -> %rdx
	Instruction: mov    %r10 -> 0xffffff08(%rbp)[8byte]
	Instruction: call   $0x00007f43bd9b2580 %rsp -> %rsp 0xfffffff8(%rsp)[8byte]
[ARKADE BB END] handling event_bb is done.




[ARKADE BB START] Basic Block is detected -> event_bb_insert is called.

	Instruction: cmp    %rdx $0x0000000000000040
	Instruction: jnbe   $0x00007f43bd9b25cf
[ARKADE BB END] handling event_bb is done.




[ARKADE BB START] Basic Block is detected -> event_bb_insert is called.

	Instruction: lea    0x40(%rdi) -> %rcx
	Instruction: movdqu %xmm0 -> (%rdi)[16byte]
	Instruction: and    $0xffffffffffffffc0 %rcx -> %rcx
	Instruction: movdqu %xmm0 -> 0xfffffff0(%rdi,%rdx)[16byte]
	Instruction: movdqu %xmm0 -> 0x10(%rdi)[16byte]
	Instruction: movdqu %xmm0 -> 0xffffffe0(%rdi,%rdx)[16byte]
	Instruction: movdqu %xmm0 -> 0x20(%rdi)[16byte]
	Instruction: movdqu %xmm0 -> 0xffffffd0(%rdi,%rdx)[16byte]
	Instruction: movdqu %xmm0 -> 0x30(%rdi)[16byte]
	Instruction: movdqu %xmm0 -> 0xffffffc0(%rdi,%rdx)[16byte]
	Instruction: add    %rdi %rdx -> %rdx
	Instruction: and    $0xffffffffffffffc0 %rdx -> %rdx
	Instruction: cmp    %rcx %rdx
	Instruction: jz     $0x00007f43bd9b25ce
[ARKADE BB END] handling event_bb is done.




[ARKADE BB START] Basic Block is detected -> event_bb_insert is called.

	Instruction: movdqa %xmm0 -> (%rcx)[16byte]
	Instruction: movdqa %xmm0 -> 0x10(%rcx)[16byte]
	Instruction: movdqa %xmm0 -> 0x20(%rcx)[16byte]
	Instruction: movdqa %xmm0 -> 0x30(%rcx)[16byte]
	Instruction: add    $0x0000000000000040 %rcx -> %rcx
	Instruction: cmp    %rdx %rcx
	Instruction: jnz    $0x00007f43bd9b260e
[ARKADE BB END] handling event_bb is done.




[ARKADE BB START] Basic Block is detected -> event_bb_insert is called.

	Instruction: ret    %rsp (%rsp)[8byte] -> %rsp
[ARKADE BB END] handling event_bb is done.




[ARKADE BB START] Basic Block is detected -> event_bb_insert is called.

	Instruction: mov    0xffffff08(%rbp)[8byte] -> %r10
	Instruction: mov    0xfffffec0(%rbp)[8byte] -> %rcx
	Instruction: cmp    %rcx %r10
	Instruction: jnbe   $0x00007f43bd996c04
[ARKADE BB END] handling event_bb is done.




[ARKADE BB START] Basic Block is detected -> event_bb_insert is called.

	Instruction: sub    %r10 %rcx -> %rcx
	Instruction: xor    %r9d %r9d -> %r9d
	Instruction: mov    $0xffffffff -> %r8d
	Instruction: mov    %r13d -> %edx
	Instruction: mov    %rcx -> %rsi
	Instruction: mov    %r10 -> %rdi
	Instruction: mov    $0x00000032 -> %ecx
	Instruction: call   $0x00007f43bd9ae160 %rsp -> %rsp 0xfffffff8(%rsp)[8byte]
[ARKADE BB END] handling event_bb is done.




[ARKADE BB START] Basic Block is detected -> event_bb_insert is called.

	Instruction: cmp    %rax $0xffffffffffffffff
	Instruction: jnz    $0x00007f43bd996440
[ARKADE BB END] handling event_bb is done.




[ARKADE BB START] Basic Block is detected -> event_bb_insert is called.

	Instruction: mov    0x10(%r12)[8byte] -> %rax
	Instruction: mov    0xfffffee0(%rbp)[8byte] -> %rsp
	Instruction: test   %rax %rax
	Instruction: jz     $0x00007f43bd996db6
[ARKADE BB END] handling event_bb is done.




[ARKADE BB START] Basic Block is detected -> event_bb_insert is called.

	Instruction: mov    (%r12)[8byte] -> %r10
	Instruction: add    %r10 %rax -> %rax
	Instruction: mov    %rax -> 0x10(%r12)[8byte]
	Instruction: jz     $0x00007f43bd996dc3
[ARKADE BB END] handling event_bb is done.




[ARKADE BB START] Basic Block is detected -> event_bb_insert is called.

	Instruction: mov    (%rax)[8byte] -> %rdx
	Instruction: lea    0x40(%r12) -> %rcx
	Instruction: test   %rdx %rdx
	Instruction: jz     $0x00007f43bd9967a3
[ARKADE BB END] handling event_bb is done.




[ARKADE BB START] Basic Block is detected -> event_bb_insert is called.

	Instruction: mov    $0x6fffffff -> %edi
	Instruction: mov    $0x6ffffdff -> %ebx
	Instruction: mov    $0x6ffffeff -> %r13d
	Instruction: mov    $0x6ffffe35 -> %r15d
	Instruction: mov    $0x00000032 -> %r11d
	Instruction: mov    $0x70000022 -> %r9d
	Instruction: jmp    $0x00007f43bd99674b
[ARKADE BB END] handling event_bb is done.




[ARKADE BB START] Basic Block is detected -> event_bb_insert is called.

	Instruction: cmp    %rdx $0x0000000000000022
	Instruction: jnbe   $0x00007f43bd996728
[ARKADE BB END] handling event_bb is done.




[ARKADE BB START] Basic Block is detected -> event_bb_insert is called.

	Instruction: mov    %rax -> (%rcx,%rdx,8)[8byte]
	Instruction: jmp    $0x00007f43bd99673e
[ARKADE BB END] handling event_bb is done.




[ARKADE BB START] Basic Block is detected -> event_bb_insert is called.

	Instruction: mov    0x10(%rax)[8byte] -> %rdx
	Instruction: add    $0x0000000000000010 %rax -> %rax
	Instruction: test   %rdx %rdx
	Instruction: jz     $0x00007f43bd9967a3
[ARKADE BB END] handling event_bb is done.




[ARKADE BB START] Basic Block is detected -> event_bb_insert is called.

	Instruction: mov    %rdi -> %rsi
	Instruction: sub    %rdx %rsi -> %rsi
	Instruction: cmp    %rsi $0x000000000000000f
	Instruction: jnbe   $0x00007f43bd996760
[ARKADE BB END] handling event_bb is done.




[ARKADE BB START] Basic Block is detected -> event_bb_insert is called.

	Instruction: lea    (%rdx,%rdx) -> %esi
	Instruction: mov    %esi -> %r8d
	Instruction: sar    $0x00000001 %r8d -> %r8d
	Instruction: cmp    %esi $0xfffffff8
	Instruction: jbe    $0x00007f43bd99677a
[ARKADE BB END] handling event_bb is done.




[ARKADE BB START] Basic Block is detected -> event_bb_insert is called.

	Instruction: mov    %rbx -> %rsi
	Instruction: sub    %rdx %rsi -> %rsi
	Instruction: cmp    %rsi $0x000000000000000b
	Instruction: jbe    $0x00007f43bd996bf5
[ARKADE BB END] handling event_bb is done.




[ARKADE BB START] Basic Block is detected -> event_bb_insert is called.

	Instruction: mov    %r13 -> %rsi
	Instruction: sub    %rdx %rsi -> %rsi
	Instruction: cmp    %rsi $0x000000000000000a
	Instruction: jnbe   $0x00007f43bd99673e
[ARKADE BB END] handling event_bb is done.




[ARKADE BB START] Basic Block is detected -> event_bb_insert is called.

	Instruction: mov    $0x6fffff41 -> %esi
	Instruction: sub    %rdx %rsi -> %rsi
	Instruction: mov    %rsi -> %rdx
	Instruction: jmp    $0x00007f43bd996751
[ARKADE BB END] handling event_bb is done.




[ARKADE BB START] Basic Block is detected -> event_bb_insert is called.

	Instruction: mov    %r9 -> %rsi
	Instruction: sub    %rdx %rsi -> %rsi
	Instruction: mov    %rax -> (%rcx,%rsi,8)[8byte]
	Instruction: mov    0x10(%rax)[8byte] -> %rdx
	Instruction: add    $0x0000000000000010 %rax -> %rax
	Instruction: test   %rdx %rdx
	Instruction: jz     $0x00007f43bd9967a3
[ARKADE BB END] handling event_bb is done.




[ARKADE BB START] Basic Block is detected -> event_bb_insert is called.

	Instruction: test   %r10 %r10
	Instruction: jz     $0x00007f43bd996821
[ARKADE BB END] handling event_bb is done.




[ARKADE BB START] Basic Block is detected -> event_bb_insert is called.

	Instruction: mov    0x60(%r12)[8byte] -> %rax
	Instruction: test   %rax %rax
	Instruction: jz     $0x00007f43bd9967b6
[ARKADE BB END] handling event_bb is done.




[ARKADE BB START] Basic Block is detected -> event_bb_insert is called.

	Instruction: add    %r10 0x08(%rax)[8byte] -> 0x08(%rax)[8byte]
	Instruction: mov    0x58(%r12)[8byte] -> %rax
	Instruction: test   %rax %rax
	Instruction: jz     $0x00007f43bd9967c4
[ARKADE BB END] handling event_bb is done.




[ARKADE BB START] Basic Block is detected -> event_bb_insert is called.

	Instruction: add    %r10 0x08(%rax)[8byte] -> 0x08(%rax)[8byte]
	Instruction: mov    0x68(%r12)[8byte] -> %rax
	Instruction: test   %rax %rax
	Instruction: jz     $0x00007f43bd9967d2
[ARKADE BB END] handling event_bb is done.




[ARKADE BB START] Basic Block is detected -> event_bb_insert is called.

	Instruction: add    %r10 0x08(%rax)[8byte] -> 0x08(%rax)[8byte]
	Instruction: mov    0x70(%r12)[8byte] -> %rax
	Instruction: test   %rax %rax
	Instruction: jz     $0x00007f43bd9967e0
[ARKADE BB END] handling event_bb is done.




[ARKADE BB START] Basic Block is detected -> event_bb_insert is called.

	Instruction: add    %r10 0x08(%rax)[8byte] -> 0x08(%rax)[8byte]
	Instruction: mov    0x78(%r12)[8byte] -> %rax
	Instruction: test   %rax %rax
	Instruction: jz     $0x00007f43bd9967ee
[ARKADE BB END] handling event_bb is done.




[ARKADE BB START] Basic Block is detected -> event_bb_insert is called.

	Instruction: add    %r10 0x08(%rax)[8byte] -> 0x08(%rax)[8byte]
	Instruction: mov    0xf8(%r12)[8byte] -> %rax
	Instruction: test   %rax %rax
	Instruction: jz     $0x00007f43bd9967ff
[ARKADE BB END] handling event_bb is done.




[ARKADE BB START] Basic Block is detected -> event_bb_insert is called.

	Instruction: add    %r10 0x08(%rax)[8byte] -> 0x08(%rax)[8byte]
	Instruction: mov    0x000001d0(%r12)[8byte] -> %rax
	Instruction: test   %rax %rax
	Instruction: jz     $0x00007f43bd996810
[ARKADE BB END] handling event_bb is done.




[ARKADE BB START] Basic Block is detected -> event_bb_insert is called.

	Instruction: add    %r10 0x08(%rax)[8byte] -> 0x08(%rax)[8byte]
	Instruction: mov    0x000002a0(%r12)[8byte] -> %rax
	Instruction: test   %rax %rax
	Instruction: jz     $0x00007f43bd996821
[ARKADE BB END] handling event_bb is done.




[ARKADE BB START] Basic Block is detected -> event_bb_insert is called.

	Instruction: add    %r10 0x08(%rax)[8byte] -> 0x08(%rax)[8byte]
	Instruction: mov    0xe0(%r12)[8byte] -> %rax
	Instruction: test   %rax %rax
	Instruction: jz     $0x00007f43bd996839
[ARKADE BB END] handling event_bb is done.




[ARKADE BB START] Basic Block is detected -> event_bb_insert is called.

	Instruction: cmp    0x08(%rax)[8byte] $0x0000000000000007
	Instruction: jnz    $0x00007f43bd99725a
[ARKADE BB END] handling event_bb is done.




[ARKADE BB START] Basic Block is detected -> event_bb_insert is called.

	Instruction: cmp    0x78(%r12)[8byte] $0x0000000000000000
	Instruction: jz     $0x00007f43bd996854
[ARKADE BB END] handling event_bb is done.




[ARKADE BB START] Basic Block is detected -> event_bb_insert is called.

	Instruction: mov    0x88(%r12)[8byte] -> %rax
	Instruction: cmp    0x08(%rax)[8byte] $0x0000000000000018
	Instruction: jnz    $0x00007f43bd99723b
[ARKADE BB END] handling event_bb is done.




[ARKADE BB START] Basic Block is detected -> event_bb_insert is called.

	Instruction: mov    0x00000130(%r12)[8byte] -> %rax
	Instruction: test   %rax %rax
	Instruction: jz     $0x00007f43bd996890
[ARKADE BB END] handling event_bb is done.




[ARKADE BB START] Basic Block is detected -> event_bb_insert is called.

	Instruction: mov    0x08(%rax)[8byte] -> %rdx
	Instruction: mov    %edx -> 0x000003e8(%r12)[4byte]
	Instruction: test   %dl $0x02
	Instruction: jz     $0x00007f43bd99687a
[ARKADE BB END] handling event_bb is done.




[ARKADE BB START] Basic Block is detected -> event_bb_insert is called.

	Instruction: test   %dl $0x04
	Instruction: jz     $0x00007f43bd996887
[ARKADE BB END] handling event_bb is done.




[ARKADE BB START] Basic Block is detected -> event_bb_insert is called.

	Instruction: and    $0x00000008 %edx -> %edx
	Instruction: jnz    $0x00007f43bd996c67
[ARKADE BB END] handling event_bb is done.




[ARKADE BB START] Basic Block is detected -> event_bb_insert is called.

	Instruction: mov    0x00000178(%r12)[8byte] -> %rax
	Instruction: test   %rax %rax
	Instruction: jz     $0x00007f43bd996ead
[ARKADE BB END] handling event_bb is done.




[ARKADE BB START] Basic Block is detected -> event_bb_insert is called.

	Instruction: mov    0x000003e4(%r12)[4byte] -> %eax
	Instruction: jmp    $0x00007f43bd9968cd
[ARKADE BB END] handling event_bb is done.




[ARKADE BB START] Basic Block is detected -> event_bb_insert is called.

	Instruction: cmp    0x00000128(%r12)[8byte] $0x0000000000000000
	Instruction: jz     $0x00007f43bd9968e4
[ARKADE BB END] handling event_bb is done.




[ARKADE BB START] Basic Block is detected -> event_bb_insert is called.

	Instruction: test   %al $0x40
	Instruction: jz     $0x00007f43bd9968f3
[ARKADE BB END] handling event_bb is done.




[ARKADE BB START] Basic Block is detected -> event_bb_insert is called.

	Instruction: test   %eax $0x08000000
	Instruction: jz     $0x00007f43bd996908
[ARKADE BB END] handling event_bb is done.




[ARKADE BB START] Basic Block is detected -> event_bb_insert is called.

	Instruction: mov    0x000002a8(%r12)[8byte] -> %rax
	Instruction: test   %rax %rax
	Instruction: jz     $0x00007f43bd996eba
[ARKADE BB END] handling event_bb is done.




[ARKADE BB START] Basic Block is detected -> event_bb_insert is called.

	Instruction: add    (%r12)[8byte] %rax -> %rax
	Instruction: mov    %rax -> 0x000002a8(%r12)[8byte]
	Instruction: mov    <rel> 0x00007f43bd9bdf98[4byte] -> %eax
	Instruction: not    %eax -> %eax
	Instruction: and    0xffffff00(%rbp)[8byte] %rax -> %rax
	Instruction: test   %al $0x01
	Instruction: jnz    $0x00007f43bd996f36
[ARKADE BB END] handling event_bb is done.




[ARKADE BB START] Basic Block is detected -> event_bb_insert is called.

	Instruction: mov    0x00000428(%r12)[8byte] -> %rax
	Instruction: test   %rax %rax
	Instruction: jz     $0x00007f43bd996955
[ARKADE BB END] handling event_bb is done.




[ARKADE BB START] Basic Block is detected -> event_bb_insert is called.

	Instruction: add    (%r12)[8byte] %rax -> %rax
	Instruction: mov    %rax -> 0x00000428(%r12)[8byte]
	Instruction: mov    0xffffff24(%rbp)[4byte] -> %edi
	Instruction: call   $0x00007f43bd9ade20 %rsp -> %rsp 0xfffffff8(%rsp)[8byte]
[ARKADE BB END] handling event_bb is done.




[ARKADE BB START] Basic Block is detected -> event_bb_insert is called.

	Instruction: test   %eax %eax
	Instruction: jnz    $0x00007f43bd996f2a
[ARKADE BB END] handling event_bb is done.




[ARKADE BB START] Basic Block is detected -> event_bb_insert is called.

	Instruction: cmp    0xfffffecc(%rbp)[4byte] $0x00000002
	Instruction: jz     $0x00007f43bd996ddc
[ARKADE BB END] handling event_bb is done.




[ARKADE BB START] Basic Block is detected -> event_bb_insert is called.

	Instruction: mov    0x000002b0(%r12)[8byte] -> %rax
	Instruction: mov    (%r12)[8byte] -> %r8
	Instruction: add    %r8 %rax -> %rax
	Instruction: mov    %rax -> 0x000002b0(%r12)[8byte]
	Instruction: test   <rel> 0x00007f43bd9bc620[1byte] $0x40
	Instruction: jnz    $0x00007f43bd996f8e
[ARKADE BB END] handling event_bb is done.




[ARKADE BB START] Basic Block is detected -> event_bb_insert is called.

	Instruction: mov    %r12 -> %rdi
	Instruction: call   $0x00007f43bd99c0b0 %rsp -> %rsp 0xfffffff8(%rsp)[8byte]
[ARKADE BB END] handling event_bb is done.




[ARKADE BB START] Basic Block is detected -> event_bb_insert is called.

	Instruction: test   0x18(%rbp)[1byte] $0x08
	Instruction: jnz    $0x00007f43bd996a0a
[ARKADE BB END] handling event_bb is done.




[ARKADE BB START] Basic Block is detected -> event_bb_insert is called.

	Instruction: cmp    0xc0(%r12)[8byte] $0x0000000000000000
	Instruction: jz     $0x00007f43bd996a0a
[ARKADE BB END] handling event_bb is done.




[ARKADE BB START] Basic Block is detected -> event_bb_insert is called.

	Instruction: test   0x000003e4(%r12)[1byte] $0x20
	Instruction: jnz    $0x00007f43bd996be9
[ARKADE BB END] handling event_bb is done.




[ARKADE BB START] Basic Block is detected -> event_bb_insert is called.

	Instruction: movdqa 0xffffff30(%rbp)[16byte] -> %xmm4
	Instruction: cmp    0xfffffed8(%rbp)[8byte] $0x0000000000000000
	Instruction: movups %xmm4 -> 0x000003a8(%r12)[16byte]
	Instruction: jnz    $0x00007f43bd996f78
[ARKADE BB END] handling event_bb is done.




[ARKADE BB START] Basic Block is detected -> event_bb_insert is called.

	Instruction: cmp    <rel> 0x00007f43bd9bc788[8byte] $0x0000000000000000
	Instruction: jnz    $0x00007f43bd996fdd
[ARKADE BB END] handling event_bb is done.




[ARKADE BB START] Basic Block is detected -> event_bb_insert is called.

	Instruction: cmp    0x00000438(%r12)[8byte] $0x0000000000000000
	Instruction: jz     $0x00007f43bd996a72
[ARKADE BB END] handling event_bb is done.




[ARKADE BB START] Basic Block is detected -> event_bb_insert is called.

	Instruction: movzx  0x0000031c(%r12)[1byte] -> %eax
	Instruction: and    $0x00000003 %eax -> %eax
	Instruction: cmp    %al $0x01
	Instruction: jnz    $0x00007f43bd997049
[ARKADE BB END] handling event_bb is done.




[ARKADE BB START] Basic Block is detected -> event_bb_insert is called.

	Instruction: call   $0x00007f43bd9a3360 %rsp -> %rsp 0xfffffff8(%rsp)[8byte]
[ARKADE BB END] handling event_bb is done.




[ARKADE BB START] Basic Block is detected -> event_bb_insert is called.

	Instruction: nop    %edx
	Instruction: cmp    <rel> 0x00007f43bd9bdf9c[1byte] $0x00
	Instruction: mov    <rel> 0x00007f43bd9bdfa0[8byte] -> %r8
	Instruction: jnz    $0x00007f43bd9a3380
[ARKADE BB END] handling event_bb is done.




[ARKADE BB START] Basic Block is detected -> event_bb_insert is called.

	Instruction: lea    0x01(%r8) -> %rax
	Instruction: mov    %rax -> <rel> 0x00007f43bd9bdfa0[8byte]
	Instruction: ret    %rsp (%rsp)[8byte] -> %rsp
[ARKADE BB END] handling event_bb is done.




[ARKADE BB START] Basic Block is detected -> event_bb_insert is called.

	Instruction: mov    %rax -> 0x00000458(%r12)[8byte]
	Instruction: mov    0x28(%rbp)[8byte] -> %rsi
	Instruction: mov    %r12 -> %rdi
	Instruction: call   $0x00007f43bd99c170 %rsp -> %rsp 0xfffffff8(%rsp)[8byte]
[ARKADE BB END] handling event_bb is done.




[ARKADE BB START] Basic Block is detected -> event_bb_insert is called.

	Instruction: mov    %rax -> %rdx
	Instruction: mov    0x18(%rax)[8byte] -> %rax
	Instruction: test   %rax %rax
	Instruction: jnz    $0x00007f43bd99c1b0
[ARKADE BB END] handling event_bb is done.




[ARKADE BB START] Basic Block is detected -> event_bb_insert is called.

	Instruction: mov    <rel> 0x00007f43bd9bc830[4byte] -> %eax
	Instruction: test   %eax %eax
	Instruction: jz     $0x00007f43bd9960d5
[ARKADE BB END] handling event_bb is done.




[ARKADE BB START] Basic Block is detected -> event_bb_insert is called.

	Instruction: lea    0xffffffd8(%rbp) -> %rsp
	Instruction: mov    %r12 -> %rax
	Instruction: pop    %rsp (%rsp)[8byte] -> %rbx %rsp
	Instruction: pop    %rsp (%rsp)[8byte] -> %r12 %rsp
	Instruction: pop    %rsp (%rsp)[8byte] -> %r13 %rsp
	Instruction: pop    %rsp (%rsp)[8byte] -> %r14 %rsp
	Instruction: pop    %rsp (%rsp)[8byte] -> %r15 %rsp
	Instruction: pop    %rsp (%rsp)[8byte] -> %rbp %rsp
	Instruction: ret    %rsp (%rsp)[8byte] -> %rsp
[ARKADE BB END] handling event_bb is done.




[ARKADE BB START] Basic Block is detected -> event_bb_insert is called.

	Instruction: add    $0x0000000000000020 %rsp -> %rsp
	Instruction: mov    %rax -> %r15
	Instruction: jmp    $0x00007f43bd99952f
[ARKADE BB END] handling event_bb is done.




[ARKADE BB START] Basic Block is detected -> event_bb_insert is called.

	Instruction: add    $0x00000000000003b8 %rsp -> %rsp
	Instruction: mov    %r15 -> %rax
	Instruction: pop    %rsp (%rsp)[8byte] -> %rbx %rsp
	Instruction: pop    %rsp (%rsp)[8byte] -> %rbp %rsp
	Instruction: pop    %rsp (%rsp)[8byte] -> %r12 %rsp
	Instruction: pop    %rsp (%rsp)[8byte] -> %r13 %rsp
	Instruction: pop    %rsp (%rsp)[8byte] -> %r14 %rsp
	Instruction: pop    %rsp (%rsp)[8byte] -> %r15 %rsp
	Instruction: ret    %rsp (%rsp)[8byte] -> %rsp
[ARKADE BB END] handling event_bb is done.




[ARKADE BB START] Basic Block is detected -> event_bb_insert is called.

	Instruction: mov    %rax -> 0x20(%rbx)[8byte]
	Instruction: pop    %rsp (%rsp)[8byte] -> %rbx %rsp
	Instruction: ret    %rsp (%rsp)[8byte] -> %rsp
[ARKADE BB END] handling event_bb is done.




[ARKADE BB START] Basic Block is detected -> event_bb_insert is called.

	Instruction: mov    (%rsp)[8byte] -> %rax
	Instruction: mov    0x08(%rsp)[8byte] -> %rcx
	Instruction: pxor   %xmm0 %xmm0 -> %xmm0
	Instruction: mov    %rcx -> <rel> 0x00007f43bd9be108[8byte]
	Instruction: mov    $0x0000000000000000 -> 0x10(%rax)[8byte]
	Instruction: movups %xmm0 -> (%rax)[16byte]
	Instruction: add    $0x0000000000000110 %rsp -> %rsp
	Instruction: mov    %r12d -> %eax
	Instruction: pop    %rsp (%rsp)[8byte] -> %r12 %rsp
	Instruction: ret    %rsp (%rsp)[8byte] -> %rsp
[ARKADE BB END] handling event_bb is done.




[ARKADE BB START] Basic Block is detected -> event_bb_insert is called.

	Instruction: cmp    0xfffffb78(%rbp)[8byte] $0x0000000000000000
	Instruction: jnz    $0x00007f43bd99ebb0
[ARKADE BB END] handling event_bb is done.




[ARKADE BB START] Basic Block is detected -> event_bb_insert is called.

	Instruction: mov    0xfffffbb0(%rbp)[8byte] -> %rax
	Instruction: test   0x0000031c(%rax)[1byte] $0x60
	Instruction: jnz    $0x00007f43bd99e9ef
[ARKADE BB END] handling event_bb is done.




[ARKADE BB START] Basic Block is detected -> event_bb_insert is called.

	Instruction: mov    %rsp -> %rdx
	Instruction: cmp    %rsp %rdx
	Instruction: jz     $0x00007f43bd99e99e
[ARKADE BB END] handling event_bb is done.




[ARKADE BB START] Basic Block is detected -> event_bb_insert is called.

	Instruction: sub    $0x0000000000000020 %rsp -> %rsp
	Instruction: or     $0x0000000000000000 0x18(%rsp)[8byte] -> 0x18(%rsp)[8byte]
	Instruction: mov    0xfffffb40(%rbp)[8byte] -> %rcx
	Instruction: add    $0x00000001 0xfffffb24(%rbp)[4byte] -> 0xfffffb24(%rbp)[4byte]
	Instruction: lea    0x0f(%rsp) -> %rdx
	Instruction: and    $0xfffffffffffffff0 %rdx -> %rdx
	Instruction: mov    %rax -> 0x08(%rdx)[8byte]
	Instruction: mov    $0x00000000 -> (%rdx)[4byte]
	Instruction: mov    $0x0000000000000000 -> 0x10(%rdx)[8byte]
	Instruction: mov    %rdx -> 0x10(%rcx)[8byte]
	Instruction: movzx  0x0000031c(%rax)[1byte] -> %ecx
	Instruction: mov    %rdx -> 0xfffffb40(%rbp)[8byte]
	Instruction: and    $0xffffff9f %ecx -> %ecx
	Instruction: or     $0x00000020 %ecx -> %ecx
	Instruction: mov    %cl -> 0x0000031c(%rax)[1byte]
	Instruction: mov    0xfffffb60(%rbp)[8byte] -> %rsi
	Instruction: test   %rsi %rsi
	Instruction: jz     $0x00007f43bd99ea06
[ARKADE BB END] handling event_bb is done.




[ARKADE BB START] Basic Block is detected -> event_bb_insert is called.

	Instruction: mov    0x10(%r12)[8byte] -> %rax
	Instruction: add    $0x0000000000000010 %r12 -> %r12
	Instruction: test   %rax %rax
	Instruction: jz     $0x00007f43bd99e706
[ARKADE BB END] handling event_bb is done.




[ARKADE BB START] Basic Block is detected -> event_bb_insert is called.

	Instruction: cmp    %rax $0x0000000000000001
	Instruction: jz     $0x00007f43bd99e850
[ARKADE BB END] handling event_bb is done.




[ARKADE BB START] Basic Block is detected -> event_bb_insert is called.

	Instruction: and    $0xfffffffffffffffd %rax -> %rax
	Instruction: cmp    %rax $0x000000007ffffffd
	Instruction: jnz    $0x00007f43bd99ea06
[ARKADE BB END] handling event_bb is done.




[ARKADE BB START] Basic Block is detected -> event_bb_insert is called.

	Instruction: mov    0xfffffb60(%rbp)[8byte] -> %rcx
	Instruction: test   %rcx %rcx
	Instruction: jz     $0x00007f43bd99e77b
[ARKADE BB END] handling event_bb is done.




[ARKADE BB START] Basic Block is detected -> event_bb_insert is called.

	Instruction: mov    0xfffffb28(%rbp)[8byte] -> %rax
	Instruction: mov    (%rax)[4byte] -> %r8d
	Instruction: test   %r8d %r8d
	Instruction: jnz    $0x00007f43bd99e7aa
[ARKADE BB END] handling event_bb is done.




[ARKADE BB START] Basic Block is detected -> event_bb_insert is called.

	Instruction: mov    0x10(%rax)[8byte] -> %rax
	Instruction: test   %rax %rax
	Instruction: jnz    $0x00007f43bd99e7a0
[ARKADE BB END] handling event_bb is done.




[ARKADE BB START] Basic Block is detected -> event_bb_insert is called.

	Instruction: mov    (%rax)[4byte] -> %edi
	Instruction: test   %edi %edi
	Instruction: jz     $0x00007f43bd99f43f
[ARKADE BB END] handling event_bb is done.




[ARKADE BB START] Basic Block is detected -> event_bb_insert is called.

	Instruction: mov    %rax -> 0xfffffb28(%rbp)[8byte]
	Instruction: jmp    $0x00007f43bd99e78a
[ARKADE BB END] handling event_bb is done.




[ARKADE BB START] Basic Block is detected -> event_bb_insert is called.

	Instruction: mov    0xfffffb28(%rbp)[8byte] -> %rax
	Instruction: mov    0x08(%rax)[8byte] -> %r13
	Instruction: jmp    $0x00007f43bd99e6b4
[ARKADE BB END] handling event_bb is done.




[ARKADE BB START] Basic Block is detected -> event_bb_insert is called.

	Instruction: mov    $0x00000001 -> (%rax)[4byte]
	Instruction: mov    0x000002c0(%r13)[8byte] -> %rax
	Instruction: mov    %rax -> 0xfffffb60(%rbp)[8byte]
	Instruction: test   %rax %rax
	Instruction: jz     $0x00007f43bd99ef00
[ARKADE BB END] handling event_bb is done.




[ARKADE BB START] Basic Block is detected -> event_bb_insert is called.

	Instruction: movzx  0x000002ba(%r13)[2byte] -> %eax
	Instruction: data16 test   %ax %ax
	Instruction: jz     $0x00007f43bd99e6dc
[ARKADE BB END] handling event_bb is done.




[ARKADE BB START] Basic Block is detected -> event_bb_insert is called.

	Instruction: movzx  %ax -> %esi
	Instruction: lea    0xfffffbc0(%rbp) -> %rdi
	Instruction: mov    $0x00000008 -> %edx
	Instruction: call   $0x00007f43bd9ae0b0 %rsp -> %rsp 0xfffffff8(%rsp)[8byte]
[ARKADE BB END] handling event_bb is done.




[ARKADE BB START] Basic Block is detected -> event_bb_insert is called.

	Instruction: nop    %edx
	Instruction: mov    %rsi -> %rax
	Instruction: push   %r12 %rsp -> %rsp 0xfffffff8(%rsp)[8byte]
	Instruction: mov    %rsi -> %r12
	Instruction: or     %rdx %rax -> %rax
	Instruction: imul   %rdx %r12 -> %r12
	Instruction: push   %rbp %rsp -> %rsp 0xfffffff8(%rsp)[8byte]
	Instruction: shr    $0x0000000000000020 %rax -> %rax
	Instruction: push   %rbx %rsp -> %rsp 0xfffffff8(%rsp)[8byte]
	Instruction: mov    %rdi -> %rbx
	Instruction: jz     $0x00007f43bd9ae0d3
[ARKADE BB END] handling event_bb is done.




[ARKADE BB START] Basic Block is detected -> event_bb_insert is called.

	Instruction: mov    $0x00000001 -> %eax
	Instruction: cmp    0x08(%rbx)[8byte] %r12
	Instruction: jnb    $0x00007f43bd9ae108
[ARKADE BB END] handling event_bb is done.




[ARKADE BB START] Basic Block is detected -> event_bb_insert is called.

	Instruction: pop    %rsp (%rsp)[8byte] -> %rbx %rsp
	Instruction: pop    %rsp (%rsp)[8byte] -> %rbp %rsp
	Instruction: pop    %rsp (%rsp)[8byte] -> %r12 %rsp
	Instruction: ret    %rsp (%rsp)[8byte] -> %rsp
[ARKADE BB END] handling event_bb is done.




[ARKADE BB START] Basic Block is detected -> event_bb_insert is called.

	Instruction: test   %al %al
	Instruction: jz     $0x00007f43bd99f627
[ARKADE BB END] handling event_bb is done.




[ARKADE BB START] Basic Block is detected -> event_bb_insert is called.

	Instruction: mov    0xfffffbc0(%rbp)[8byte] -> %rax
	Instruction: mov    %rax -> 0xfffffb60(%rbp)[8byte]
	Instruction: jmp    $0x00007f43bd99e6dc
[ARKADE BB END] handling event_bb is done.




[ARKADE BB START] Basic Block is detected -> event_bb_insert is called.

	Instruction: pxor   %xmm0 %xmm0 -> %xmm0
	Instruction: movdqa (%rdi)[16byte] -> %xmm2
	Instruction: movdqa (%rsi)[16byte] -> %xmm1
	Instruction: pcmpeqb %xmm1 %xmm0 -> %xmm0
	Instruction: pslldq $0x0b %xmm2 -> %xmm2
	Instruction: pcmpeqb %xmm1 %xmm2 -> %xmm2
	Instruction: psubb  %xmm0 %xmm2 -> %xmm2
	Instruction: pmovmskb %xmm2 -> %r9d
	Instruction: shr    %cl %edx -> %edx
	Instruction: shr    %cl %r9d -> %r9d
	Instruction: sub    %r9d %edx -> %edx
	Instruction: jnz    $0x00007f43bd9afa05
[ARKADE BB END] handling event_bb is done.




[ARKADE BB START] Basic Block is detected -> event_bb_insert is called.

	Instruction: movdqa (%rdi)[16byte] -> %xmm3
	Instruction: pxor   %xmm0 %xmm0 -> %xmm0
	Instruction: mov    $0x0000000000000010 -> %rcx
	Instruction: mov    $0x00000005 -> %r9d
	Instruction: lea    0x05(%rdi) -> %r10
	Instruction: and    $0x0000000000000fff %r10 -> %r10
	Instruction: sub    $0x0000000000001000 %r10 -> %r10
	Instruction: data16 nop    0x00000000(%rax,%rax)[4byte]
	Instruction: add    $0x0000000000000010 %r10 -> %r10
	Instruction: jnle   $0x00007f43bd9aed40
[ARKADE BB END] handling event_bb is done.




[ARKADE BB START] Basic Block is detected -> event_bb_insert is called.

	Instruction: movdqa (%rsi,%rcx)[16byte] -> %xmm1
	Instruction: movdqa (%rdi,%rcx)[16byte] -> %xmm2
	Instruction: movdqa %xmm2 -> %xmm4
	Instruction: psrldq $0x05 %xmm3 -> %xmm3
	Instruction: pslldq $0x0b %xmm2 -> %xmm2
	Instruction: por    %xmm3 %xmm2 -> %xmm2
	Instruction: pcmpeqb %xmm1 %xmm0 -> %xmm0
	Instruction: pcmpeqb %xmm2 %xmm1 -> %xmm1
	Instruction: psubb  %xmm0 %xmm1 -> %xmm1
	Instruction: pmovmskb %xmm1 -> %edx
	Instruction: sub    $0x0000ffff %edx -> %edx
	Instruction: jnz    $0x00007f43bd9afa00
[ARKADE BB END] handling event_bb is done.




[ARKADE BB START] Basic Block is detected -> event_bb_insert is called.

	Instruction: mov    $0x00000001 -> %eax
	Instruction: add    $0x0000000000000008 %rsp -> %rsp
	Instruction: pop    %rsp (%rsp)[8byte] -> %rbx %rsp
	Instruction: pop    %rsp (%rsp)[8byte] -> %rbp %rsp
	Instruction: ret    %rsp (%rsp)[8byte] -> %rsp
[ARKADE BB END] handling event_bb is done.




[ARKADE BB START] Basic Block is detected -> event_bb_insert is called.

	Instruction: mov    %r15d -> %edx
	Instruction: add    $0x00000001 %r15d -> %r15d
	Instruction: mov    %rax -> (%rsi,%rdx,8)[8byte]
	Instruction: mov    0x10(%r12)[8byte] -> %rax
	Instruction: add    $0x0000000000000010 %r12 -> %r12
	Instruction: test   %rax %rax
	Instruction: jz     $0x00007f43bd99e706
[ARKADE BB END] handling event_bb is done.




[ARKADE BB START] Basic Block is detected -> event_bb_insert is called.

	Instruction: mov    %r15d -> %eax
	Instruction: lea    0x03(%r15,%r15) -> %edi
	Instruction: lea    0x01(%r15) -> %ebx
	Instruction: mov    $0x0000000000000000 -> (%rcx,%rax,8)[8byte]
	Instruction: shl    $0x0000000000000003 %rdi -> %rdi
	Instruction: call   $0x00007f43bd9900a0 %rsp -> %rsp 0xfffffff8(%rsp)[8byte]
[ARKADE BB END] handling event_bb is done.
[ARKADE MALLOC CALLED] Malloc (Nonuser Code) (size: 40)
[ARKADE MALLOC CALLED] Module start: 0x00007f43bd98f000
[ARKADE MALLOC CALLED] Module end: 0x00007f43bd9bf000
[ARKADE MALLOC CALLED] Module full path: /lib/x86_64-linux-gnu/ld-2.31.so
[ARKADE MALLOC CALLED] Caller (Nonuser Code): _dl_map_object_deps (/build/glibc-FcRMwW/glibc-2.31/elf/dl-deps.c:438)




[ARKADE BB START] Basic Block is detected -> event_bb_insert is called.

	Instruction: mov    %rax -> %r12
	Instruction: test   %rax %rax
	Instruction: jz     $0x00007f43bd99f705
[ARKADE BB END] handling event_bb is done.
[ARKADE MALLOC RETURN] Malloc (Nonuser Code) return base address: 0x00007f43bd9c3d20, Size: 40, Active: true




[ARKADE BB START] Basic Block is detected -> event_bb_insert is called.

	Instruction: mov    %r13 -> (%rax)[8byte]
	Instruction: mov    0xfffffb60(%rbp)[8byte] -> %rsi
	Instruction: lea    0x00(,%rbx,8) -> %r14
	Instruction: lea    0x08(%rax) -> %rdi
	Instruction: mov    %r14 -> %rdx
	Instruction: call   $0x00007f43bd9b2390 %rsp -> %rsp 0xfffffff8(%rsp)[8byte]
[ARKADE BB END] handling event_bb is done.




[ARKADE BB START] Basic Block is detected -> event_bb_insert is called.

	Instruction: lea    0x02(%r15) -> %eax
	Instruction: mov    %r14 -> %rdx
	Instruction: mov    %r12 -> %rsi
	Instruction: lea    (%r12,%rax,8) -> %rdi
	Instruction: call   $0x00007f43bd9b2390 %rsp -> %rsp 0xfffffff8(%rsp)[8byte]
[ARKADE BB END] handling event_bb is done.




[ARKADE BB START] Basic Block is detected -> event_bb_insert is called.

	Instruction: or     $0x01 0x0000031e(%r13)[1byte] -> 0x0000031e(%r13)[1byte]
	Instruction: mov    %r12 -> 0x000003c8(%r13)[8byte]
	Instruction: mov    0xfffffb28(%rbp)[8byte] -> %rax
	Instruction: mov    (%rax)[4byte] -> %r8d
	Instruction: test   %r8d %r8d
	Instruction: jnz    $0x00007f43bd99e7aa
[ARKADE BB END] handling event_bb is done.




[ARKADE BB START] Basic Block is detected -> event_bb_insert is called.

	Instruction: cmp    0x000001e8(%r13)[8byte] $0x0000000000000000
	Instruction: jnz    $0x00007f43bd99e7d0
[ARKADE BB END] handling event_bb is done.




[ARKADE BB START] Basic Block is detected -> event_bb_insert is called.

	Instruction: xor    %r15d %r15d -> %r15d
	Instruction: cmp    0x000001d8(%r13)[8byte] $0x0000000000000000
	Instruction: jnz    $0x00007f43bd99e7d0
[ARKADE BB END] handling event_bb is done.




[ARKADE BB START] Basic Block is detected -> event_bb_insert is called.

	Instruction: mov    $0x00000000 -> 0xfffffb58(%rbp)[4byte]
	Instruction: mov    0xfffffb00(%rbp)[8byte] -> %r15
	Instruction: jmp    $0x00007f43bd99ebcb
[ARKADE BB END] handling event_bb is done.




[ARKADE BB START] Basic Block is detected -> event_bb_insert is called.

	Instruction: mov    0xfffffbc0(%rbp)[8byte] -> %rdi
	Instruction: cmp    %rdi 0xfffffb08(%rbp)[8byte]
	Instruction: jz     $0x00007f43bd99ebe0
[ARKADE BB END] handling event_bb is done.




[ARKADE BB START] Basic Block is detected -> event_bb_insert is called.

	Instruction: mov    <rel> 0x00007f43bd9be140[4byte] -> %esi
	Instruction: test   %esi %esi
	Instruction: jnz    $0x00007f43bd99ebfa
[ARKADE BB END] handling event_bb is done.




[ARKADE BB START] Basic Block is detected -> event_bb_insert is called.

	Instruction: mov    0xfffffb18(%rbp)[4byte] -> %eax
	Instruction: test   %eax %eax
	Instruction: jz     $0x00007f43bd99ebfa
[ARKADE BB END] handling event_bb is done.




[ARKADE BB START] Basic Block is detected -> event_bb_insert is called.

	Instruction: mov    %eax -> <rel> 0x00007f43bd9be140[4byte]
	Instruction: mov    0xfffffb48(%rbp)[8byte] -> %rbx
	Instruction: mov    0x000003c8(%rbx)[8byte] -> %rax
	Instruction: mov    %rax -> 0xfffffb60(%rbp)[8byte]
	Instruction: test   %rax %rax
	Instruction: jz     $0x00007f43bd99ec37
[ARKADE BB END] handling event_bb is done.




[ARKADE BB START] Basic Block is detected -> event_bb_insert is called.

	Instruction: mov    0xfffffb24(%rbp)[4byte] -> %eax
	Instruction: lea    0x01(%rax,%rax) -> %edi
	Instruction: shl    $0x0000000000000003 %rdi -> %rdi
	Instruction: call   $0x00007f43bd9900a0 %rsp -> %rsp 0xfffffff8(%rsp)[8byte]
[ARKADE BB END] handling event_bb is done.
[ARKADE MALLOC CALLED] Malloc (Nonuser Code) (size: 56)
[ARKADE MALLOC CALLED] Module start: 0x00007f43bd98f000
[ARKADE MALLOC CALLED] Module end: 0x00007f43bd9bf000
[ARKADE MALLOC CALLED] Module full path: /lib/x86_64-linux-gnu/ld-2.31.so
[ARKADE MALLOC CALLED] Caller (Nonuser Code): _dl_map_object_deps (/build/glibc-FcRMwW/glibc-2.31/elf/dl-deps.c:479)




[ARKADE BB START] Basic Block is detected -> event_bb_insert is called.

	Instruction: mov    %rax -> %r13
	Instruction: test   %rax %rax
	Instruction: jz     $0x00007f43bd99f738
[ARKADE BB END] handling event_bb is done.
[ARKADE MALLOC RETURN] Malloc (Nonuser Code) return base address: 0x00007f43bd9c3d50, Size: 56, Active: true




[ARKADE BB START] Basic Block is detected -> event_bb_insert is called.

	Instruction: mov    0xfffffb24(%rbp)[4byte] -> %ebx
	Instruction: mov    0xfffffb20(%rbp)[4byte] -> %ecx
	Instruction: lea    0x01(%rbx) -> %eax
	Instruction: lea    0x00(%r13,%rax,8) -> %r8
	Instruction: mov    0xfffffb48(%rbp)[8byte] -> %rax
	Instruction: mov    %r8 -> 0x000002c0(%rax)[8byte]
	Instruction: mov    %ebx -> 0x000002c8(%rax)[4byte]
	Instruction: test   %ecx %ecx
	Instruction: jnz    $0x00007f43bd99f335
[ARKADE BB END] handling event_bb is done.




[ARKADE BB START] Basic Block is detected -> event_bb_insert is called.

	Instruction: xor    %ebx %ebx -> %ebx
	Instruction: nop    0x00000000(%rax,%rax)[4byte]
	Instruction: mov    0x08(%r15)[8byte] -> %rdx
	Instruction: mov    %ebx -> %eax
	Instruction: add    $0x00000001 %ebx -> %ebx
	Instruction: mov    %rdx -> (%r8,%rax,8)[8byte]
	Instruction: mov    0x08(%r15)[8byte] -> %rax
	Instruction: and    $0x9f 0x0000031c(%rax)[1byte] -> 0x0000031c(%rax)[1byte]
	Instruction: mov    0x10(%r15)[8byte] -> %r15
	Instruction: test   %r15 %r15
	Instruction: jnz    $0x00007f43bd99ec90
[ARKADE BB END] handling event_bb is done.




[ARKADE BB START] Basic Block is detected -> event_bb_insert is called.

	Instruction: mov    0x08(%r15)[8byte] -> %rdx
	Instruction: mov    %ebx -> %eax
	Instruction: add    $0x00000001 %ebx -> %ebx
	Instruction: mov    %rdx -> (%r8,%rax,8)[8byte]
	Instruction: mov    0x08(%r15)[8byte] -> %rax
	Instruction: and    $0x9f 0x0000031c(%rax)[1byte] -> 0x0000031c(%rax)[1byte]
	Instruction: mov    0x10(%r15)[8byte] -> %r15
	Instruction: test   %r15 %r15
	Instruction: jnz    $0x00007f43bd99ec90
[ARKADE BB END] handling event_bb is done.




[ARKADE BB START] Basic Block is detected -> event_bb_insert is called.

	Instruction: test   <rel> 0x00007f43bd9bc621[1byte] $0x08
	Instruction: jnz    $0x00007f43bd99f17e
[ARKADE BB END] handling event_bb is done.




[ARKADE BB START] Basic Block is detected -> event_bb_insert is called.

	Instruction: mov    0xfffffb48(%rbp)[8byte] -> %rax
	Instruction: cmp    (%r8)[8byte] %rax
	Instruction: jnz    $0x00007f43bd99f6ac
[ARKADE BB END] handling event_bb is done.




[ARKADE BB START] Basic Block is detected -> event_bb_insert is called.

	Instruction: mov    0x000003d0(%rax)[8byte] -> %r9
	Instruction: xor    %r14d %r14d -> %r14d
	Instruction: test   %r9 %r9
	Instruction: jz     $0x00007f43bd99ee6b
[ARKADE BB END] handling event_bb is done.




[ARKADE BB START] Basic Block is detected -> event_bb_insert is called.

	Instruction: mov    %ebx -> %r12d
	Instruction: mov    %r8 -> %rsi
	Instruction: mov    %r13 -> %rdi
	Instruction: lea    0x00(,%r12,8) -> %rdx
	Instruction: call   $0x00007f43bd9b2390 %rsp -> %rsp 0xfffffff8(%rsp)[8byte]
[ARKADE BB END] handling event_bb is done.




[ARKADE BB START] Basic Block is detected -> event_bb_insert is called.

	Instruction: lea    0xffffffff(%rbx) -> %esi
	Instruction: lea    0x08(%r13) -> %rdi
	Instruction: xor    %ecx %ecx -> %ecx
	Instruction: xor    %edx %edx -> %edx
	Instruction: call   $0x00007f43bd9a8290 %rsp -> %rsp 0xfffffff8(%rsp)[8byte]
[ARKADE BB END] handling event_bb is done.




[ARKADE BB START] Basic Block is detected -> event_bb_insert is called.

	Instruction: nop    %edx
	Instruction: push   %rbp %rsp -> %rsp 0xfffffff8(%rsp)[8byte]
	Instruction: mov    %rsp -> %rbp
	Instruction: push   %r15 %rsp -> %rsp 0xfffffff8(%rsp)[8byte]
	Instruction: push   %r14 %rsp -> %rsp 0xfffffff8(%rsp)[8byte]
	Instruction: push   %r13 %rsp -> %rsp 0xfffffff8(%rsp)[8byte]
	Instruction: push   %r12 %rsp -> %rsp 0xfffffff8(%rsp)[8byte]
	Instruction: push   %rbx %rsp -> %rsp 0xfffffff8(%rsp)[8byte]
	Instruction: sub    $0x0000000000000078 %rsp -> %rsp
	Instruction: mov    %rdi -> 0xffffffb8(%rbp)[8byte]
	Instruction: mov    %esi -> 0xffffffc0(%rbp)[4byte]
	Instruction: mov    %rdx -> 0xffffff70(%rbp)[8byte]
	Instruction: mov    %cl -> 0xffffffc7(%rbp)[1byte]
	Instruction: cmp    %esi $0x00000001
	Instruction: jbe    $0x00007f43bd9a83e8
[ARKADE BB END] handling event_bb is done.




[ARKADE BB START] Basic Block is detected -> event_bb_insert is called.

	Instruction: mov    %esi -> %edx
	Instruction: mov    %rsp -> %rdi
	Instruction: mov    %rsp -> %rcx
	Instruction: add    %rdx %rdx -> %rdx
	Instruction: lea    0x0f(%rdx) -> %rax
	Instruction: shr    $0x0000000000000004 %rax -> %rax
	Instruction: shl    $0x0000000000000004 %rax -> %rax
	Instruction: mov    %rax -> %rsi
	Instruction: and    $0xfffffffffffff000 %rsi -> %rsi
	Instruction: sub    %rsi %rdi -> %rdi
	Instruction: mov    %rdi -> %rsi
	Instruction: cmp    %rsp %rsi
	Instruction: jz     $0x00007f43bd9a8300
[ARKADE BB END] handling event_bb is done.




[ARKADE BB START] Basic Block is detected -> event_bb_insert is called.

	Instruction: and    $0x00000fff %eax -> %eax
	Instruction: sub    %rax %rsp -> %rsp
	Instruction: test   %rax %rax
	Instruction: jz     $0x00007f43bd9a8313
[ARKADE BB END] handling event_bb is done.




[ARKADE BB START] Basic Block is detected -> event_bb_insert is called.

	Instruction: or     $0x0000000000000000 0xfffffff8(%rsp,%rax)[8byte] -> 0xfffffff8(%rsp,%rax)[8byte]
	Instruction: mov    %rsp -> %rdi
	Instruction: xor    %esi %esi -> %esi
	Instruction: mov    %rcx -> 0xffffff68(%rbp)[8byte]
	Instruction: xor    %r15d %r15d -> %r15d
	Instruction: mov    %rdi -> 0xffffffc8(%rbp)[8byte]
	Instruction: mov    $0x00000001 -> %r14d
	Instruction: call   $0x00007f43bd9b2580 %rsp -> %rsp 0xfffffff8(%rsp)[8byte]
[ARKADE BB END] handling event_bb is done.




[ARKADE BB START] Basic Block is detected -> event_bb_insert is called.

	Instruction: movd   %xmm0[4byte] -> %rcx
	Instruction: cmp    %dl $0x08
	Instruction: jnb    $0x00007f43bd9b2645
[ARKADE BB END] handling event_bb is done.




[ARKADE BB START] Basic Block is detected -> event_bb_insert is called.

	Instruction: cmp    %dl $0x04
	Instruction: jnb    $0x00007f43bd9b264e
[ARKADE BB END] handling event_bb is done.




[ARKADE BB START] Basic Block is detected -> event_bb_insert is called.

	Instruction: mov    %ecx -> 0xfffffffc(%rdi,%rdx)[4byte]
	Instruction: mov    %ecx -> (%rdi)[4byte]
	Instruction: ret    %rsp (%rsp)[8byte] -> %rsp
[ARKADE BB END] handling event_bb is done.




[ARKADE BB START] Basic Block is detected -> event_bb_insert is called.

	Instruction: mov    0xffffffc0(%rbp)[4byte] -> %eax
	Instruction: mov    0xffffffb8(%rbp)[8byte] -> %rcx
	Instruction: mov    %r15 -> %r10
	Instruction: mov    %r14d -> %r15d
	Instruction: sub    $0x00000001 %eax -> %eax
	Instruction: mov    %eax -> 0xffffff8c(%rbp)[4byte]
	Instruction: mov    %rax -> 0xffffff80(%rbp)[8byte]
	Instruction: lea    (%rcx,%rax,8) -> %rax
	Instruction: xor    %ecx %ecx -> %ecx
	Instruction: mov    %rax -> 0xffffff78(%rbp)[8byte]
	Instruction: mov    %ecx -> %r14d
	Instruction: nop    0x00000000(%rax,%rax)[4byte]
	Instruction: mov    0xffffffc8(%rbp)[8byte] -> %rax
	Instruction: lea    (%rax,%r10,2) -> %r9
	Instruction: movzx  (%r9)[2byte] -> %eax
	Instruction: add    $0x00000001 %eax -> %eax
	Instruction: cmp    0xffffffc7(%rbp)[1byte] $0x00
	Instruction: data16 mov    %ax -> 0xffffffc4(%rbp)[2byte]
	Instruction: data16 mov    %ax -> (%r9)[2byte]
	Instruction: mov    0xffffffb8(%rbp)[8byte] -> %rax
	Instruction: lea    (%rax,%r10,8) -> %rdi
	Instruction: mov    (%rdi)[8byte] -> %rbx
	Instruction: jnz    $0x00007f43bd9a8580
[ARKADE BB END] handling event_bb is done.




[ARKADE BB START] Basic Block is detected -> event_bb_insert is called.

	Instruction: cmp    %r14d 0xffffff8c(%rbp)[4byte]
	Instruction: jnb    $0x00007f43bd9a83cb
[ARKADE BB END] handling event_bb is done.




[ARKADE BB START] Basic Block is detected -> event_bb_insert is called.

	Instruction: mov    0xffffff80(%rbp)[8byte] -> %r12
	Instruction: mov    0xffffff78(%rbp)[8byte] -> %r13
	Instruction: movzx  0xffffffc7(%rbp)[1byte] -> %r8d
	Instruction: mov    0x00(%r13)[8byte] -> %rsi
	Instruction: mov    %r12d -> %ecx
	Instruction: mov    0x000003c8(%rsi)[8byte] -> %rax
	Instruction: test   %rax %rax
	Instruction: jnz    $0x00007f43bd9a8400
[ARKADE BB END] handling event_bb is done.




[ARKADE BB START] Basic Block is detected -> event_bb_insert is called.

	Instruction: test   %r8l %r8l
	Instruction: jnz    $0x00007f43bd9a8510
[ARKADE BB END] handling event_bb is done.




[ARKADE BB START] Basic Block is detected -> event_bb_insert is called.

	Instruction: sub    $0x0000000000000001 %r12 -> %r12
	Instruction: sub    $0x0000000000000008 %r13 -> %r13
	Instruction: cmp    %r14d %r12d
	Instruction: jb     $0x00007f43bd9a83a2
[ARKADE BB END] handling event_bb is done.




[ARKADE BB START] Basic Block is detected -> event_bb_insert is called.

	Instruction: cmp    0xffffffc0(%rbp)[4byte] %r15d
	Instruction: jz     $0x00007f43bd9a83e1
[ARKADE BB END] handling event_bb is done.




[ARKADE BB START] Basic Block is detected -> event_bb_insert is called.

	Instruction: mov    0xffffffc8(%rbp)[8byte] -> %rcx
	Instruction: mov    %r15d -> %eax
	Instruction: lea    (%rcx,%rax,2) -> %rdi
	Instruction: jmp    $0x00007f43bd9a84bc
[ARKADE BB END] handling event_bb is done.




[ARKADE BB START] Basic Block is detected -> event_bb_insert is called.

	Instruction: mov    0xffffffc0(%rbp)[4byte] -> %edx
	Instruction: xor    %esi %esi -> %esi
	Instruction: mov    %r15d -> %r14d
	Instruction: sub    %r15d %edx -> %edx
	Instruction: add    %rdx %rdx -> %rdx
	Instruction: call   $0x00007f43bd9b2580 %rsp -> %rsp 0xfffffff8(%rsp)[8byte]
[ARKADE BB END] handling event_bb is done.




[ARKADE BB START] Basic Block is detected -> event_bb_insert is called.

	Instruction: cmp    %dl $0x01
	Instruction: jnbe   $0x00007f43bd9b2655
[ARKADE BB END] handling event_bb is done.




[ARKADE BB START] Basic Block is detected -> event_bb_insert is called.

	Instruction: data16 mov    %cx -> 0xfffffffe(%rdi,%rdx)[2byte]
	Instruction: data16 mov    %cx -> (%rdi)[2byte]
	Instruction: ret    %rsp (%rsp)[8byte] -> %rsp
[ARKADE BB END] handling event_bb is done.




[ARKADE BB START] Basic Block is detected -> event_bb_insert is called.

	Instruction: mov    %r15d -> %r10d
	Instruction: add    $0x00000001 %r15d -> %r15d
	Instruction: jmp    $0x00007f43bd9a8360
[ARKADE BB END] handling event_bb is done.




[ARKADE BB START] Basic Block is detected -> event_bb_insert is called.

	Instruction: mov    0xffffffc8(%rbp)[8byte] -> %rax
	Instruction: lea    (%rax,%r10,2) -> %r9
	Instruction: movzx  (%r9)[2byte] -> %eax
	Instruction: add    $0x00000001 %eax -> %eax
	Instruction: cmp    0xffffffc7(%rbp)[1byte] $0x00
	Instruction: data16 mov    %ax -> 0xffffffc4(%rbp)[2byte]
	Instruction: data16 mov    %ax -> (%r9)[2byte]
	Instruction: mov    0xffffffb8(%rbp)[8byte] -> %rax
	Instruction: lea    (%rax,%r10,8) -> %rdi
	Instruction: mov    (%rdi)[8byte] -> %rbx
	Instruction: jnz    $0x00007f43bd9a8580
[ARKADE BB END] handling event_bb is done.




[ARKADE BB START] Basic Block is detected -> event_bb_insert is called.

	Instruction: mov    0xffffff68(%rbp)[8byte] -> %rsp
	Instruction: lea    0xffffffd8(%rbp) -> %rsp
	Instruction: pop    %rsp (%rsp)[8byte] -> %rbx %rsp
	Instruction: pop    %rsp (%rsp)[8byte] -> %r12 %rsp
	Instruction: pop    %rsp (%rsp)[8byte] -> %r13 %rsp
	Instruction: pop    %rsp (%rsp)[8byte] -> %r14 %rsp
	Instruction: pop    %rsp (%rsp)[8byte] -> %r15 %rsp
	Instruction: pop    %rsp (%rsp)[8byte] -> %rbp %rsp
	Instruction: ret    %rsp (%rsp)[8byte] -> %rsp
[ARKADE BB END] handling event_bb is done.




[ARKADE BB START] Basic Block is detected -> event_bb_insert is called.

	Instruction: mov    $0x0000000000000000 -> 0x00(%r13,%r12,8)[8byte]
	Instruction: mov    0xfffffb48(%rbp)[8byte] -> %rax
	Instruction: or     $0x01 0x0000031e(%rax)[1byte] -> 0x0000031e(%rax)[1byte]
	Instruction: mov    %r13 -> 0x000003c8(%rax)[8byte]
	Instruction: test   %r14 %r14
	Instruction: jz     $0x00007f43bd99eec7
[ARKADE BB END] handling event_bb is done.




[ARKADE BB START] Basic Block is detected -> event_bb_insert is called.

	Instruction: mov    0xfffffb60(%rbp)[8byte] -> %rax
	Instruction: test   %rax %rax
	Instruction: jz     $0x00007f43bd99eedb
[ARKADE BB END] handling event_bb is done.




[ARKADE BB START] Basic Block is detected -> event_bb_insert is called.

	Instruction: mov    0xfffffb58(%rbp)[4byte] -> %eax
	Instruction: test   %eax %eax
	Instruction: jnz    $0x00007f43bd99f6cb
[ARKADE BB END] handling event_bb is done.




[ARKADE BB START] Basic Block is detected -> event_bb_insert is called.

	Instruction: lea    0xffffffd8(%rbp) -> %rsp
	Instruction: pop    %rsp (%rsp)[8byte] -> %rbx %rsp
	Instruction: pop    %rsp (%rsp)[8byte] -> %r12 %rsp
	Instruction: pop    %rsp (%rsp)[8byte] -> %r13 %rsp
	Instruction: pop    %rsp (%rsp)[8byte] -> %r14 %rsp
	Instruction: pop    %rsp (%rsp)[8byte] -> %r15 %rsp
	Instruction: pop    %rsp (%rsp)[8byte] -> %rbp %rsp
	Instruction: ret    %rsp (%rsp)[8byte] -> %rsp
[ARKADE BB END] handling event_bb is done.




[ARKADE BB START] Basic Block is detected -> event_bb_insert is called.

	Instruction: rdtsc   -> %edx %eax
	Instruction: mov    0x000002c8(%r15)[4byte] -> %esi
	Instruction: shl    $0x0000000000000020 %rdx -> %rdx
	Instruction: or     %rdx %rax -> %rax
	Instruction: sub    %r12 %rax -> %rax
	Instruction: add    %rax <rel> 0x00007f43bd9bc5e8[8byte] -> <rel> 0x00007f43bd9bc5e8[8byte]
	Instruction: test   %esi %esi
	Instruction: jz     $0x00007f43bd993273
[ARKADE BB END] handling event_bb is done.




[ARKADE BB START] Basic Block is detected -> event_bb_insert is called.

	Instruction: mov    0x000002c0(%r15)[8byte] -> %rdx
	Instruction: lea    0xffffffff(%rsi) -> %eax
	Instruction: lea    (%rdx,%rax,8) -> %rax
	Instruction: mov    (%rax)[8byte] -> %rcx
	Instruction: or     $0x10 0x0000031c(%rcx)[1byte] -> 0x0000031c(%rcx)[1byte]
	Instruction: mov    %rax -> %rcx
	Instruction: sub    $0x0000000000000008 %rax -> %rax
	Instruction: cmp    %rdx %rcx
	Instruction: jnz    $0x00007f43bd993094
[ARKADE BB END] handling event_bb is done.




[ARKADE BB START] Basic Block is detected -> event_bb_insert is called.

	Instruction: mov    (%rax)[8byte] -> %rcx
	Instruction: or     $0x10 0x0000031c(%rcx)[1byte] -> 0x0000031c(%rcx)[1byte]
	Instruction: mov    %rax -> %rcx
	Instruction: sub    $0x0000000000000008 %rax -> %rax
	Instruction: cmp    %rdx %rcx
	Instruction: jnz    $0x00007f43bd993094
[ARKADE BB END] handling event_bb is done.




[ARKADE BB START] Basic Block is detected -> event_bb_insert is called.

	Instruction: mov    <rel> 0x00007f43bd9bda00[8byte] -> %rax
	Instruction: mov    <rel> 0x00007f43bd9bda08[8byte] -> %rdx
	Instruction: mov    %rax -> 0x18(%rdx)[8byte]
	Instruction: mov    <rel> 0x00007f43bd9bda00[8byte] -> %rax
	Instruction: test   %rax %rax
	Instruction: jz     $0x00007f43bd9930cc
[ARKADE BB END] handling event_bb is done.




[ARKADE BB START] Basic Block is detected -> event_bb_insert is called.

	Instruction: mov    %rdx -> 0x20(%rax)[8byte]
	Instruction: cmp    %esi $0x00000001
	Instruction: jbe    $0x00007f43bd993295
[ARKADE BB END] handling event_bb is done.




[ARKADE BB START] Basic Block is detected -> event_bb_insert is called.

	Instruction: lea    0xfffffffe(%rsi) -> %ecx
	Instruction: mov    0x000002c0(%r15)[8byte] -> %rdi
	Instruction: mov    $0x00000001 -> %eax
	Instruction: add    $0x0000000000000002 %rcx -> %rcx
	Instruction: jmp    $0x00007f43bd9930f7
[ARKADE BB END] handling event_bb is done.




[ARKADE BB START] Basic Block is detected -> event_bb_insert is called.

	Instruction: mov    0xfffffe60(%rbp)[8byte] -> %r11
	Instruction: mov    %eax -> %edx
	Instruction: cmp    (%rdi,%rax,8)[8byte] %r11
	Instruction: jnz    $0x00007f43bd9930ea
[ARKADE BB END] handling event_bb is done.




[ARKADE BB START] Basic Block is detected -> event_bb_insert is called.

	Instruction: add    $0x0000000000000001 %rax -> %rax
	Instruction: cmp    %rcx %rax
	Instruction: jz     $0x00007f43bd993295
[ARKADE BB END] handling event_bb is done.




[ARKADE BB START] Basic Block is detected -> event_bb_insert is called.

	Instruction: lea    0xffffffff(%rax) -> %eax
	Instruction: mov    0xfffffe68(%rbp)[4byte] -> %ecx
	Instruction: mov    (%rdi,%rax,8)[8byte] -> %rax
	Instruction: mov    %rax -> <rel> 0x00007f43bd9bda08[8byte]
	Instruction: test   %ecx %ecx
	Instruction: jnz    $0x00007f43bd994f30
[ARKADE BB END] handling event_bb is done.




[ARKADE BB START] Basic Block is detected -> event_bb_insert is called.

	Instruction: add    $0x00000001 %edx -> %edx
	Instruction: xor    %ecx %ecx -> %ecx
	Instruction: cmp    %edx %esi
	Instruction: jnb    $0x00007f43bd99312f
[ARKADE BB END] handling event_bb is done.




[ARKADE BB START] Basic Block is detected -> event_bb_insert is called.

	Instruction: mov    <rel> 0x00007f43bd9bc7b8[8byte] -> %rdx
	Instruction: mov    %rcx -> <rel> 0x00007f43bd9bda00[8byte]
	Instruction: mov    0x18(%rax)[8byte] -> %rsi
	Instruction: test   %rdx %rdx
	Instruction: jz     $0x00007f43bd993154
[ARKADE BB END] handling event_bb is done.




[ARKADE BB START] Basic Block is detected -> event_bb_insert is called.

	Instruction: cmp    %rdx %rsi
	Instruction: jnz    $0x00007f43bd993154
[ARKADE BB END] handling event_bb is done.




[ARKADE BB START] Basic Block is detected -> event_bb_insert is called.

	Instruction: cmp    %rsi %rcx
	Instruction: jnz    $0x00007f43bd994159
[ARKADE BB END] handling event_bb is done.




[ARKADE BB START] Basic Block is detected -> event_bb_insert is called.

	Instruction: mov    0xfffffe60(%rbp)[8byte] -> %rcx
	Instruction: mov    %rcx -> 0x18(%rax)[8byte]
	Instruction: mov    <rel> 0x00007f43bd9bda00[8byte] -> %rdx
	Instruction: test   %rdx %rdx
	Instruction: jz     $0x00007f43bd99374b
[ARKADE BB END] handling event_bb is done.




[ARKADE BB START] Basic Block is detected -> event_bb_insert is called.

	Instruction: mov    $0x01 -> 0xfffffe58(%rbp)[1byte]
	Instruction: jmp    $0x00007f43bd99329c
[ARKADE BB END] handling event_bb is done.




[ARKADE BB START] Basic Block is detected -> event_bb_insert is called.

	Instruction: mov    0xfffffe68(%rbp)[4byte] -> %r12d
	Instruction: mov    %ebx -> 0xfffffec4(%rbp)[4byte]
	Instruction: xor    %eax %eax -> %eax
	Instruction: lea    0xfffffec0(%rbp) -> %rbx
	Instruction: mov    %rbx -> %rdx
	Instruction: lea    <rel> 0x00007f43bd990db0 -> %rsi
	Instruction: lea    <rel> 0x00007f43bd990280 -> %rdi
	Instruction: test   %r12d %r12d
	Instruction: setz    -> %al
	Instruction: mov    %eax -> 0xfffffec0(%rbp)[4byte]
	Instruction: call   $0x00007f43bd9acd90 %rsp -> %rsp 0xfffffff8(%rsp)[8byte]
[ARKADE BB END] handling event_bb is done.




[ARKADE BB START] Basic Block is detected -> event_bb_insert is called.

	Instruction: nop    %edx
	Instruction: push   %rbp %rsp -> %rsp 0xfffffff8(%rsp)[8byte]
	Instruction: mov    %rdi -> %r8
	Instruction: mov    %rdx -> %rdi
	Instruction: push   %rbx %rsp -> %rsp 0xfffffff8(%rsp)[8byte]
	Instruction: sub    $0x0000000000000008 %rsp -> %rsp
	Instruction: mov    <rel> 0x00007f43bd9be108[8byte] -> %rbp
	Instruction: mov    <rel> 0x00007f43bd9be100[8byte] -> %rbx
	Instruction: mov    $0x0000000000000000 -> <rel> 0x00007f43bd9be108[8byte]
	Instruction: mov    %r8 -> <rel> 0x00007f43bd9be100[8byte]
	Instruction: call   %rsi %rsp -> %rsp 0xfffffff8(%rsp)[8byte]
[ARKADE BB END] handling event_bb is done.




[ARKADE BB START] Basic Block is detected -> event_bb_insert is called.

	Instruction: nop    %edx
	Instruction: push   %rbx %rsp -> %rsp 0xfffffff8(%rsp)[8byte]
	Instruction: mov    %rdi -> %rbx
	Instruction: mov    0x04(%rdi)[4byte] -> %edx
	Instruction: mov    $0x00000001 -> %esi
	Instruction: mov    <rel> 0x00007f43bd9bd060[8byte] -> %rdi
	Instruction: call   $0x00007f43bd9a2550 %rsp -> %rsp 0xfffffff8(%rsp)[8byte]
[ARKADE BB END] handling event_bb is done.




[ARKADE BB START] Basic Block is detected -> event_bb_insert is called.

	Instruction: nop    %edx
	Instruction: push   %r13 %rsp -> %rsp 0xfffffff8(%rsp)[8byte]
	Instruction: push   %r12 %rsp -> %rsp 0xfffffff8(%rsp)[8byte]
	Instruction: push   %rbp %rsp -> %rsp 0xfffffff8(%rsp)[8byte]
	Instruction: push   %rbx %rsp -> %rsp 0xfffffff8(%rsp)[8byte]
	Instruction: sub    $0x0000000000000008 %rsp -> %rsp
	Instruction: test   %rdi %rdi
	Instruction: jz     $0x00007f43bd9a25c0
[ARKADE BB END] handling event_bb is done.




[ARKADE BB START] Basic Block is detected -> event_bb_insert is called.

	Instruction: mov    %rdi -> %rbx
	Instruction: mov    %esi -> %ebp
	Instruction: mov    %edx -> %r13d
	Instruction: xor    %r12d %r12d -> %r12d
	Instruction: data16 nop
	Instruction: test   0x0000031d(%rbx)[1byte] $0x02
	Instruction: jz     $0x00007f43bd9a2590
[ARKADE BB END] handling event_bb is done.




[ARKADE BB START] Basic Block is detected -> event_bb_insert is called.

	Instruction: mov    %rbx -> %rdi
	Instruction: mov    %r13d -> %edx
	Instruction: mov    %ebp -> %esi
	Instruction: call   $0x00007f43bd9a1dd0 %rsp -> %rsp 0xfffffff8(%rsp)[8byte]
[ARKADE BB END] handling event_bb is done.




[ARKADE BB START] Basic Block is detected -> event_bb_insert is called.

	Instruction: nop    %edx
	Instruction: push   %r15 %rsp -> %rsp 0xfffffff8(%rsp)[8byte]
	Instruction: push   %r14 %rsp -> %rsp 0xfffffff8(%rsp)[8byte]
	Instruction: push   %r13 %rsp -> %rsp 0xfffffff8(%rsp)[8byte]
	Instruction: push   %r12 %rsp -> %rsp 0xfffffff8(%rsp)[8byte]
	Instruction: push   %rbp %rsp -> %rsp 0xfffffff8(%rsp)[8byte]
	Instruction: push   %rbx %rsp -> %rsp 0xfffffff8(%rsp)[8byte]
	Instruction: sub    $0x00000000000000a8 %rsp -> %rsp
	Instruction: mov    0x68(%rdi)[8byte] -> %rax
	Instruction: mov    %esi -> 0x48(%rsp)[4byte]
	Instruction: mov    %edx -> 0x4c(%rsp)[4byte]
	Instruction: test   %rax %rax
	Instruction: jz     $0x00007f43bd9a2444
[ARKADE BB END] handling event_bb is done.




[ARKADE BB START] Basic Block is detected -> event_bb_insert is called.

	Instruction: mov    0x08(%rax)[8byte] -> %rax
	Instruction: mov    0x00000170(%rdi)[8byte] -> %rcx
	Instruction: mov    %rdi -> %r14
	Instruction: mov    %rax -> 0x10(%rsp)[8byte]
	Instruction: mov    0x00000160(%rdi)[8byte] -> %rax
	Instruction: mov    %rcx -> 0x50(%rsp)[8byte]
	Instruction: mov    %rax -> 0x58(%rsp)[8byte]
	Instruction: test   %rax %rax
	Instruction: jz     $0x00007f43bd9a22f3
[ARKADE BB END] handling event_bb is done.




[ARKADE BB START] Basic Block is detected -> event_bb_insert is called.

	Instruction: mov    0x08(%rax)[8byte] -> %rax
	Instruction: add    (%rdi)[8byte] %rax -> %rax
	Instruction: xor    %r13d %r13d -> %r13d
	Instruction: mov    $0x00000000 -> 0x44(%rsp)[4byte]
	Instruction: data16 cmp    (%rax)[2byte] $0x0001
	Instruction: mov    %rax -> 0x38(%rsp)[8byte]
	Instruction: lea    <rel> 0x00007f43bd9b7cf0 -> %r15
	Instruction: jnz    $0x00007f43bd9a2451
[ARKADE BB END] handling event_bb is done.




[ARKADE BB START] Basic Block is detected -> event_bb_insert is called.

	Instruction: mov    0x38(%rsp)[8byte] -> %rax
	Instruction: mov    %r13d -> %r14d
	Instruction: mov    %rdi -> %r13
	Instruction: data16 nop    0x00(%rax,%rax)[4byte]
	Instruction: mov    0x04(%rax)[4byte] -> %ebx
	Instruction: mov    0x30(%r13)[8byte] -> %rax
	Instruction: lea    <rel> 0x00007f43bd9bd060 -> %rdi
	Instruction: add    0x10(%rsp)[8byte] %rbx -> %rbx
	Instruction: lea    (%rax,%rax,8) -> %rax
	Instruction: shl    $0x0000000000000004 %rax -> %rax
	Instruction: mov    (%rdi,%rax)[8byte] -> %rbp
	Instruction: test   %rbp %rbp
	Instruction: jnz    $0x00007f43bd9a1e9d
[ARKADE BB END] handling event_bb is done.




[ARKADE BB START] Basic Block is detected -> event_bb_insert is called.

	Instruction: mov    %rbp -> %rsi
	Instruction: mov    %rbx -> %rdi
	Instruction: call   $0x00007f43bd9a1b90 %rsp -> %rsp 0xfffffff8(%rsp)[8byte]
[ARKADE BB END] handling event_bb is done.




[ARKADE BB START] Basic Block is detected -> event_bb_insert is called.

	Instruction: test   %eax %eax
	Instruction: jz     $0x00007f43bd9a1e90
[ARKADE BB END] handling event_bb is done.




[ARKADE BB START] Basic Block is detected -> event_bb_insert is called.

	Instruction: mov    0x18(%rbp)[8byte] -> %rbp
	Instruction: test   %rbp %rbp
	Instruction: jz     $0x00007f43bd9a2160
[ARKADE BB END] handling event_bb is done.




[ARKADE BB START] Basic Block is detected -> event_bb_insert is called.

	Instruction: mov    0x4c(%rsp)[4byte] -> %ecx
	Instruction: test   %ecx %ecx
	Instruction: jnz    $0x00007f43bd9a2240
[ARKADE BB END] handling event_bb is done.




[ARKADE BB START] Basic Block is detected -> event_bb_insert is called.

	Instruction: mov    0x38(%rsp)[8byte] -> %rax
	Instruction: mov    %rbp -> 0x18(%rsp)[8byte]
	Instruction: mov    %r13 -> 0x08(%rsp)[8byte]
	Instruction: mov    0x08(%rax)[4byte] -> %ebx
	Instruction: add    %rax %rbx -> %rbx
	Instruction: lea    0x80(%rsp) -> %rax
	Instruction: mov    %rax -> 0x30(%rsp)[8byte]
	Instruction: data16 nop    0x00(%rax,%rax)[4byte]
	Instruction: movzx  0x04(%rbx)[2byte] -> %eax
	Instruction: mov    0x08(%rbx)[4byte] -> %r12d
	Instruction: add    0x10(%rsp)[8byte] %r12 -> %r12
	Instruction: mov    (%rbx)[4byte] -> %r13d
	Instruction: data16 mov    %ax -> 0x42(%rsp)[2byte]
	Instruction: mov    0x18(%rsp)[8byte] -> %rax
	Instruction: mov    0x28(%rax)[8byte] -> %rbp
	Instruction: mov    0x08(%rsp)[8byte] -> %rax
	Instruction: mov    0x08(%rax)[8byte] -> %r8
	Instruction: cmp    (%r8)[1byte] $0x00
	Instruction: jnz    $0x00007f43bd9a1f25
[ARKADE BB END] handling event_bb is done.




[ARKADE BB START] Basic Block is detected -> event_bb_insert is called.

	Instruction: mov    <rel> 0x00007f43bd9bc600[8byte] -> %rax
	Instruction: mov    (%rax)[8byte] -> %r8
	Instruction: lea    <rel> 0x00007f43bd9b4092 -> %rax
	Instruction: test   %r8 %r8
	Instruction: cmovz  %rax -> %r8
	Instruction: mov    0x68(%rbp)[8byte] -> %rax
	Instruction: mov    0x08(%rax)[8byte] -> %rax
	Instruction: mov    %rax -> (%rsp)[8byte]
	Instruction: lea    <rel> 0x00007f43bd9bc620 -> %rax
	Instruction: test   (%rax)[1byte] $0x10
	Instruction: jnz    $0x00007f43bd9a2108
[ARKADE BB END] handling event_bb is done.




[ARKADE BB START] Basic Block is detected -> event_bb_insert is called.

	Instruction: mov    0x00000170(%rbp)[8byte] -> %rax
	Instruction: test   %rax %rax
	Instruction: jz     $0x00007f43bd9a20c0
[ARKADE BB END] handling event_bb is done.




[ARKADE BB START] Basic Block is detected -> event_bb_insert is called.

	Instruction: mov    0x08(%rax)[8byte] -> %rdx
	Instruction: test   %rdx %rdx
	Instruction: jz     $0x00007f43bd9a24e4
[ARKADE BB END] handling event_bb is done.




[ARKADE BB START] Basic Block is detected -> event_bb_insert is called.

	Instruction: add    0x00(%rbp)[8byte] %rdx -> %rdx
	Instruction: data16 cmp    (%rdx)[2byte] $0x0001
	Instruction: jnz    $0x00007f43bd9a1fa7
[ARKADE BB END] handling event_bb is done.




[ARKADE BB START] Basic Block is detected -> event_bb_insert is called.

	Instruction: mov    %r8 -> 0x28(%rsp)[8byte]
	Instruction: mov    %rbp -> 0x20(%rsp)[8byte]
	Instruction: mov    %rbx -> %rbp
	Instruction: mov    %r13d -> %ebx
	Instruction: mov    %rdx -> %r13
	Instruction: cmp    %ebx 0x08(%r13)[4byte]
	Instruction: jz     $0x00007f43bd9a2070
[ARKADE BB END] handling event_bb is done.




[ARKADE BB START] Basic Block is detected -> event_bb_insert is called.

	Instruction: mov    0x10(%r13)[4byte] -> %eax
	Instruction: test   %eax %eax
	Instruction: jz     $0x00007f43bd9a21e0
[ARKADE BB END] handling event_bb is done.




[ARKADE BB START] Basic Block is detected -> event_bb_insert is called.

	Instruction: add    %rax %r13 -> %r13
	Instruction: data16 cmp    0x00(%r13)[2byte] $0x0001
	Instruction: jz     $0x00007f43bd9a1f7b
[ARKADE BB END] handling event_bb is done.




[ARKADE BB START] Basic Block is detected -> event_bb_insert is called.

	Instruction: cmp    %ebx 0x08(%r13)[4byte]
	Instruction: jz     $0x00007f43bd9a2070
[ARKADE BB END] handling event_bb is done.




[ARKADE BB START] Basic Block is detected -> event_bb_insert is called.

	Instruction: mov    0x0c(%r13)[4byte] -> %eax
	Instruction: mov    %r12 -> %rdi
	Instruction: mov    0x00(%r13,%rax)[4byte] -> %esi
	Instruction: add    (%rsp)[8byte] %rsi -> %rsi
	Instruction: call   $0x00007f43bd9ae600 %rsp -> %rsp 0xfffffff8(%rsp)[8byte]
[ARKADE BB END] handling event_bb is done.




[ARKADE BB START] Basic Block is detected -> event_bb_insert is called.

	Instruction: test   %eax %eax
	Instruction: jnz    $0x00007f43bd9a1f85
[ARKADE BB END] handling event_bb is done.




[ARKADE BB START] Basic Block is detected -> event_bb_insert is called.

	Instruction: mov    %rbp -> %rbx
	Instruction: jmp    $0x00007f43bd9a204b
[ARKADE BB END] handling event_bb is done.




[ARKADE BB START] Basic Block is detected -> event_bb_insert is called.

	Instruction: movzx  0x06(%rbx)[2byte] -> %eax
	Instruction: and    $0x00007fff %eax -> %eax
	Instruction: cmp    %r14d %eax
	Instruction: cmovb  %eax -> %r14d
	Instruction: mov    0x0c(%rbx)[4byte] -> %eax
	Instruction: test   %eax %eax
	Instruction: jz     $0x00007f43bd9a2098
[ARKADE BB END] handling event_bb is done.




[ARKADE BB START] Basic Block is detected -> event_bb_insert is called.

	Instruction: mov    0x08(%rsp)[8byte] -> %r13
	Instruction: mov    0x38(%rsp)[8byte] -> %rdi
	Instruction: mov    0x0c(%rdi)[4byte] -> %eax
	Instruction: test   %eax %eax
	Instruction: jz     $0x00007f43bd9a2252
[ARKADE BB END] handling event_bb is done.




[ARKADE BB START] Basic Block is detected -> event_bb_insert is called.

	Instruction: mov    %r13 -> %rax
	Instruction: cmp    0x50(%rsp)[8byte] $0x0000000000000000
	Instruction: mov    %r14d -> %r13d
	Instruction: mov    %rax -> %r14
	Instruction: jz     $0x00007f43bd9a2294
[ARKADE BB END] handling event_bb is done.




[ARKADE BB START] Basic Block is detected -> event_bb_insert is called.

	Instruction: test   %r13d %r13d
	Instruction: jnz    $0x00007f43bd9a230c
[ARKADE BB END] handling event_bb is done.




[ARKADE BB START] Basic Block is detected -> event_bb_insert is called.

	Instruction: lea    0x01(%r13) -> %edi
	Instruction: mov    $0x00000018 -> %esi
	Instruction: mov    %rdi -> %rbx
	Instruction: call   $0x00007f43bd9900c0 %rsp -> %rsp 0xfffffff8(%rsp)[8byte]
[ARKADE BB END] handling event_bb is done.
[ARKADE MALLOC CALLED] Malloc (Nonuser Code) (size: 72)
[ARKADE MALLOC CALLED] Module start: 0x00007f43bd98f000
[ARKADE MALLOC CALLED] Module end: 0x00007f43bd9bf000
[ARKADE MALLOC CALLED] Module full path: /lib/x86_64-linux-gnu/ld-2.31.so
[ARKADE MALLOC CALLED] Caller (Nonuser Code): _dl_check_map_versions (/build/glibc-FcRMwW/glibc-2.31/elf/dl-version.c:273)




[ARKADE BB START] Basic Block is detected -> event_bb_insert is called.

	Instruction: mov    %rax -> 0x000002e8(%r14)[8byte]
	Instruction: mov    %rax -> %rsi
	Instruction: test   %rax %rax
	Instruction: jz     $0x00007f43bd9a2503
[ARKADE BB END] handling event_bb is done.
[ARKADE MALLOC RETURN] Malloc (Nonuser Code) return base address: 0x00007f43bd9c3d90, Size: 72, Active: true




[ARKADE BB START] Basic Block is detected -> event_bb_insert is called.

	Instruction: mov    0x000001d0(%r14)[8byte] -> %rax
	Instruction: mov    %ebx -> 0x000002f0(%r14)[4byte]
	Instruction: mov    0x08(%rax)[8byte] -> %rax
	Instruction: mov    %rax -> 0x00000340(%r14)[8byte]
	Instruction: mov    0x58(%rsp)[8byte] -> %rax
	Instruction: test   %rax %rax
	Instruction: jz     $0x00007f43bd9a23dc
[ARKADE BB END] handling event_bb is done.




[ARKADE BB START] Basic Block is detected -> event_bb_insert is called.

	Instruction: mov    0x10(%rsp)[8byte] -> %r8
	Instruction: mov    0x08(%rax)[8byte] -> %rdi
	Instruction: add    (%r14)[8byte] %rdi -> %rdi
	Instruction: nop    0x00(%rax,%rax)[4byte]
	Instruction: mov    0x08(%rdi)[4byte] -> %edx
	Instruction: add    %rdi %rdx -> %rdx
	Instruction: jmp    $0x00007f43bd9a23a9
[ARKADE BB END] handling event_bb is done.




[ARKADE BB START] Basic Block is detected -> event_bb_insert is called.

	Instruction: movzx  0x06(%rdx)[2byte] -> %eax
	Instruction: mov    %eax -> %r9d
	Instruction: mov    %eax -> %ecx
	Instruction: and    $0x00007fff %r9d -> %r9d
	Instruction: data16 and    $0x7fff %cx -> %cx
	Instruction: cmp    %ebx %r9d
	Instruction: jnbe   $0x00007f43bd9a2370
[ARKADE BB END] handling event_bb is done.




[ARKADE BB START] Basic Block is detected -> event_bb_insert is called.

	Instruction: movzx  %cx -> %ecx
	Instruction: data16 and    $0x8000 %ax -> %ax
	Instruction: mov    (%rdx)[4byte] -> %r9d
	Instruction: lea    (%rcx,%rcx,2) -> %rcx
	Instruction: movzx  %ax -> %eax
	Instruction: lea    (%rsi,%rcx,8) -> %rcx
	Instruction: mov    %eax -> 0x0c(%rcx)[4byte]
	Instruction: mov    0x08(%rdx)[4byte] -> %eax
	Instruction: mov    %r9d -> 0x08(%rcx)[4byte]
	Instruction: add    %r8 %rax -> %rax
	Instruction: mov    %rax -> (%rcx)[8byte]
	Instruction: mov    0x04(%rdi)[4byte] -> %eax
	Instruction: add    %r8 %rax -> %rax
	Instruction: mov    %rax -> 0x10(%rcx)[8byte]
	Instruction: mov    0x0c(%rdx)[4byte] -> %eax
	Instruction: test   %eax %eax
	Instruction: jz     $0x00007f43bd9a23d0
[ARKADE BB END] handling event_bb is done.




[ARKADE BB START] Basic Block is detected -> event_bb_insert is called.

	Instruction: mov    0x0c(%rdi)[4byte] -> %eax
	Instruction: test   %eax %eax
	Instruction: jz     $0x00007f43bd9a23dc
[ARKADE BB END] handling event_bb is done.




[ARKADE BB START] Basic Block is detected -> event_bb_insert is called.

	Instruction: mov    0x50(%rsp)[8byte] -> %rax
	Instruction: test   %rax %rax
	Instruction: jz     $0x00007f43bd9a2299
[ARKADE BB END] handling event_bb is done.




[ARKADE BB START] Basic Block is detected -> event_bb_insert is called.

	Instruction: mov    0x44(%rsp)[4byte] -> %eax
	Instruction: add    $0x00000000000000a8 %rsp -> %rsp
	Instruction: pop    %rsp (%rsp)[8byte] -> %rbx %rsp
	Instruction: pop    %rsp (%rsp)[8byte] -> %rbp %rsp
	Instruction: pop    %rsp (%rsp)[8byte] -> %r12 %rsp
	Instruction: pop    %rsp (%rsp)[8byte] -> %r13 %rsp
	Instruction: pop    %rsp (%rsp)[8byte] -> %r14 %rsp
	Instruction: pop    %rsp (%rsp)[8byte] -> %r15 %rsp
	Instruction: ret    %rsp (%rsp)[8byte] -> %rsp
[ARKADE BB END] handling event_bb is done.




[ARKADE BB START] Basic Block is detected -> event_bb_insert is called.

	Instruction: mov    0x18(%rbx)[8byte] -> %rbx
	Instruction: test   %eax %eax
	Instruction: setnz   -> %al
	Instruction: movzx  %al -> %eax
	Instruction: or     %eax %r12d -> %r12d
	Instruction: test   %rbx %rbx
	Instruction: jnz    $0x00007f43bd9a2570
[ARKADE BB END] handling event_bb is done.




[ARKADE BB START] Basic Block is detected -> event_bb_insert is called.

	Instruction: test   0x0000031d(%rbx)[1byte] $0x02
	Instruction: jz     $0x00007f43bd9a2590
[ARKADE BB END] handling event_bb is done.




[ARKADE BB START] Basic Block is detected -> event_bb_insert is called.

	Instruction: xor    %r13d %r13d -> %r13d
	Instruction: cmp    0x50(%rsp)[8byte] $0x0000000000000000
	Instruction: mov    $0x00000000 -> 0x44(%rsp)[4byte]
	Instruction: jnz    $0x00007f43bd9a2263
[ARKADE BB END] handling event_bb is done.




[ARKADE BB START] Basic Block is detected -> event_bb_insert is called.

	Instruction: mov    0x50(%rsp)[8byte] -> %rax
	Instruction: mov    0x08(%rax)[8byte] -> %rdx
	Instruction: add    (%r14)[8byte] %rdx -> %rdx
	Instruction: jmp    $0x00007f43bd9a227d
[ARKADE BB END] handling event_bb is done.




[ARKADE BB START] Basic Block is detected -> event_bb_insert is called.

	Instruction: movzx  0x04(%rdx)[2byte] -> %eax
	Instruction: and    $0x00007fff %eax -> %eax
	Instruction: cmp    %r13d %eax
	Instruction: cmovb  %eax -> %r13d
	Instruction: mov    0x10(%rdx)[4byte] -> %eax
	Instruction: test   %eax %eax
	Instruction: jnz    $0x00007f43bd9a2278
[ARKADE BB END] handling event_bb is done.




[ARKADE BB START] Basic Block is detected -> event_bb_insert is called.

	Instruction: mov    %eax -> %eax
	Instruction: add    %rax %rdx -> %rdx
	Instruction: movzx  0x04(%rdx)[2byte] -> %eax
	Instruction: and    $0x00007fff %eax -> %eax
	Instruction: cmp    %r13d %eax
	Instruction: cmovb  %eax -> %r13d
	Instruction: mov    0x10(%rdx)[4byte] -> %eax
	Instruction: test   %eax %eax
	Instruction: jnz    $0x00007f43bd9a2278
[ARKADE BB END] handling event_bb is done.
[ARKADE MALLOC CALLED] Malloc (Nonuser Code) (size: 72)
[ARKADE MALLOC CALLED] Module start: 0x00007f43bd98f000
[ARKADE MALLOC CALLED] Module end: 0x00007f43bd9bf000
[ARKADE MALLOC CALLED] Module full path: /lib/x86_64-linux-gnu/ld-2.31.so
[ARKADE MALLOC CALLED] Caller (Nonuser Code): _dl_check_map_versions (/build/glibc-FcRMwW/glibc-2.31/elf/dl-version.c:273)
[ARKADE MALLOC RETURN] Malloc (Nonuser Code) return base address: 0x00007f43bd9c3de0, Size: 72, Active: true




[ARKADE BB START] Basic Block is detected -> event_bb_insert is called.

	Instruction: mov    0x08(%rax)[8byte] -> %rax
	Instruction: mov    0x10(%rsp)[8byte] -> %r8
	Instruction: add    (%r14)[8byte] %rax -> %rax
	Instruction: jmp    $0x00007f43bd9a2432
[ARKADE BB END] handling event_bb is done.




[ARKADE BB START] Basic Block is detected -> event_bb_insert is called.

	Instruction: test   0x02(%rax)[1byte] $0x01
	Instruction: jz     $0x00007f43bd9a23f8
[ARKADE BB END] handling event_bb is done.




[ARKADE BB START] Basic Block is detected -> event_bb_insert is called.

	Instruction: mov    0x10(%rax)[4byte] -> %edx
	Instruction: test   %edx %edx
	Instruction: jnz    $0x00007f43bd9a242f
[ARKADE BB END] handling event_bb is done.




[ARKADE BB START] Basic Block is detected -> event_bb_insert is called.

	Instruction: add    %rdx %rax -> %rax
	Instruction: test   0x02(%rax)[1byte] $0x01
	Instruction: jz     $0x00007f43bd9a23f8
[ARKADE BB END] handling event_bb is done.




[ARKADE BB START] Basic Block is detected -> event_bb_insert is called.

	Instruction: mov    0x0c(%rax)[4byte] -> %ecx
	Instruction: movzx  0x04(%rax)[2byte] -> %edx
	Instruction: mov    0x08(%rax)[4byte] -> %edi
	Instruction: mov    (%rax,%rcx)[4byte] -> %ecx
	Instruction: and    $0x00007fff %edx -> %edx
	Instruction: lea    (%rdx,%rdx,2) -> %rdx
	Instruction: lea    (%rsi,%rdx,8) -> %rdx
	Instruction: add    %r8 %rcx -> %rcx
	Instruction: mov    %edi -> 0x08(%rdx)[4byte]
	Instruction: mov    %rcx -> (%rdx)[8byte]
	Instruction: mov    $0x0000000000000000 -> 0x10(%rdx)[8byte]
	Instruction: mov    0x10(%rax)[4byte] -> %edx
	Instruction: test   %edx %edx
	Instruction: jz     $0x00007f43bd9a2299
[ARKADE BB END] handling event_bb is done.




[ARKADE BB START] Basic Block is detected -> event_bb_insert is called.

	Instruction: mov    0x68(%rbp)[8byte] -> %rax
	Instruction: mov    0x08(%rax)[8byte] -> %rax
	Instruction: mov    %rax -> (%rsp)[8byte]
	Instruction: lea    <rel> 0x00007f43bd9bc620 -> %rax
	Instruction: test   (%rax)[1byte] $0x10
	Instruction: jnz    $0x00007f43bd9a2108
[ARKADE BB END] handling event_bb is done.




[ARKADE BB START] Basic Block is detected -> event_bb_insert is called.

	Instruction: add    %rax %rbx -> %rbx
	Instruction: jmp    $0x00007f43bd9a1ee0
[ARKADE BB END] handling event_bb is done.




[ARKADE BB START] Basic Block is detected -> event_bb_insert is called.

	Instruction: movzx  0x04(%rbx)[2byte] -> %eax
	Instruction: mov    0x08(%rbx)[4byte] -> %r12d
	Instruction: add    0x10(%rsp)[8byte] %r12 -> %r12
	Instruction: mov    (%rbx)[4byte] -> %r13d
	Instruction: data16 mov    %ax -> 0x42(%rsp)[2byte]
	Instruction: mov    0x18(%rsp)[8byte] -> %rax
	Instruction: mov    0x28(%rax)[8byte] -> %rbp
	Instruction: mov    0x08(%rsp)[8byte] -> %rax
	Instruction: mov    0x08(%rax)[8byte] -> %r8
	Instruction: cmp    (%r8)[1byte] $0x00
	Instruction: jnz    $0x00007f43bd9a1f25
[ARKADE BB END] handling event_bb is done.
[ARKADE MALLOC CALLED] Malloc (Nonuser Code) (size: 840)
[ARKADE MALLOC CALLED] Module start: 0x00007f43bd98f000
[ARKADE MALLOC CALLED] Module end: 0x00007f43bd9bf000
[ARKADE MALLOC CALLED] Module full path: /lib/x86_64-linux-gnu/ld-2.31.so
[ARKADE MALLOC CALLED] Caller (Nonuser Code): _dl_check_map_versions (/build/glibc-FcRMwW/glibc-2.31/elf/dl-version.c:273)
[ARKADE MALLOC RETURN] Malloc (Nonuser Code) return base address: 0x00007f43bd9c3e30, Size: 840, Active: true




[ARKADE BB START] Basic Block is detected -> event_bb_insert is called.

	Instruction: add    %rax %rdx -> %rdx
	Instruction: movzx  0x06(%rdx)[2byte] -> %eax
	Instruction: mov    %eax -> %r9d
	Instruction: mov    %eax -> %ecx
	Instruction: and    $0x00007fff %r9d -> %r9d
	Instruction: data16 and    $0x7fff %cx -> %cx
	Instruction: cmp    %ebx %r9d
	Instruction: jnbe   $0x00007f43bd9a2370
[ARKADE BB END] handling event_bb is done.
[ARKADE MALLOC CALLED] Malloc (Nonuser Code) (size: 144)
[ARKADE MALLOC CALLED] Module start: 0x00007f43bd98f000
[ARKADE MALLOC CALLED] Module end: 0x00007f43bd9bf000
[ARKADE MALLOC CALLED] Module full path: /lib/x86_64-linux-gnu/ld-2.31.so
[ARKADE MALLOC CALLED] Caller (Nonuser Code): _dl_check_map_versions (/build/glibc-FcRMwW/glibc-2.31/elf/dl-version.c:273)
[ARKADE MALLOC RETURN] Malloc (Nonuser Code) return base address: 0x00007f43bd9c4180, Size: 144, Active: true




[ARKADE BB START] Basic Block is detected -> event_bb_insert is called.

	Instruction: add    $0x0000000000000008 %rsp -> %rsp
	Instruction: mov    %r12d -> %eax
	Instruction: pop    %rsp (%rsp)[8byte] -> %rbx %rsp
	Instruction: pop    %rsp (%rsp)[8byte] -> %rbp %rsp
	Instruction: pop    %rsp (%rsp)[8byte] -> %r12 %rsp
	Instruction: pop    %rsp (%rsp)[8byte] -> %r13 %rsp
	Instruction: ret    %rsp (%rsp)[8byte] -> %rsp
[ARKADE BB END] handling event_bb is done.




[ARKADE BB START] Basic Block is detected -> event_bb_insert is called.

	Instruction: test   %eax %eax
	Instruction: jz     $0x00007f43bd990dd6
[ARKADE BB END] handling event_bb is done.




[ARKADE BB START] Basic Block is detected -> event_bb_insert is called.

	Instruction: pop    %rsp (%rsp)[8byte] -> %rbx %rsp
	Instruction: ret    %rsp (%rsp)[8byte] -> %rsp
[ARKADE BB END] handling event_bb is done.




[ARKADE BB START] Basic Block is detected -> event_bb_insert is called.

	Instruction: mov    %rbp -> <rel> 0x00007f43bd9be108[8byte]
	Instruction: mov    %rbx -> <rel> 0x00007f43bd9be100[8byte]
	Instruction: add    $0x0000000000000008 %rsp -> %rsp
	Instruction: pop    %rsp (%rsp)[8byte] -> %rbx %rsp
	Instruction: pop    %rsp (%rsp)[8byte] -> %rbp %rsp
	Instruction: ret    %rsp (%rsp)[8byte] -> %rsp
[ARKADE BB END] handling event_bb is done.




[ARKADE BB START] Basic Block is detected -> event_bb_insert is called.

	Instruction: movzx  <rel> 0x00007f43bd9be018[1byte] -> %eax
	Instruction: cmp    0xfffffe48(%rbp)[8byte] $0x0000000000000000
	Instruction: mov    %al -> 0xfffffe40(%rbp)[1byte]
	Instruction: jz     $0x00007f43bd994fa8
[ARKADE BB END] handling event_bb is done.




[ARKADE BB START] Basic Block is detected -> event_bb_insert is called.

	Instruction: call   $0x00007f43bd990bf0 %rsp -> %rsp 0xfffffff8(%rsp)[8byte]
[ARKADE BB END] handling event_bb is done.




[ARKADE BB START] Basic Block is detected -> event_bb_insert is called.

	Instruction: push   %rbx %rsp -> %rsp 0xfffffff8(%rsp)[8byte]
	Instruction: mov    <rel> 0x00007f43bd9bdfa0[8byte] -> %rbx
	Instruction: cmp    <rel> 0x00007f43bd9bdfd0[8byte] $0x0000000000000000
	Instruction: mov    %rbx -> <rel> 0x00007f43bd9bdfb0[8byte]
	Instruction: jnz    $0x00007f43bd990d10
[ARKADE BB END] handling event_bb is done.




[ARKADE BB START] Basic Block is detected -> event_bb_insert is called.

	Instruction: lea    0x40(%rbx) -> %rdi
	Instruction: mov    $0x00000001 -> %esi
	Instruction: shl    $0x0000000000000004 %rdi -> %rdi
	Instruction: call   $0x00007f43bd9900c0 %rsp -> %rsp 0xfffffff8(%rsp)[8byte]
[ARKADE BB END] handling event_bb is done.
[ARKADE MALLOC CALLED] Malloc (Nonuser Code) (size: 1040)
[ARKADE MALLOC CALLED] Module start: 0x00007f43bd98f000
[ARKADE MALLOC CALLED] Module end: 0x00007f43bd9bf000
[ARKADE MALLOC CALLED] Module full path: /lib/x86_64-linux-gnu/ld-2.31.so
[ARKADE MALLOC CALLED] Caller (Nonuser Code): init_tls (/build/glibc-FcRMwW/glibc-2.31/elf/rtld.c:711)




[ARKADE BB START] Basic Block is detected -> event_bb_insert is called.

	Instruction: lea    0x3f(%rbx) -> %rdx
	Instruction: cmp    <rel> 0x00007f43bd9bd0f0[8byte] $0x0000000000000000
	Instruction: mov    %rax -> <rel> 0x00007f43bd9bdfa8[8byte]
	Instruction: lea    0x10(%rax) -> %rdi
	Instruction: mov    %rdx -> (%rax)[8byte]
	Instruction: mov    $0x0000000000000000 -> 0x08(%rax)[8byte]
	Instruction: jnz    $0x00007f43bd990d61
[ARKADE BB END] handling event_bb is done.
[ARKADE MALLOC RETURN] Malloc (Nonuser Code) return base address: 0x00007f43bd9c4210, Size: 1040, Active: true




[ARKADE BB START] Basic Block is detected -> event_bb_insert is called.

	Instruction: mov    <rel> 0x00007f43bd9bd060[8byte] -> %rax
	Instruction: test   %rax %rax
	Instruction: jz     $0x00007f43bd990d3b
[ARKADE BB END] handling event_bb is done.




[ARKADE BB START] Basic Block is detected -> event_bb_insert is called.

	Instruction: xor    %esi %esi -> %esi
	Instruction: xor    %edx %edx -> %edx
	Instruction: cmp    0x00000438(%rax)[8byte] $0x0000000000000000
	Instruction: mov    %rdx -> %rcx
	Instruction: jz     $0x00007f43bd990cfe
[ARKADE BB END] handling event_bb is done.




[ARKADE BB START] Basic Block is detected -> event_bb_insert is called.

	Instruction: mov    0x18(%rax)[8byte] -> %rax
	Instruction: test   %rax %rax
	Instruction: jnz    $0x00007f43bd990c5b
[ARKADE BB END] handling event_bb is done.




[ARKADE BB START] Basic Block is detected -> event_bb_insert is called.

	Instruction: cmp    0x00000438(%rax)[8byte] $0x0000000000000000
	Instruction: mov    %rdx -> %rcx
	Instruction: jz     $0x00007f43bd990cfe
[ARKADE BB END] handling event_bb is done.




[ARKADE BB START] Basic Block is detected -> event_bb_insert is called.

	Instruction: shl    $0x0000000000000004 %rdx -> %rdx
	Instruction: add    $0x00000001 %esi -> %esi
	Instruction: mov    %rax -> 0x08(%rdi,%rdx)[8byte]
	Instruction: mov    0x18(%rax)[8byte] -> %rax
	Instruction: movsxd %esi -> %rdx
	Instruction: mov    %rdx -> %rcx
	Instruction: test   %rax %rax
	Instruction: jnz    $0x00007f43bd990c5b
[ARKADE BB END] handling event_bb is done.




[ARKADE BB START] Basic Block is detected -> event_bb_insert is called.

	Instruction: jmp    $0x00007f43bd990c87
[ARKADE BB END] handling event_bb is done.




[ARKADE BB START] Basic Block is detected -> event_bb_insert is called.

	Instruction: cmp    %rbx %rcx
	Instruction: jnz    $0x00007f43bd990d42
[ARKADE BB END] handling event_bb is done.




[ARKADE BB START] Basic Block is detected -> event_bb_insert is called.

	Instruction: call   $0x00007f43bd9a34d0 %rsp -> %rsp 0xfffffff8(%rsp)[8byte]
[ARKADE BB END] handling event_bb is done.




[ARKADE BB START] Basic Block is detected -> event_bb_insert is called.

	Instruction: nop    %edx
	Instruction: push   %r14 %rsp -> %rsp 0xfffffff8(%rsp)[8byte]
	Instruction: push   %r13 %rsp -> %rsp 0xfffffff8(%rsp)[8byte]
	Instruction: push   %r12 %rsp -> %rsp 0xfffffff8(%rsp)[8byte]
	Instruction: mov    <rel> 0x00007f43bd9bdfa8[8byte] -> %r12
	Instruction: push   %rbp %rsp -> %rsp 0xfffffff8(%rsp)[8byte]
	Instruction: push   %rbx %rsp -> %rsp 0xfffffff8(%rsp)[8byte]
	Instruction: test   %r12 %r12
	Instruction: jz     $0x00007f43bd9a3667
[ARKADE BB END] handling event_bb is done.




[ARKADE BB START] Basic Block is detected -> event_bb_insert is called.

	Instruction: cmp    0x08(%r12)[8byte] $0x0000000000000000
	Instruction: jnz    $0x00007f43bd9a3648
[ARKADE BB END] handling event_bb is done.




[ARKADE BB START] Basic Block is detected -> event_bb_insert is called.

	Instruction: mov    0x18(%r12)[8byte] -> %rdi
	Instruction: test   %rdi %rdi
	Instruction: jz     $0x00007f43bd9a3614
[ARKADE BB END] handling event_bb is done.




[ARKADE BB START] Basic Block is detected -> event_bb_insert is called.

	Instruction: mov    (%r12)[8byte] -> %r13
	Instruction: xor    %r9d %r9d -> %r9d
	Instruction: xor    %r11d %r11d -> %r11d
	Instruction: xor    %ebp %ebp -> %ebp
	Instruction: xor    %ebx %ebx -> %ebx
	Instruction: mov    $0x00000040 -> %r10d
	Instruction: jmp    $0x00007f43bd9a356a
[ARKADE BB END] handling event_bb is done.




[ARKADE BB START] Basic Block is detected -> event_bb_insert is called.

	Instruction: cmp    %r13 %r9
	Instruction: jz     $0x00007f43bd9a3629
[ARKADE BB END] handling event_bb is done.




[ARKADE BB START] Basic Block is detected -> event_bb_insert is called.

	Instruction: mov    0x00000440(%rdi)[8byte] -> %rcx
	Instruction: mov    0x00000448(%rdi)[8byte] -> %rax
	Instruction: mov    %rbp -> %rsi
	Instruction: mov    0x00000438(%rdi)[8byte] -> %r8
	Instruction: neg    %rax -> %rax
	Instruction: lea    0xffffffff(%rcx) -> %r14
	Instruction: and    %rax %r14 -> %r14
	Instruction: cmp    %r10 %rcx
	Instruction: cmovb  %rcx -> %r10
	Instruction: sub    %rbx %rsi -> %rsi
	Instruction: cmp    %rsi %r8
	Instruction: jb     $0x00007f43bd9a3520
[ARKADE BB END] handling event_bb is done.




[ARKADE BB START] Basic Block is detected -> event_bb_insert is called.

	Instruction: lea    0xffffffff(%rcx,%r11) -> %rax
	Instruction: xor    %edx %edx -> %edx
	Instruction: add    %r8 %rsi -> %rsi
	Instruction: add    %r8 %rax -> %rax
	Instruction: add    %r11 %rsi -> %rsi
	Instruction: sub    %r14 %rax -> %rax
	Instruction: div    %rcx %rdx %rax -> %rdx %rax
	Instruction: imul   %rcx %rax -> %rax
	Instruction: add    %r14 %rax -> %rax
	Instruction: cmp    %rsi %rax
	Instruction: jnb    $0x00007f43bd9a354b
[ARKADE BB END] handling event_bb is done.




[ARKADE BB START] Basic Block is detected -> event_bb_insert is called.

	Instruction: mov    %rax -> 0x00000450(%rdi)[8byte]
	Instruction: mov    %rax -> %r11
	Instruction: add    $0x0000000000000001 %r9 -> %r9
	Instruction: mov    %r9 -> %rax
	Instruction: shl    $0x0000000000000004 %rax -> %rax
	Instruction: mov    0x18(%r12,%rax)[8byte] -> %rdi
	Instruction: test   %rdi %rdi
	Instruction: jz     $0x00007f43bd9a35d8
[ARKADE BB END] handling event_bb is done.




[ARKADE BB START] Basic Block is detected -> event_bb_insert is called.

	Instruction: lea    0x0000067f(%r11,%r10) -> %rax
	Instruction: xor    %edx %edx -> %edx
	Instruction: div    %r10 %rdx %rax -> %rdx %rax
	Instruction: imul   %r10 %rax -> %rax
	Instruction: add    $0x0000000000000900 %rax -> %rax
	Instruction: movd   %rax -> %xmm0
	Instruction: movd   %r11 -> %xmm1
	Instruction: pop    %rsp (%rsp)[8byte] -> %rbx %rsp
	Instruction: pop    %rsp (%rsp)[8byte] -> %rbp %rsp
	Instruction: mov    %r10 -> <rel> 0x00007f43bd9bdfc8[8byte]
	Instruction: punpcklqdq %xmm1 %xmm0 -> %xmm0
	Instruction: pop    %rsp (%rsp)[8byte] -> %r12 %rsp
	Instruction: pop    %rsp (%rsp)[8byte] -> %r13 %rsp
	Instruction: movups %xmm0 -> <rel> 0x00007f43bd9bdfb8[16byte]
	Instruction: pop    %rsp (%rsp)[8byte] -> %r14 %rsp
	Instruction: ret    %rsp (%rsp)[8byte] -> %rsp
[ARKADE BB END] handling event_bb is done.




[ARKADE BB START] Basic Block is detected -> event_bb_insert is called.

	Instruction: call   $0x00007f43bd9a36b0 %rsp -> %rsp 0xfffffff8(%rsp)[8byte]
[ARKADE BB END] handling event_bb is done.




[ARKADE BB START] Basic Block is detected -> event_bb_insert is called.

	Instruction: nop    %edx
	Instruction: push   %r12 %rsp -> %rsp 0xfffffff8(%rsp)[8byte]
	Instruction: mov    <rel> 0x00007f43bd9bdfc8[8byte] -> %r12
	Instruction: push   %rbp %rsp -> %rsp 0xfffffff8(%rsp)[8byte]
	Instruction: push   %rbx %rsp -> %rsp 0xfffffff8(%rsp)[8byte]
	Instruction: mov    <rel> 0x00007f43bd9bdfb8[8byte] -> %rbx
	Instruction: lea    0x08(%rbx,%r12) -> %rdi
	Instruction: call   $0x00007f43bd9900a0 %rsp -> %rsp 0xfffffff8(%rsp)[8byte]
[ARKADE BB END] handling event_bb is done.
[ARKADE MALLOC CALLED] Malloc (Nonuser Code) (size: 4232)
[ARKADE MALLOC CALLED] Module start: 0x00007f43bd98f000
[ARKADE MALLOC CALLED] Module end: 0x00007f43bd9bf000
[ARKADE MALLOC CALLED] Module full path: /lib/x86_64-linux-gnu/ld-2.31.so
[ARKADE MALLOC CALLED] Caller (Nonuser Code): _dl_allocate_tls_storage (../elf/dl-tls.c:347)




[ARKADE BB START] Basic Block is detected -> event_bb_insert is called.

	Instruction: test   %rax %rax
	Instruction: jz     $0x00007f43bd9a3770
[ARKADE BB END] handling event_bb is done.
[ARKADE MALLOC RETURN] Malloc (Nonuser Code) return base address: 0x00007f43bd9c0000, Size: 4232, Active: true




[ARKADE BB START] Basic Block is detected -> event_bb_insert is called.

	Instruction: mov    %rax -> %rbp
	Instruction: xor    %edx %edx -> %edx
	Instruction: lea    0xffffffff(%rax,%r12) -> %rax
	Instruction: mov    $0x00000010 -> %esi
	Instruction: div    %r12 %rdx %rax -> %rdx %rax
	Instruction: imul   %r12 %rax -> %rax
	Instruction: lea    0xfffff700(%rbx,%rax) -> %r12
	Instruction: xor    %eax %eax -> %eax
	Instruction: lea    0x08(%r12) -> %rdi
	Instruction: mov    %r12 -> %rcx
	Instruction: mov    $0x0000000000000000 -> (%r12)[8byte]
	Instruction: mov    $0x0000000000000000 -> 0x000008f8(%r12)[8byte]
	Instruction: and    $0xfffffffffffffff8 %rdi -> %rdi
	Instruction: sub    %rdi %rcx -> %rcx
	Instruction: add    $0x00000900 %ecx -> %ecx
	Instruction: shr    $0x00000003 %ecx -> %ecx
	Instruction: rep stos %rax %rdi %rcx -> %es:(%rdi)[8byte] %rdi %rcx
	Instruction: mov    %rbp -> 0x00000900(%r12)[8byte]
	Instruction: mov    <rel> 0x00007f43bd9bdfa0[8byte] -> %rdi
	Instruction: lea    0x0e(%rdi) -> %rbx
	Instruction: add    $0x0000000000000010 %rdi -> %rdi
	Instruction: call   $0x00007f43bd9900c0 %rsp -> %rsp 0xfffffff8(%rsp)[8byte]
[ARKADE BB END] handling event_bb is done.




[ARKADE BB START] Basic Block is detected -> event_bb_insert is called.

	Instruction: nop    %edx
	Instruction: jmp    <rel> 0x00007f43bd9bd020[8byte]
[ARKADE BB END] handling event_bb is done.




[ARKADE BB START] Basic Block is detected -> event_bb_insert is called.

	Instruction: nop    %edx
	Instruction: push   %rbp %rsp -> %rsp 0xfffffff8(%rsp)[8byte]
	Instruction: push   %rbx %rsp -> %rsp 0xfffffff8(%rsp)[8byte]
	Instruction: mov    %rdi -> %rbx
	Instruction: sub    $0x0000000000000008 %rsp -> %rsp
	Instruction: mov    <rel> 0x00007f43bd9be0f0[8byte] -> %rdx
	Instruction: mov    <rel> 0x00007f43bd9be0f8[8byte] -> %rax
	Instruction: test   %rdx %rdx
	Instruction: jz     $0x00007f43bd9ac568
[ARKADE BB END] handling event_bb is done.
[ARKADE MALLOC CALLED] Malloc (Nonuser Code) (size: 272)
[ARKADE MALLOC CALLED] Module start: 0x00007f43bd98f000
[ARKADE MALLOC CALLED] Module end: 0x00007f43bd9bf000
[ARKADE MALLOC CALLED] Module full path: /lib/x86_64-linux-gnu/ld-2.31.so
[ARKADE MALLOC CALLED] Caller (Nonuser Code): _dl_allocate_tls_storage (../elf/dl-tls.c:287)




[ARKADE BB START] Basic Block is detected -> event_bb_insert is called.

	Instruction: test   %rax %rax
	Instruction: jz     $0x00007f43bd9a375d
[ARKADE BB END] handling event_bb is done.
[ARKADE MALLOC RETURN] Malloc (Nonuser Code) return base address: 0x00007f43bd9c1090, Size: 272, Active: true




[ARKADE BB START] Basic Block is detected -> event_bb_insert is called.

	Instruction: mov    %rbx -> (%rax)[8byte]
	Instruction: add    $0x0000000000000010 %rax -> %rax
	Instruction: mov    %rax -> 0x08(%r12)[8byte]
	Instruction: mov    %r12 -> %rax
	Instruction: pop    %rsp (%rsp)[8byte] -> %rbx %rsp
	Instruction: pop    %rsp (%rsp)[8byte] -> %rbp %rsp
	Instruction: pop    %rsp (%rsp)[8byte] -> %r12 %rsp
	Instruction: ret    %rsp (%rsp)[8byte] -> %rsp
[ARKADE BB END] handling event_bb is done.




[ARKADE BB START] Basic Block is detected -> event_bb_insert is called.

	Instruction: mov    %rax -> %rsi
	Instruction: test   %rax %rax
	Instruction: jz     $0x00007f43bd990d17
[ARKADE BB END] handling event_bb is done.




[ARKADE BB START] Basic Block is detected -> event_bb_insert is called.

	Instruction: mov    0x08(%rax)[8byte] -> %rax
	Instruction: mov    $0x00001002 -> %edi
	Instruction: mov    %rax -> <rel> 0x00007f43bd9bdfd0[8byte]
	Instruction: mov    $0x0000009e -> %eax
	Instruction: mov    %rsi -> (%rsi)[8byte]
	Instruction: mov    %rsi -> 0x10(%rsi)[8byte]
	Instruction: syscall  -> %rcx %r11
[ARKADE BB END] handling event_bb is done.




[ARKADE BB START] Basic Block is detected -> event_bb_insert is called.

	Instruction: test   %eax %eax
	Instruction: jz     $0x00007f43bd990cf2
[ARKADE BB END] handling event_bb is done.




[ARKADE BB START] Basic Block is detected -> event_bb_insert is called.

	Instruction: mov    %rsi -> %rax
	Instruction: mov    $0x01 -> <rel> 0x00007f43bd9be018[1byte]
	Instruction: pop    %rsp (%rsp)[8byte] -> %rbx %rsp
	Instruction: ret    %rsp (%rsp)[8byte] -> %rsp
[ARKADE BB END] handling event_bb is done.




[ARKADE BB START] Basic Block is detected -> event_bb_insert is called.

	Instruction: mov    %rax -> 0xfffffe48(%rbp)[8byte]
	Instruction: jmp    $0x00007f43bd9932ef
[ARKADE BB END] handling event_bb is done.




[ARKADE BB START] Basic Block is detected -> event_bb_insert is called.

	Instruction: cmp    0xfffffe38(%rbp)[1byte] $0x00
	Instruction: jz     $0x00007f43bd99332c
[ARKADE BB END] handling event_bb is done.




[ARKADE BB START] Basic Block is detected -> event_bb_insert is called.

	Instruction: mov    <rel> 0x00007f43bd9bce50[8byte] -> %rdx
	Instruction: mov    (%rdx)[8byte] -> %rax
	Instruction: xor    %al %al -> %al
	Instruction: mov    %rax -> %fs:0x28[8byte]
	Instruction: mov    0x08(%rdx)[8byte] -> %rax
	Instruction: mov    %rax -> %fs:0x30[8byte]
	Instruction: mov    $0x0000000000000000 -> <rel> 0x00007f43bd9bce50[8byte]
	Instruction: mov    %rax -> <rel> 0x00007f43bd9bc5f0[8byte]
	Instruction: mov    0xfffffe68(%rbp)[4byte] -> %r11d
	Instruction: test   %r11d %r11d
	Instruction: jnz    $0x00007f43bd9942c0
[ARKADE BB END] handling event_bb is done.




[ARKADE BB START] Basic Block is detected -> event_bb_insert is called.

	Instruction: mov    0x00000280(%r15)[8byte] -> %rdx
	Instruction: test   %rdx %rdx
	Instruction: jz     $0x00007f43bd993757
[ARKADE BB END] handling event_bb is done.




[ARKADE BB START] Basic Block is detected -> event_bb_insert is called.

	Instruction: mov    <rel> 0x00007f43bd9bc620[4byte] -> %eax
	Instruction: lea    0x000002c0(%r15) -> %r12
	Instruction: jmp    $0x00007f43bd99345e
[ARKADE BB END] handling event_bb is done.




[ARKADE BB START] Basic Block is detected -> event_bb_insert is called.

	Instruction: movdqu 0x000002c0(%r15)[16byte] -> %xmm6
	Instruction: mov    <rel> 0x00007f43bd9bd9e0[8byte] -> %rdx
	Instruction: mov    %r12 -> <rel> 0x00007f43bd9bd070[8byte]
	Instruction: mov    %rdx -> <rel> 0x00007f43bd9bc7a8[8byte]
	Instruction: movups %xmm6 -> <rel> 0x00007f43bd9bc648[16byte]
	Instruction: test   %ah $0x02
	Instruction: jnz    $0x00007f43bd9941f8
[ARKADE BB END] handling event_bb is done.




[ARKADE BB START] Basic Block is detected -> event_bb_insert is called.

	Instruction: mov    <rel> 0x00007f43bd9bc600[8byte] -> %rax
	Instruction: mov    %r15 -> %rdi
	Instruction: mov    (%rax)[8byte] -> %rsi
	Instruction: call   $0x00007f43bd9aa510 %rsp -> %rsp 0xfffffff8(%rsp)[8byte]
[ARKADE BB END] handling event_bb is done.




[ARKADE BB START] Basic Block is detected -> event_bb_insert is called.

	Instruction: nop    %edx
	Instruction: jmp    $0x00007f43bd9a9e10
[ARKADE BB END] handling event_bb is done.




[ARKADE BB START] Basic Block is detected -> event_bb_insert is called.

	Instruction: push   %r15 %rsp -> %rsp 0xfffffff8(%rsp)[8byte]
	Instruction: push   %r14 %rsp -> %rsp 0xfffffff8(%rsp)[8byte]
	Instruction: push   %r13 %rsp -> %rsp 0xfffffff8(%rsp)[8byte]
	Instruction: push   %r12 %rsp -> %rsp 0xfffffff8(%rsp)[8byte]
	Instruction: push   %rbp %rsp -> %rsp 0xfffffff8(%rsp)[8byte]
	Instruction: push   %rbx %rsp -> %rsp 0xfffffff8(%rsp)[8byte]
	Instruction: sub    $0x0000000000000048 %rsp -> %rsp
	Instruction: mov    <rel> 0x00007f43bd9bdf7c[4byte] -> %ebx
	Instruction: mov    %ebx -> %ecx
	Instruction: shr    $0x00000003 %ebx -> %ebx
	Instruction: and    $0x00000007 %ecx -> %ecx
	Instruction: and    $0x00000007 %ebx -> %ebx
	Instruction: cmp    %ecx $0x00000002
	Instruction: setz    -> %dl
	Instruction: cmp    %ebx $0x00000002
	Instruction: setz    -> %al
	Instruction: and    %dl %al -> %al
	Instruction: jnz    $0x00007f43bd9aa040
[ARKADE BB END] handling event_bb is done.




[ARKADE BB START] Basic Block is detected -> event_bb_insert is called.

	Instruction: mov    <rel> 0x00007f43bd9bdf78[4byte] -> %edx
	Instruction: test   %dl $0x03
	Instruction: jz     $0x00007f43bd9aa040
[ARKADE BB END] handling event_bb is done.




[ARKADE BB START] Basic Block is detected -> event_bb_insert is called.

	Instruction: add    $0x0000000000000048 %rsp -> %rsp
	Instruction: pop    %rsp (%rsp)[8byte] -> %rbx %rsp
	Instruction: pop    %rsp (%rsp)[8byte] -> %rbp %rsp
	Instruction: pop    %rsp (%rsp)[8byte] -> %r12 %rsp
	Instruction: pop    %rsp (%rsp)[8byte] -> %r13 %rsp
	Instruction: pop    %rsp (%rsp)[8byte] -> %r14 %rsp
	Instruction: pop    %rsp (%rsp)[8byte] -> %r15 %rsp
	Instruction: ret    %rsp (%rsp)[8byte] -> %rsp
[ARKADE BB END] handling event_bb is done.




[ARKADE BB START] Basic Block is detected -> event_bb_insert is called.

	Instruction: xor    %r12d %r12d -> %r12d
	Instruction: cmp    <rel> 0x00007f43bd9bc788[8byte] $0x0000000000000000
	Instruction: setnz   -> %r12l
	Instruction: or     %r12d <rel> 0x00007f43bd9bc664[4byte] -> <rel> 0x00007f43bd9bc664[4byte]
	Instruction: rdtsc   -> %edx %eax
	Instruction: mov    %rax -> %rbx
	Instruction: mov    0x000002c8(%r15)[4byte] -> %eax
	Instruction: shl    $0x0000000000000020 %rdx -> %rdx
	Instruction: or     %rdx %rbx -> %rbx
	Instruction: lea    0xffffffff(%rax) -> %r14d
	Instruction: shl    $0x0000000000000003 %r14 -> %r14
	Instruction: test   %eax %eax
	Instruction: jnz    $0x00007f43bd9934ee
[ARKADE BB END] handling event_bb is done.




[ARKADE BB START] Basic Block is detected -> event_bb_insert is called.

	Instruction: mov    0x000003c8(%r15)[8byte] -> %rax
	Instruction: mov    (%rax,%r14)[8byte] -> %r13
	Instruction: mov    0x38(%r13)[8byte] -> %rax
	Instruction: mov    0x08(%rax)[8byte] -> %rax
	Instruction: test   %rax %rax
	Instruction: jnz    $0x00007f43bd993702
[ARKADE BB END] handling event_bb is done.




[ARKADE BB START] Basic Block is detected -> event_bb_insert is called.

	Instruction: mov    $0x00000001 -> 0x10(%rax)[4byte]
	Instruction: mov    0x08(%rax)[8byte] -> %rax
	Instruction: test   %rax %rax
	Instruction: jz     $0x00007f43bd99350a
[ARKADE BB END] handling event_bb is done.




[ARKADE BB START] Basic Block is detected -> event_bb_insert is called.

	Instruction: and    $0xfe 0x0000031e(%r13)[1byte] -> 0x0000031e(%r13)[1byte]
	Instruction: cmp    %r13 0xfffffe60(%rbp)[8byte]
	Instruction: jz     $0x00007f43bd99353a
[ARKADE BB END] handling event_bb is done.




[ARKADE BB START] Basic Block is detected -> event_bb_insert is called.

	Instruction: cmp    0x00000438(%r13)[8byte] $0x0000000000000000
	Instruction: jz     $0x00007f43bd9934e0
[ARKADE BB END] handling event_bb is done.




[ARKADE BB START] Basic Block is detected -> event_bb_insert is called.

	Instruction: sub    $0x0000000000000008 %r14 -> %r14
	Instruction: cmp    %r14 $0xfffffffffffffff8
	Instruction: jz     $0x00007f43bd993720
[ARKADE BB END] handling event_bb is done.




[ARKADE BB START] Basic Block is detected -> event_bb_insert is called.

	Instruction: mov    <rel> 0x00007f43bd9bc664[4byte] -> %esi
	Instruction: xor    %edx %edx -> %edx
	Instruction: mov    %r12d -> %ecx
	Instruction: mov    %r13 -> %rdi
	Instruction: test   %esi %esi
	Instruction: mov    0x00000390(%r13)[8byte] -> %rsi
	Instruction: setnz   -> %dl
	Instruction: call   $0x00007f43bd99c9f0 %rsp -> %rsp 0xfffffff8(%rsp)[8byte]
[ARKADE BB END] handling event_bb is done.




[ARKADE BB START] Basic Block is detected -> event_bb_insert is called.

	Instruction: nop    %edx
	Instruction: push   %rbp %rsp -> %rsp 0xfffffff8(%rsp)[8byte]
	Instruction: mov    %rsp -> %rbp
	Instruction: push   %r15 %rsp -> %rsp 0xfffffff8(%rsp)[8byte]
	Instruction: mov    %rdi -> %r15
	Instruction: push   %r14 %rsp -> %rsp 0xfffffff8(%rsp)[8byte]
	Instruction: push   %r13 %rsp -> %rsp 0xfffffff8(%rsp)[8byte]
	Instruction: push   %r12 %rsp -> %rsp 0xfffffff8(%rsp)[8byte]
	Instruction: push   %rbx %rsp -> %rsp 0xfffffff8(%rsp)[8byte]
	Instruction: mov    %edx -> %ebx
	Instruction: sub    $0x00000000000000d8 %rsp -> %rsp
	Instruction: and    $0x08000000 %edx -> %edx
	Instruction: mov    %rsi -> 0xffffff48(%rbp)[8byte]
	Instruction: mov    %ecx -> 0xffffff3c(%rbp)[4byte]
	Instruction: jnz    $0x00007f43bd99ca37
[ARKADE BB END] handling event_bb is done.




[ARKADE BB START] Basic Block is detected -> event_bb_insert is called.

	Instruction: xor    %eax %eax -> %eax
	Instruction: cmp    <rel> 0x00007f43bd9bc828[8byte] $0x0000000000000000
	Instruction: setnz   -> %al
	Instruction: or     %eax %ecx -> %ecx
	Instruction: mov    %ecx -> 0xffffff3c(%rbp)[4byte]
	Instruction: test   0x0000031c(%r15)[1byte] $0x04
	Instruction: jnz    $0x00007f43bd99ccf8
[ARKADE BB END] handling event_bb is done.




[ARKADE BB START] Basic Block is detected -> event_bb_insert is called.

	Instruction: mov    <rel> 0x00007f43bd9bc620[4byte] -> %eax
	Instruction: mov    0xffffff3c(%rbp)[4byte] -> %r10d
	Instruction: and    $0x00000020 %eax -> %eax
	Instruction: test   %r10d %r10d
	Instruction: jz     $0x00007f43bd99cd10
[ARKADE BB END] handling event_bb is done.




[ARKADE BB START] Basic Block is detected -> event_bb_insert is called.

	Instruction: cmp    0x00000100(%r15)[8byte] $0x0000000000000000
	Instruction: jz     $0x00007f43bd99ca5e
[ARKADE BB END] handling event_bb is done.




[ARKADE BB START] Basic Block is detected -> event_bb_insert is called.

	Instruction: mov    %ebx -> %r13d
	Instruction: and    $0x00000001 %r13d -> %r13d
	Instruction: test   %eax %eax
	Instruction: jnz    $0x00007f43bd99e02a
[ARKADE BB END] handling event_bb is done.




[ARKADE BB START] Basic Block is detected -> event_bb_insert is called.

	Instruction: mov    0xf0(%r15)[8byte] -> %rax
	Instruction: mov    %rax -> 0xffffff18(%rbp)[8byte]
	Instruction: test   %rax %rax
	Instruction: jnz    $0x00007f43bd99ded6
[ARKADE BB END] handling event_bb is done.




[ARKADE BB START] Basic Block is detected -> event_bb_insert is called.

	Instruction: mov    0x68(%r15)[8byte] -> %rax
	Instruction: cmp    0xf8(%r15)[8byte] $0x0000000000000000
	Instruction: mov    0x08(%rax)[8byte] -> %rax
	Instruction: mov    %rax -> 0xffffff40(%rbp)[8byte]
	Instruction: jz     $0x00007f43bd99d738
[ARKADE BB END] handling event_bb is done.




[ARKADE BB START] Basic Block is detected -> event_bb_insert is called.

	Instruction: test   %r13d %r13d
	Instruction: jz     $0x00007f43bd99cb00
[ARKADE BB END] handling event_bb is done.




[ARKADE BB START] Basic Block is detected -> event_bb_insert is called.

	Instruction: mov    0x58(%r15)[8byte] -> %rax
	Instruction: mov    0x08(%rax)[8byte] -> %rax
	Instruction: mov    0x08(%rax)[8byte] -> %rdx
	Instruction: test   %rdx %rdx
	Instruction: jnz    $0x00007f43bd99d7d0
[ARKADE BB END] handling event_bb is done.




[ARKADE BB START] Basic Block is detected -> event_bb_insert is called.

	Instruction: mov    0xffffff3c(%rbp)[4byte] -> %r9d
	Instruction: mov    %r15 -> 0x08(%rax)[8byte]
	Instruction: test   %r9d %r9d
	Instruction: jnz    $0x00007f43bd99e296
[ARKADE BB END] handling event_bb is done.




[ARKADE BB START] Basic Block is detected -> event_bb_insert is called.

	Instruction: cmp    <rel> 0x00007f43bd9bc708[8byte] $0x0000000000000000
	Instruction: jnz    $0x00007f43bd99d7f0
[ARKADE BB END] handling event_bb is done.




[ARKADE BB START] Basic Block is detected -> event_bb_insert is called.

	Instruction: test   <rel> 0x00007f43bd9bc6ea[1byte] $0x40
	Instruction: lea    <rel> 0x00007f43bd9a7af0 -> %rdx
	Instruction: lea    <rel> 0x00007f43bd9a7bc0 -> %rcx
	Instruction: cmovnz %rcx -> %rdx
	Instruction: mov    %rdx -> 0x10(%rax)[8byte]
	Instruction: jmp    $0x00007f43bd99cae8
[ARKADE BB END] handling event_bb is done.




[ARKADE BB START] Basic Block is detected -> event_bb_insert is called.

	Instruction: mov    0x00000290(%r15)[8byte] -> %rax
	Instruction: test   %rax %rax
	Instruction: jnz    $0x00007f43bd99d751
[ARKADE BB END] handling event_bb is done.




[ARKADE BB START] Basic Block is detected -> event_bb_insert is called.

	Instruction: nop    0x00000000(%rax,%rax)[4byte]
	Instruction: mov    0x78(%r15)[8byte] -> %rax
	Instruction: pxor   %xmm0 %xmm0 -> %xmm0
	Instruction: movaps %xmm0 -> 0xffffff90(%rbp)[16byte]
	Instruction: movaps %xmm0 -> 0xffffffa0(%rbp)[16byte]
	Instruction: movaps %xmm0 -> 0xffffffb0(%rbp)[16byte]
	Instruction: movaps %xmm0 -> 0xffffffc0(%rbp)[16byte]
	Instruction: test   %rax %rax
	Instruction: jz     $0x00007f43bd99d820
[ARKADE BB END] handling event_bb is done.




[ARKADE BB START] Basic Block is detected -> event_bb_insert is called.

	Instruction: mov    0x08(%rax)[8byte] -> %rcx
	Instruction: mov    0x80(%r15)[8byte] -> %rax
	Instruction: mov    0x08(%rax)[8byte] -> %rdx
	Instruction: movd   %rcx -> %xmm0
	Instruction: mov    0x00000188(%r15)[8byte] -> %rax
	Instruction: movd   %rdx -> %xmm1
	Instruction: lea    (%rcx,%rdx) -> %rdi
	Instruction: punpcklqdq %xmm1 %xmm0 -> %xmm0
	Instruction: movaps %xmm0 -> 0xffffff90(%rbp)[16byte]
	Instruction: test   %rax %rax
	Instruction: jz     $0x00007f43bd99cb5a
[ARKADE BB END] handling event_bb is done.




[ARKADE BB START] Basic Block is detected -> event_bb_insert is called.

	Instruction: mov    0x08(%rax)[8byte] -> %rax
	Instruction: mov    %rax -> 0xffffffa0(%rbp)[8byte]
	Instruction: cmp    0xe0(%r15)[8byte] $0x0000000000000000
	Instruction: jz     $0x00007f43bd99cbaf
[ARKADE BB END] handling event_bb is done.




[ARKADE BB START] Basic Block is detected -> event_bb_insert is called.

	Instruction: mov    0xf8(%r15)[8byte] -> %rax
	Instruction: mov    0x50(%r15)[8byte] -> %rsi
	Instruction: mov    0x08(%rax)[8byte] -> %rax
	Instruction: mov    0x08(%rsi)[8byte] -> %rsi
	Instruction: lea    (%rax,%rsi) -> %r8
	Instruction: cmp    %r8 %rdi
	Instruction: jnz    $0x00007f43bd99cb8b
[ARKADE BB END] handling event_bb is done.




[ARKADE BB START] Basic Block is detected -> event_bb_insert is called.

	Instruction: test   %r13d %r13d
	Instruction: jnz    $0x00007f43bd99cb99
[ARKADE BB END] handling event_bb is done.




[ARKADE BB START] Basic Block is detected -> event_bb_insert is called.

	Instruction: movd   %rax -> %xmm0
	Instruction: movd   %rsi -> %xmm2
	Instruction: mov    %r13d -> 0xffffffc8(%rbp)[4byte]
	Instruction: punpcklqdq %xmm2 %xmm0 -> %xmm0
	Instruction: movaps %xmm0 -> 0xffffffb0(%rbp)[16byte]
	Instruction: lea    0xffffff90(%rbp) -> %rax
	Instruction: and    $0x02000000 %ebx -> %ebx
	Instruction: mov    %r15 -> %r11
	Instruction: mov    %rax -> 0xffffff50(%rbp)[8byte]
	Instruction: lea    0xffffffd0(%rbp) -> %rax
	Instruction: mov    %ebx -> 0xffffff38(%rbp)[4byte]
	Instruction: mov    %rax -> 0xffffff20(%rbp)[8byte]
	Instruction: mov    0xffffff50(%rbp)[8byte] -> %rdi
	Instruction: mov    (%r11)[8byte] -> %r15
	Instruction: mov    (%rdi)[8byte] -> %rax
	Instruction: mov    0x08(%rdi)[8byte] -> %rsi
	Instruction: mov    0x18(%rdi)[4byte] -> %r8d
	Instruction: add    %rax %rsi -> %rsi
	Instruction: mov    %rsi -> 0xffffff78(%rbp)[8byte]
	Instruction: test   %r8d %r8d
	Instruction: jz     $0x00007f43bd99cd60
[ARKADE BB END] handling event_bb is done.




[ARKADE BB START] Basic Block is detected -> event_bb_insert is called.

	Instruction: mov    0x70(%r11)[8byte] -> %rdx
	Instruction: mov    0x08(%rdx)[8byte] -> %rsi
	Instruction: mov    0x10(%rdi)[8byte] -> %rdx
	Instruction: mov    %rsi -> 0xffffff68(%rbp)[8byte]
	Instruction: lea    (%rdx,%rdx,2) -> %rdx
	Instruction: lea    <rel> 0x00007f43bd9bd9e8 -> %rsi
	Instruction: lea    (%rax,%rdx,8) -> %rbx
	Instruction: cmp    %r11 %rsi
	Instruction: jz     $0x00007f43bd99cd9e
[ARKADE BB END] handling event_bb is done.




[ARKADE BB START] Basic Block is detected -> event_bb_insert is called.

	Instruction: test   %r15 %r15
	Instruction: jnz    $0x00007f43bd99d2e0
[ARKADE BB END] handling event_bb is done.




[ARKADE BB START] Basic Block is detected -> event_bb_insert is called.

	Instruction: cmp    %rax %rbx
	Instruction: jnb    $0x00007f43bd99cd9e
[ARKADE BB END] handling event_bb is done.




[ARKADE BB START] Basic Block is detected -> event_bb_insert is called.

	Instruction: nop    0x00000000(%rax)[4byte]
	Instruction: mov    (%rax)[8byte] -> %rcx
	Instruction: mov    0x08(%rax)[4byte] -> %edx
	Instruction: add    %r15 %rcx -> %rcx
	Instruction: cmp    %rdx $0x0000000000000026
	Instruction: jz     $0x00007f43bd99d309
[ARKADE BB END] handling event_bb is done.




[ARKADE BB START] Basic Block is detected -> event_bb_insert is called.

	Instruction: cmp    %rdx $0x0000000000000008
	Instruction: jnz    $0x00007f43bd99e3ee
[ARKADE BB END] handling event_bb is done.




[ARKADE BB START] Basic Block is detected -> event_bb_insert is called.

	Instruction: mov    0x10(%rax)[8byte] -> %rdx
	Instruction: add    $0x0000000000000018 %rax -> %rax
	Instruction: add    %r15 %rdx -> %rdx
	Instruction: mov    %rdx -> (%rcx)[8byte]
	Instruction: cmp    %rbx %rax
	Instruction: jnbe   $0x00007f43bd99d2f0
[ARKADE BB END] handling event_bb is done.




[ARKADE BB START] Basic Block is detected -> event_bb_insert is called.

	Instruction: mov    (%rax)[8byte] -> %rcx
	Instruction: mov    0x08(%rax)[4byte] -> %edx
	Instruction: add    %r15 %rcx -> %rcx
	Instruction: cmp    %rdx $0x0000000000000026
	Instruction: jz     $0x00007f43bd99d309
[ARKADE BB END] handling event_bb is done.




[ARKADE BB START] Basic Block is detected -> event_bb_insert is called.

	Instruction: mov    (%rax)[8byte] -> %rcx
	Instruction: mov    0x08(%rax)[4byte] -> %edx
	Instruction: add    %r15 %rcx -> %rcx
	Instruction: cmp    %rdx $0x0000000000000026
	Instruction: jz     $0x00007f43bd99d309
[ARKADE BB END] handling event_bb is done.




[ARKADE BB START] Basic Block is detected -> event_bb_insert is called.

	Instruction: cmp    %rdx $0x0000000000000008
	Instruction: jnz    $0x00007f43bd99e3ee
[ARKADE BB END] handling event_bb is done.




[ARKADE BB START] Basic Block is detected -> event_bb_insert is called.

	Instruction: mov    0x10(%rax)[8byte] -> %rdx
	Instruction: add    $0x0000000000000018 %rax -> %rax
	Instruction: add    %r15 %rdx -> %rdx
	Instruction: mov    %rdx -> (%rcx)[8byte]
	Instruction: cmp    %rbx %rax
	Instruction: jnbe   $0x00007f43bd99d2f0
[ARKADE BB END] handling event_bb is done.




[ARKADE BB START] Basic Block is detected -> event_bb_insert is called.

	Instruction: mov    0x000001d0(%r11)[8byte] -> %r10
	Instruction: test   %r10 %r10
	Instruction: jnz    $0x00007f43bd99cdae
[ARKADE BB END] handling event_bb is done.




[ARKADE BB START] Basic Block is detected -> event_bb_insert is called.

	Instruction: mov    0x08(%r10)[8byte] -> %rax
	Instruction: mov    %rax -> 0xffffff60(%rbp)[8byte]
	Instruction: cmp    0xffffff78(%rbp)[8byte] %rbx
	Instruction: jbe    $0x00007f43bd99cca5
[ARKADE BB END] handling event_bb is done.




[ARKADE BB START] Basic Block is detected -> event_bb_insert is called.

	Instruction: mov    $0x0000000000000000 -> 0xffffff28(%rbp)[8byte]
	Instruction: mov    $0x0000000000000000 -> 0xffffff30(%rbp)[8byte]
	Instruction: mov    %r15 -> 0xffffff58(%rbp)[8byte]
	Instruction: mov    %r11 -> %r15
	Instruction: data16 nop    0x00000000(%rax,%rax)[4byte]
	Instruction: mov    0x08(%rbx)[8byte] -> %r13
	Instruction: mov    %r13d -> %r12d
	Instruction: cmp    %r13d $0x00000025
	Instruction: jz     $0x00007f43bd99d590
[ARKADE BB END] handling event_bb is done.




[ARKADE BB START] Basic Block is detected -> event_bb_insert is called.

	Instruction: mov    0xffffff60(%rbp)[8byte] -> %rdi
	Instruction: mov    %r13 -> %rax
	Instruction: mov    0xffffff68(%rbp)[8byte] -> %rcx
	Instruction: shr    $0x0000000000000020 %rax -> %rax
	Instruction: movzx  (%rdi,%rax,2)[2byte] -> %esi
	Instruction: lea    (%rax,%rax,2) -> %rax
	Instruction: mov    0xffffff58(%rbp)[8byte] -> %rdi
	Instruction: lea    (%rcx,%rax,8) -> %r14
	Instruction: add    (%rbx)[8byte] %rdi -> %rdi
	Instruction: mov    %rdi -> 0xffffff70(%rbp)[8byte]
	Instruction: mov    0x000002e8(%r15)[8byte] -> %rdi
	Instruction: mov    %r14 -> 0xffffff88(%rbp)[8byte]
	Instruction: cmp    %r12 $0x0000000000000008
	Instruction: jz     $0x00007f43bd99d5f8
[ARKADE BB END] handling event_bb is done.




[ARKADE BB START] Basic Block is detected -> event_bb_insert is called.

	Instruction: cmp    %r12 $0x0000000000000026
	Instruction: jz     $0x00007f43bd99d630
[ARKADE BB END] handling event_bb is done.




[ARKADE BB START] Basic Block is detected -> event_bb_insert is called.

	Instruction: test   %r12 %r12
	Instruction: jz     $0x00007f43bd99cf80
[ARKADE BB END] handling event_bb is done.




[ARKADE BB START] Basic Block is detected -> event_bb_insert is called.

	Instruction: movzx  0x04(%r14)[1byte] -> %edx
	Instruction: mov    %edx -> %eax
	Instruction: shr    $0x04 %al -> %al
	Instruction: jz     $0x00007f43bd99d4b0
[ARKADE BB END] handling event_bb is done.




[ARKADE BB START] Basic Block is detected -> event_bb_insert is called.

	Instruction: movzx  0x05(%r14)[1byte] -> %eax
	Instruction: and    $0x00000003 %eax -> %eax
	Instruction: sub    $0x00000001 %eax -> %eax
	Instruction: cmp    %eax $0x00000001
	Instruction: jbe    $0x00007f43bd99d4b0
[ARKADE BB END] handling event_bb is done.




[ARKADE BB START] Basic Block is detected -> event_bb_insert is called.

	Instruction: cmp    %r14 0x00000408(%r15)[8byte]
	Instruction: jz     $0x00007f43bd99d830
[ARKADE BB END] handling event_bb is done.




[ARKADE BB START] Basic Block is detected -> event_bb_insert is called.

	Instruction: cmp    %r12 $0x0000000000000007
	Instruction: jz     $0x00007f43bd99d5b8
[ARKADE BB END] handling event_bb is done.




[ARKADE BB START] Basic Block is detected -> event_bb_insert is called.

	Instruction: cmp    %r12 $0x0000000000000010
	Instruction: jz     $0x00007f43bd99d5b8
[ARKADE BB END] handling event_bb is done.




[ARKADE BB START] Basic Block is detected -> event_bb_insert is called.

	Instruction: lea    0xffffffef(%r12) -> %rax
	Instruction: cmp    %rax $0x0000000000000001
	Instruction: setbe   -> %r9l
	Instruction: cmp    %r12 $0x0000000000000024
	Instruction: setz    -> %al
	Instruction: or     %eax %r9d -> %r9d
	Instruction: movzx  %r9l -> %r9d
	Instruction: cmp    %r12 $0x0000000000000005
	Instruction: jz     $0x00007f43bd99d5c8
[ARKADE BB END] handling event_bb is done.




[ARKADE BB START] Basic Block is detected -> event_bb_insert is called.

	Instruction: mov    %r9d -> %eax
	Instruction: or     $0x00000004 %eax -> %eax
	Instruction: cmp    %r12 $0x0000000000000006
	Instruction: cmovz  %eax -> %r9d
	Instruction: and    $0x00007fff %esi -> %esi
	Instruction: mov    %r9d -> 0x00000410(%r15)[4byte]
	Instruction: lea    (%rsi,%rsi,2) -> %rax
	Instruction: mov    %r14 -> 0x00000408(%r15)[8byte]
	Instruction: lea    (%rdi,%rax,8) -> %r8
	Instruction: test   %r8 %r8
	Instruction: jz     $0x00007f43bd99cf03
[ARKADE BB END] handling event_bb is done.




[ARKADE BB START] Basic Block is detected -> event_bb_insert is called.

	Instruction: mov    0x08(%r8)[4byte] -> %ecx
	Instruction: mov    $0x00000000 -> %eax
	Instruction: test   %ecx %ecx
	Instruction: cmovz  %rax -> %r8
	Instruction: mov    (%r14)[4byte] -> %edi
	Instruction: push   $0x0000000000000000 %rsp -> %rsp 0xfffffff8(%rsp)[8byte]
	Instruction: lea    0xffffff88(%rbp) -> %rdx
	Instruction: mov    %r15 -> %rsi
	Instruction: mov    0xffffff48(%rbp)[8byte] -> %rcx
	Instruction: add    0xffffff40(%rbp)[8byte] %rdi -> %rdi
	Instruction: push   $0x0000000000000009 %rsp -> %rsp 0xfffffff8(%rsp)[8byte]
	Instruction: call   $0x00007f43bd99b0d0 %rsp -> %rsp 0xfffffff8(%rsp)[8byte]
[ARKADE BB END] handling event_bb is done.




[ARKADE BB START] Basic Block is detected -> event_bb_insert is called.

	Instruction: add    $0x0000000000000001 %rbp -> %rbp
	Instruction: cmp    %r11 %rbp
	Instruction: jbe    $0x00007f43bd99a8a0
[ARKADE BB END] handling event_bb is done.




[ARKADE BB START] Basic Block is detected -> event_bb_insert is called.

	Instruction: mov    0x30(%rsp)[4byte] -> %edx
	Instruction: movzx  (%rax,%rdx,2)[2byte] -> %r14d
	Instruction: mov    %r14 -> %rax
	Instruction: and    $0x00007fff %eax -> %eax
	Instruction: lea    (%rax,%rax,2) -> %rdx
	Instruction: mov    0x000002e8(%r12)[8byte] -> %rax
	Instruction: lea    (%rax,%rdx,8) -> %rax
	Instruction: mov    0x08(%rax)[4byte] -> %ebp
	Instruction: cmp    %ebp 0x08(%r13)[4byte]
	Instruction: jz     $0x00007f43bd99a450
[ARKADE BB END] handling event_bb is done.




[ARKADE BB START] Basic Block is detected -> event_bb_insert is called.

	Instruction: mov    0x00(%r13)[8byte] -> %rsi
	Instruction: mov    (%rax)[8byte] -> %rdi
	Instruction: call   $0x00007f43bd9ae600 %rsp -> %rsp 0xfffffff8(%rsp)[8byte]
[ARKADE BB END] handling event_bb is done.




[ARKADE BB START] Basic Block is detected -> event_bb_insert is called.

	Instruction: test   %eax %eax
	Instruction: jz     $0x00007f43bd99a3e9
[ARKADE BB END] handling event_bb is done.




[ARKADE BB START] Basic Block is detected -> event_bb_insert is called.

	Instruction: mov    0xffffff88(%rbp)[8byte] -> %rcx
	Instruction: mov    %rax -> 0x00000418(%r15)[8byte]
	Instruction: mov    %rax -> %r11
	Instruction: mov    %rcx -> 0x00000420(%r15)[8byte]
	Instruction: pop    %rsp (%rsp)[8byte] -> %rax %rsp
	Instruction: pop    %rsp (%rsp)[8byte] -> %rdx %rsp
	Instruction: xor    %r10d %r10d -> %r10d
	Instruction: test   %rcx %rcx
	Instruction: jnz    $0x00007f43bd99d5d8
[ARKADE BB END] handling event_bb is done.




[ARKADE BB START] Basic Block is detected -> event_bb_insert is called.

	Instruction: movzx  0x06(%rcx)[2byte] -> %esi
	Instruction: movzx  0x04(%rcx)[1byte] -> %edx
	Instruction: data16 cmp    %si $0xfff1
	Instruction: jnz    $0x00007f43bd99d4c4
[ARKADE BB END] handling event_bb is done.




[ARKADE BB START] Basic Block is detected -> event_bb_insert is called.

	Instruction: mov    (%r11)[8byte] -> %r10
	Instruction: and    $0x0000000f %edx -> %edx
	Instruction: add    0x08(%rcx)[8byte] %r10 -> %r10
	Instruction: cmp    %dl $0x0a
	Instruction: jnz    $0x00007f43bd99cf47
[ARKADE BB END] handling event_bb is done.




[ARKADE BB START] Basic Block is detected -> event_bb_insert is called.

	Instruction: cmp    %r12 $0x0000000000000025
	Instruction: jnbe   $0x00007f43bd99d580
[ARKADE BB END] handling event_bb is done.




[ARKADE BB START] Basic Block is detected -> event_bb_insert is called.

	Instruction: lea    <rel> 0x00007f43bd9b3560 -> %rsi
	Instruction: movsxd (%rsi,%r12,4)[4byte] -> %rax
	Instruction: add    %rsi %rax -> %rax
	Instruction: jmp    %rax
[ARKADE BB END] handling event_bb is done.




[ARKADE BB START] Basic Block is detected -> event_bb_insert is called.

	Instruction: mov    0xffffff70(%rbp)[8byte] -> %rax
	Instruction: add    0x10(%rbx)[8byte] %r10 -> %r10
	Instruction: mov    %r10 -> (%rax)[8byte]
	Instruction: data16 nop
	Instruction: add    $0x0000000000000018 %rbx -> %rbx
	Instruction: cmp    0xffffff78(%rbp)[8byte] %rbx
	Instruction: jnbe   $0x00007f43bd99cdf0
[ARKADE BB END] handling event_bb is done.




[ARKADE BB START] Basic Block is detected -> event_bb_insert is called.

	Instruction: mov    0x08(%rbx)[8byte] -> %r13
	Instruction: mov    %r13d -> %r12d
	Instruction: cmp    %r13d $0x00000025
	Instruction: jz     $0x00007f43bd99d590
[ARKADE BB END] handling event_bb is done.




[ARKADE BB START] Basic Block is detected -> event_bb_insert is called.

	Instruction: mov    %r14 -> %rcx
	Instruction: mov    %r15 -> %r11
	Instruction: movzx  0x06(%rcx)[2byte] -> %esi
	Instruction: data16 cmp    %si $0xfff1
	Instruction: jz     $0x00007f43bd99d5ea
[ARKADE BB END] handling event_bb is done.




[ARKADE BB START] Basic Block is detected -> event_bb_insert is called.

	Instruction: mov    0xffffff88(%rbp)[8byte] -> %rax
	Instruction: test   %rax %rax
	Instruction: jz     $0x00007f43bd99cf80
[ARKADE BB END] handling event_bb is done.




[ARKADE BB START] Basic Block is detected -> event_bb_insert is called.

	Instruction: mov    0x00000450(%r11)[8byte] -> %rdx
	Instruction: lea    0x01(%rdx) -> %rcx
	Instruction: cmp    %rcx $0x0000000000000001
	Instruction: jbe    $0x00007f43bd99e270
[ARKADE BB END] handling event_bb is done.




[ARKADE BB START] Basic Block is detected -> event_bb_insert is called.

	Instruction: mov    0x08(%rax)[8byte] -> %rax
	Instruction: mov    0xffffff70(%rbp)[8byte] -> %rsi
	Instruction: sub    %rdx %rax -> %rax
	Instruction: add    0x10(%rbx)[8byte] %rax -> %rax
	Instruction: mov    %rax -> (%rsi)[8byte]
	Instruction: jmp    $0x00007f43bd99cf80
[ARKADE BB END] handling event_bb is done.




[ARKADE BB START] Basic Block is detected -> event_bb_insert is called.

	Instruction: add    $0x0000000000000018 %rbx -> %rbx
	Instruction: cmp    0xffffff78(%rbp)[8byte] %rbx
	Instruction: jnbe   $0x00007f43bd99cdf0
[ARKADE BB END] handling event_bb is done.




[ARKADE BB START] Basic Block is detected -> event_bb_insert is called.

	Instruction: xor    %eax %eax -> %eax
	Instruction: add    $0x0000000000000098 %rsp -> %rsp
	Instruction: pop    %rsp (%rsp)[8byte] -> %rbx %rsp
	Instruction: pop    %rsp (%rsp)[8byte] -> %rbp %rsp
	Instruction: pop    %rsp (%rsp)[8byte] -> %r12 %rsp
	Instruction: pop    %rsp (%rsp)[8byte] -> %r13 %rsp
	Instruction: pop    %rsp (%rsp)[8byte] -> %r14 %rsp
	Instruction: pop    %rsp (%rsp)[8byte] -> %r15 %rsp
	Instruction: ret    %rsp (%rsp)[8byte] -> %rsp
[ARKADE BB END] handling event_bb is done.




[ARKADE BB START] Basic Block is detected -> event_bb_insert is called.

	Instruction: mov    0x08(%rbp)[8byte] -> %r9
	Instruction: add    $0x0000000000000008 %rbp -> %rbp
	Instruction: mov    (%r12)[8byte] -> %rcx
	Instruction: xor    %eax %eax -> %eax
	Instruction: test   %r9 %r9
	Instruction: jz     $0x00007f43bd99b1fd
[ARKADE BB END] handling event_bb is done.




[ARKADE BB START] Basic Block is detected -> event_bb_insert is called.

	Instruction: cmp    0x50(%rsp)[8byte] $0x0000000000000000
	Instruction: jz     $0x00007f43bd99b340
[ARKADE BB END] handling event_bb is done.




[ARKADE BB START] Basic Block is detected -> event_bb_insert is called.

	Instruction: test   %rcx %rcx
	Instruction: jz     $0x00007f43bd99b354
[ARKADE BB END] handling event_bb is done.




[ARKADE BB START] Basic Block is detected -> event_bb_insert is called.

	Instruction: movzx  0x04(%rcx)[1byte] -> %eax
	Instruction: shr    $0x04 %al -> %al
	Instruction: cmp    %al $0x02
	Instruction: jz     $0x00007f43bd99b3d6
[ARKADE BB END] handling event_bb is done.




[ARKADE BB START] Basic Block is detected -> event_bb_insert is called.

	Instruction: mov    $0x0000000000000000 -> (%r12)[8byte]
	Instruction: xor    %r14d %r14d -> %r14d
	Instruction: jmp    $0x00007f43bd99b25c
[ARKADE BB END] handling event_bb is done.




[ARKADE BB START] Basic Block is detected -> event_bb_insert is called.

	Instruction: add    $0x0000000000000098 %rsp -> %rsp
	Instruction: mov    %r14 -> %rax
	Instruction: pop    %rsp (%rsp)[8byte] -> %rbx %rsp
	Instruction: pop    %rsp (%rsp)[8byte] -> %rbp %rsp
	Instruction: pop    %rsp (%rsp)[8byte] -> %r12 %rsp
	Instruction: pop    %rsp (%rsp)[8byte] -> %r13 %rsp
	Instruction: pop    %rsp (%rsp)[8byte] -> %r14 %rsp
	Instruction: pop    %rsp (%rsp)[8byte] -> %r15 %rsp
	Instruction: ret    %rsp (%rsp)[8byte] -> %rsp
[ARKADE BB END] handling event_bb is done.




[ARKADE BB START] Basic Block is detected -> event_bb_insert is called.

	Instruction: mov    0x40(%rsp)[4byte] -> %r15d
	Instruction: mov    0x68(%rsp)[8byte] -> %r13
	Instruction: mov    0xd0(%rsp)[8byte] -> %rbp
	Instruction: mov    0xe8(%rsp)[8byte] -> %r12
	Instruction: mov    0x70(%rsp)[8byte] -> %r11
	Instruction: jmp    $0x00007f43bd99ab37
[ARKADE BB END] handling event_bb is done.




[ARKADE BB START] Basic Block is detected -> event_bb_insert is called.

	Instruction: cmp    0x84(%rsp)[4byte] $0x00000001
	Instruction: jnz    $0x00007f43bd99a5b2
[ARKADE BB END] handling event_bb is done.




[ARKADE BB START] Basic Block is detected -> event_bb_insert is called.

	Instruction: pxor   %xmm0 %xmm0 -> %xmm0
	Instruction: movdqa (%rdi)[16byte] -> %xmm2
	Instruction: movdqa (%rsi)[16byte] -> %xmm1
	Instruction: pcmpeqb %xmm1 %xmm0 -> %xmm0
	Instruction: pslldq $0x07 %xmm2 -> %xmm2
	Instruction: pcmpeqb %xmm1 %xmm2 -> %xmm2
	Instruction: psubb  %xmm0 %xmm2 -> %xmm2
	Instruction: pmovmskb %xmm2 -> %r9d
	Instruction: shr    %cl %edx -> %edx
	Instruction: shr    %cl %r9d -> %r9d
	Instruction: sub    %r9d %edx -> %edx
	Instruction: jnz    $0x00007f43bd9afa05
[ARKADE BB END] handling event_bb is done.




[ARKADE BB START] Basic Block is detected -> event_bb_insert is called.

	Instruction: movdqa (%rdi)[16byte] -> %xmm3
	Instruction: pxor   %xmm0 %xmm0 -> %xmm0
	Instruction: mov    $0x0000000000000010 -> %rcx
	Instruction: mov    $0x00000009 -> %r9d
	Instruction: lea    0x09(%rdi) -> %r10
	Instruction: and    $0x0000000000000fff %r10 -> %r10
	Instruction: sub    $0x0000000000001000 %r10 -> %r10
	Instruction: data16 nop    0x00000000(%rax,%rax)[4byte]
	Instruction: add    $0x0000000000000010 %r10 -> %r10
	Instruction: jnle   $0x00007f43bd9af240
[ARKADE BB END] handling event_bb is done.




[ARKADE BB START] Basic Block is detected -> event_bb_insert is called.

	Instruction: movdqa (%rsi,%rcx)[16byte] -> %xmm1
	Instruction: movdqa (%rdi,%rcx)[16byte] -> %xmm2
	Instruction: movdqa %xmm2 -> %xmm4
	Instruction: psrldq $0x09 %xmm3 -> %xmm3
	Instruction: pslldq $0x07 %xmm2 -> %xmm2
	Instruction: por    %xmm3 %xmm2 -> %xmm2
	Instruction: pcmpeqb %xmm1 %xmm0 -> %xmm0
	Instruction: pcmpeqb %xmm2 %xmm1 -> %xmm1
	Instruction: psubb  %xmm0 %xmm1 -> %xmm1
	Instruction: pmovmskb %xmm1 -> %edx
	Instruction: sub    $0x0000ffff %edx -> %edx
	Instruction: jnz    $0x00007f43bd9afa00
[ARKADE BB END] handling event_bb is done.




[ARKADE BB START] Basic Block is detected -> event_bb_insert is called.

	Instruction: mov    $0x00000001 -> 0x000003dc(%r14)[4byte]
	Instruction: jmp    $0x00007f43bd99b242
[ARKADE BB END] handling event_bb is done.




[ARKADE BB START] Basic Block is detected -> event_bb_insert is called.

	Instruction: pxor   %xmm0 %xmm0 -> %xmm0
	Instruction: movdqa (%rdi)[16byte] -> %xmm2
	Instruction: movdqa (%rsi)[16byte] -> %xmm1
	Instruction: pcmpeqb %xmm1 %xmm0 -> %xmm0
	Instruction: pslldq $0x0a %xmm2 -> %xmm2
	Instruction: pcmpeqb %xmm1 %xmm2 -> %xmm2
	Instruction: psubb  %xmm0 %xmm2 -> %xmm2
	Instruction: pmovmskb %xmm2 -> %r9d
	Instruction: shr    %cl %edx -> %edx
	Instruction: shr    %cl %r9d -> %r9d
	Instruction: sub    %r9d %edx -> %edx
	Instruction: jnz    $0x00007f43bd9afa05
[ARKADE BB END] handling event_bb is done.




[ARKADE BB START] Basic Block is detected -> event_bb_insert is called.

	Instruction: movdqa (%rdi)[16byte] -> %xmm3
	Instruction: pxor   %xmm0 %xmm0 -> %xmm0
	Instruction: mov    $0x0000000000000010 -> %rcx
	Instruction: mov    $0x00000006 -> %r9d
	Instruction: lea    0x06(%rdi) -> %r10
	Instruction: and    $0x0000000000000fff %r10 -> %r10
	Instruction: sub    $0x0000000000001000 %r10 -> %r10
	Instruction: data16 nop    0x00000000(%rax,%rax)[4byte]
	Instruction: add    $0x0000000000000010 %r10 -> %r10
	Instruction: jnle   $0x00007f43bd9aee80
[ARKADE BB END] handling event_bb is done.




[ARKADE BB START] Basic Block is detected -> event_bb_insert is called.

	Instruction: movdqa (%rsi,%rcx)[16byte] -> %xmm1
	Instruction: movdqa (%rdi,%rcx)[16byte] -> %xmm2
	Instruction: movdqa %xmm2 -> %xmm4
	Instruction: psrldq $0x06 %xmm3 -> %xmm3
	Instruction: pslldq $0x0a %xmm2 -> %xmm2
	Instruction: por    %xmm3 %xmm2 -> %xmm2
	Instruction: pcmpeqb %xmm1 %xmm0 -> %xmm0
	Instruction: pcmpeqb %xmm2 %xmm1 -> %xmm1
	Instruction: psubb  %xmm0 %xmm1 -> %xmm1
	Instruction: pmovmskb %xmm1 -> %edx
	Instruction: sub    $0x0000ffff %edx -> %edx
	Instruction: jnz    $0x00007f43bd9afa00
[ARKADE BB END] handling event_bb is done.




[ARKADE BB START] Basic Block is detected -> event_bb_insert is called.

	Instruction: add    $0x0000000000000010 %rcx -> %rcx
	Instruction: movdqa %xmm4 -> %xmm3
	Instruction: add    $0x0000000000000010 %r10 -> %r10
	Instruction: jnle   $0x00007f43bd9aee80
[ARKADE BB END] handling event_bb is done.




[ARKADE BB START] Basic Block is detected -> event_bb_insert is called.

	Instruction: movdqa (%rsi,%rcx)[16byte] -> %xmm1
	Instruction: movdqa (%rdi,%rcx)[16byte] -> %xmm2
	Instruction: movdqa %xmm2 -> %xmm4
	Instruction: psrldq $0x06 %xmm3 -> %xmm3
	Instruction: pslldq $0x0a %xmm2 -> %xmm2
	Instruction: por    %xmm3 %xmm2 -> %xmm2
	Instruction: pcmpeqb %xmm1 %xmm0 -> %xmm0
	Instruction: pcmpeqb %xmm2 %xmm1 -> %xmm1
	Instruction: psubb  %xmm0 %xmm1 -> %xmm1
	Instruction: pmovmskb %xmm1 -> %edx
	Instruction: sub    $0x0000ffff %edx -> %edx
	Instruction: jnz    $0x00007f43bd9afa00
[ARKADE BB END] handling event_bb is done.




[ARKADE BB START] Basic Block is detected -> event_bb_insert is called.

	Instruction: mov    0x000002f4(%rbx)[4byte] -> %esi
	Instruction: test   %esi %esi
	Instruction: jz     $0x00007f43bd99a5b2
[ARKADE BB END] handling event_bb is done.




[ARKADE BB START] Basic Block is detected -> event_bb_insert is called.

	Instruction: mov    $0x00000000 -> 0x84(%rsp)[4byte]
	Instruction: mov    0x70(%rbx)[8byte] -> %rax
	Instruction: mov    $0x0000000000000000 -> 0x88(%rsp)[8byte]
	Instruction: mov    0x08(%rax)[8byte] -> %rax
	Instruction: mov    %rax -> 0x18(%rsp)[8byte]
	Instruction: mov    0x68(%rbx)[8byte] -> %rax
	Instruction: mov    0x08(%rax)[8byte] -> %rax
	Instruction: mov    %rax -> (%rsp)[8byte]
	Instruction: mov    0x00000300(%rbx)[8byte] -> %rax
	Instruction: test   %rax %rax
	Instruction: jz     $0x00007f43bd99a640
[ARKADE BB END] handling event_bb is done.




[ARKADE BB START] Basic Block is detected -> event_bb_insert is called.

	Instruction: mov    0x28(%rsp)[8byte] -> %rdi
	Instruction: mov    0x000002fc(%rbx)[4byte] -> %ecx
	Instruction: mov    0x30(%rsp)[4byte] -> %edx
	Instruction: and    0x000002f8(%rbx)[4byte] %edx -> %edx
	Instruction: mov    (%rax,%rdx,8)[8byte] -> %rax
	Instruction: mov    %rdi -> %rdx
	Instruction: shr    %cl %rdx -> %rdx
	Instruction: mov    %rdx -> %rcx
	Instruction: mov    %rax -> %rdx
	Instruction: shr    %cl %rdx -> %rdx
	Instruction: mov    %edi -> %ecx
	Instruction: shr    %cl %rax -> %rax
	Instruction: and    %rdx %rax -> %rax
	Instruction: test   %al $0x01
	Instruction: jnz    $0x00007f43bd99a7b0
[ARKADE BB END] handling event_bb is done.




[ARKADE BB START] Basic Block is detected -> event_bb_insert is called.

	Instruction: mov    <rel> 0x00007f43bd9bc66c[4byte] -> %ecx
	Instruction: test   %ecx %ecx
	Instruction: jz     $0x00007f43bd99a78b
[ARKADE BB END] handling event_bb is done.




[ARKADE BB START] Basic Block is detected -> event_bb_insert is called.

	Instruction: cmp    %r12 $0x0000000000000024
	Instruction: jbe    $0x00007f43bd99de0e
[ARKADE BB END] handling event_bb is done.




[ARKADE BB START] Basic Block is detected -> event_bb_insert is called.

	Instruction: mov    $0x0000001000070080 -> %rax
	Instruction: mov    %r13d -> %ecx
	Instruction: xor    %r8d %r8d -> %r8d
	Instruction: shr    %cl %rax -> %rax
	Instruction: mov    0x00000410(%r15)[4byte] -> %ecx
	Instruction: not    %rax -> %rax
	Instruction: and    $0x00000001 %eax -> %eax
	Instruction: cmp    %al $0x01
	Instruction: mov    %eax -> %edx
	Instruction: setb    -> %r8l
	Instruction: shl    $0x0000001f %edx -> %edx
	Instruction: shl    $0x0000001f %eax -> %eax
	Instruction: sar    $0x0000001f %edx -> %edx
	Instruction: sar    $0x0000001f %eax -> %eax
	Instruction: add    $0x00000005 %edx -> %edx
	Instruction: add    $0x00000003 %eax -> %eax
	Instruction: cmp    %r12 $0x0000000000000005
	Instruction: jz     $0x00007f43bd99de65
[ARKADE BB END] handling event_bb is done.




[ARKADE BB START] Basic Block is detected -> event_bb_insert is called.

	Instruction: cmp    %r12 $0x0000000000000006
	Instruction: jnz    $0x00007f43bd99d844
[ARKADE BB END] handling event_bb is done.




[ARKADE BB START] Basic Block is detected -> event_bb_insert is called.

	Instruction: cmp    %r8d %ecx
	Instruction: jnz    $0x00007f43bd99ce8c
[ARKADE BB END] handling event_bb is done.




[ARKADE BB START] Basic Block is detected -> event_bb_insert is called.

	Instruction: mov    0x00000420(%r15)[8byte] -> %rcx
	Instruction: add    $0x0000000000000001 <rel> 0x00007f43bd9bd9d8[8byte] -> <rel> 0x00007f43bd9bd9d8[8byte]
	Instruction: mov    0x00000418(%r15)[8byte] -> %r11
	Instruction: mov    %rcx -> 0xffffff88(%rbp)[8byte]
	Instruction: jmp    $0x00007f43bd99cf3b
[ARKADE BB END] handling event_bb is done.




[ARKADE BB START] Basic Block is detected -> event_bb_insert is called.

	Instruction: xor    %r10d %r10d -> %r10d
	Instruction: test   %rcx %rcx
	Instruction: jnz    $0x00007f43bd99d5d8
[ARKADE BB END] handling event_bb is done.




[ARKADE BB START] Basic Block is detected -> event_bb_insert is called.

	Instruction: cmp    %r12 $0x0000000000000025
	Instruction: jnbe   $0x00007f43bd99d580
[ARKADE BB END] handling event_bb is done.




[ARKADE BB START] Basic Block is detected -> event_bb_insert is called.

	Instruction: lea    <rel> 0x00007f43bd9b3560 -> %rsi
	Instruction: movsxd (%rsi,%r12,4)[4byte] -> %rax
	Instruction: add    %rsi %rax -> %rax
	Instruction: jmp    %rax
[ARKADE BB END] handling event_bb is done.




[ARKADE BB START] Basic Block is detected -> event_bb_insert is called.

	Instruction: mov    0xffffff70(%rbp)[8byte] -> %rax
	Instruction: add    0x10(%rbx)[8byte] %r10 -> %r10
	Instruction: mov    %r10 -> (%rax)[8byte]
	Instruction: data16 nop
	Instruction: add    $0x0000000000000018 %rbx -> %rbx
	Instruction: cmp    0xffffff78(%rbp)[8byte] %rbx
	Instruction: jnbe   $0x00007f43bd99cdf0
[ARKADE BB END] handling event_bb is done.




[ARKADE BB START] Basic Block is detected -> event_bb_insert is called.

	Instruction: mov    (%r11)[8byte] -> %r10
	Instruction: and    $0x0000000f %edx -> %edx
	Instruction: add    0x08(%rcx)[8byte] %r10 -> %r10
	Instruction: cmp    %dl $0x0a
	Instruction: jnz    $0x00007f43bd99cf47
[ARKADE BB END] handling event_bb is done.




[ARKADE BB START] Basic Block is detected -> event_bb_insert is called.

	Instruction: mov    0x08(%rbx)[8byte] -> %r13
	Instruction: mov    %r13d -> %r12d
	Instruction: cmp    %r13d $0x00000025
	Instruction: jz     $0x00007f43bd99d590
[ARKADE BB END] handling event_bb is done.




[ARKADE BB START] Basic Block is detected -> event_bb_insert is called.

	Instruction: mov    0xffffff60(%rbp)[8byte] -> %rdi
	Instruction: mov    %r13 -> %rax
	Instruction: mov    0xffffff68(%rbp)[8byte] -> %rcx
	Instruction: shr    $0x0000000000000020 %rax -> %rax
	Instruction: movzx  (%rdi,%rax,2)[2byte] -> %esi
	Instruction: lea    (%rax,%rax,2) -> %rax
	Instruction: mov    0xffffff58(%rbp)[8byte] -> %rdi
	Instruction: lea    (%rcx,%rax,8) -> %r14
	Instruction: add    (%rbx)[8byte] %rdi -> %rdi
	Instruction: mov    %rdi -> 0xffffff70(%rbp)[8byte]
	Instruction: mov    0x000002e8(%r15)[8byte] -> %rdi
	Instruction: mov    %r14 -> 0xffffff88(%rbp)[8byte]
	Instruction: cmp    %r12 $0x0000000000000008
	Instruction: jz     $0x00007f43bd99d5f8
[ARKADE BB END] handling event_bb is done.




[ARKADE BB START] Basic Block is detected -> event_bb_insert is called.

	Instruction: cmp    %r12 $0x0000000000000026
	Instruction: jz     $0x00007f43bd99d630
[ARKADE BB END] handling event_bb is done.




[ARKADE BB START] Basic Block is detected -> event_bb_insert is called.

	Instruction: test   %r12 %r12
	Instruction: jz     $0x00007f43bd99cf80
[ARKADE BB END] handling event_bb is done.




[ARKADE BB START] Basic Block is detected -> event_bb_insert is called.

	Instruction: movzx  0x04(%r14)[1byte] -> %edx
	Instruction: mov    %edx -> %eax
	Instruction: shr    $0x04 %al -> %al
	Instruction: jz     $0x00007f43bd99d4b0
[ARKADE BB END] handling event_bb is done.




[ARKADE BB START] Basic Block is detected -> event_bb_insert is called.

	Instruction: movzx  0x05(%r14)[1byte] -> %eax
	Instruction: and    $0x00000003 %eax -> %eax
	Instruction: sub    $0x00000001 %eax -> %eax
	Instruction: cmp    %eax $0x00000001
	Instruction: jbe    $0x00007f43bd99d4b0
[ARKADE BB END] handling event_bb is done.




[ARKADE BB START] Basic Block is detected -> event_bb_insert is called.

	Instruction: cmp    %r14 0x00000408(%r15)[8byte]
	Instruction: jz     $0x00007f43bd99d830
[ARKADE BB END] handling event_bb is done.




[ARKADE BB START] Basic Block is detected -> event_bb_insert is called.

	Instruction: cmp    %r12 $0x0000000000000024
	Instruction: jbe    $0x00007f43bd99de0e
[ARKADE BB END] handling event_bb is done.




[ARKADE BB START] Basic Block is detected -> event_bb_insert is called.

	Instruction: mov    $0x0000001000070080 -> %rax
	Instruction: mov    %r13d -> %ecx
	Instruction: xor    %r8d %r8d -> %r8d
	Instruction: shr    %cl %rax -> %rax
	Instruction: mov    0x00000410(%r15)[4byte] -> %ecx
	Instruction: not    %rax -> %rax
	Instruction: and    $0x00000001 %eax -> %eax
	Instruction: cmp    %al $0x01
	Instruction: mov    %eax -> %edx
	Instruction: setb    -> %r8l
	Instruction: shl    $0x0000001f %edx -> %edx
	Instruction: shl    $0x0000001f %eax -> %eax
	Instruction: sar    $0x0000001f %edx -> %edx
	Instruction: sar    $0x0000001f %eax -> %eax
	Instruction: add    $0x00000005 %edx -> %edx
	Instruction: add    $0x00000003 %eax -> %eax
	Instruction: cmp    %r12 $0x0000000000000005
	Instruction: jz     $0x00007f43bd99de65
[ARKADE BB END] handling event_bb is done.




[ARKADE BB START] Basic Block is detected -> event_bb_insert is called.

	Instruction: cmp    %r12 $0x0000000000000006
	Instruction: jnz    $0x00007f43bd99d844
[ARKADE BB END] handling event_bb is done.




[ARKADE BB START] Basic Block is detected -> event_bb_insert is called.

	Instruction: push   %r15 %rsp -> %rsp 0xfffffff8(%rsp)[8byte]
	Instruction: push   %r14 %rsp -> %rsp 0xfffffff8(%rsp)[8byte]
	Instruction: mov    %rsi -> %r14
	Instruction: push   %r13 %rsp -> %rsp 0xfffffff8(%rsp)[8byte]
	Instruction: push   %r12 %rsp -> %rsp 0xfffffff8(%rsp)[8byte]
	Instruction: push   %rbp %rsp -> %rsp 0xfffffff8(%rsp)[8byte]
	Instruction: push   %rbx %rsp -> %rsp 0xfffffff8(%rsp)[8byte]
	Instruction: sub    $0x0000000000000098 %rsp -> %rsp
	Instruction: mov    0x08(%r9)[4byte] -> %r12d
	Instruction: mov    %rdi -> 0x20(%rsp)[8byte]
	Instruction: mov    0xd0(%rsp)[8byte] -> %rbp
	Instruction: mov    %rdx -> 0x58(%rsp)[8byte]
	Instruction: mov    0xe8(%rsp)[8byte] -> %r15
	Instruction: mov    %rcx -> 0x50(%rsp)[8byte]
	Instruction: mov    %r8 -> 0x48(%rsp)[8byte]
	Instruction: shr    $0x0000000000000006 %rsi -> %rsi
	Instruction: mov    %r12 -> %r11
	Instruction: mov    %r14 -> 0x28(%rsp)[8byte]
	Instruction: mov    %r15 -> %r12
	Instruction: mov    0xf0(%rsp)[4byte] -> %eax
	Instruction: mov    (%r9)[8byte] -> %r13
	Instruction: mov    %rsi -> 0x30(%rsp)[8byte]
	Instruction: and    $0x00000002 %eax -> %eax
	Instruction: mov    %eax -> 0x64(%rsp)[4byte]
	Instruction: mov    %eax -> %r15d
	Instruction: jmp    $0x00007f43bd99a5bf
[ARKADE BB END] handling event_bb is done.




[ARKADE BB START] Basic Block is detected -> event_bb_insert is called.

	Instruction: mov    0x00(%r13,%rbp,8)[8byte] -> %rax
	Instruction: mov    0x28(%rax)[8byte] -> %rbx
	Instruction: cmp    %rbx %r12
	Instruction: jz     $0x00007f43bd99a5b2
[ARKADE BB END] handling event_bb is done.




[ARKADE BB START] Basic Block is detected -> event_bb_insert is called.

	Instruction: test   %r15d %r15d
	Instruction: jz     $0x00007f43bd99a5db
[ARKADE BB END] handling event_bb is done.




[ARKADE BB START] Basic Block is detected -> event_bb_insert is called.

	Instruction: test   0x0000031d(%rbx)[1byte] $0x20
	Instruction: jnz    $0x00007f43bd99a5b2
[ARKADE BB END] handling event_bb is done.




[ARKADE BB START] Basic Block is detected -> event_bb_insert is called.

	Instruction: test   <rel> 0x00007f43bd9bc620[1byte] $0x08
	Instruction: jz     $0x00007f43bd99a530
[ARKADE BB END] handling event_bb is done.




[ARKADE BB START] Basic Block is detected -> event_bb_insert is called.

	Instruction: add    $0x0000000000000004 %r14 -> %r14
	Instruction: and    $0x00000001 %edx -> %edx
	Instruction: jnz    $0x00007f43bd99ae5c
[ARKADE BB END] handling event_bb is done.




[ARKADE BB START] Basic Block is detected -> event_bb_insert is called.

	Instruction: mov    (%r14)[4byte] -> %eax
	Instruction: mov    %rax -> %rdx
	Instruction: xor    %rbp %rax -> %rax
	Instruction: shr    $0x0000000000000001 %rax -> %rax
	Instruction: jnz    $0x00007f43bd99a820
[ARKADE BB END] handling event_bb is done.




[ARKADE BB START] Basic Block is detected -> event_bb_insert is called.

	Instruction: add    $0x0000000000000001 %rbp -> %rbp
	Instruction: cmp    %r11 %rbp
	Instruction: jbe    $0x00007f43bd99a8a0
[ARKADE BB END] handling event_bb is done.




[ARKADE BB START] Basic Block is detected -> event_bb_insert is called.

	Instruction: mov    0x00(%r13,%rbp,8)[8byte] -> %rax
	Instruction: mov    0x28(%rax)[8byte] -> %rbx
	Instruction: cmp    %rbx %r12
	Instruction: jz     $0x00007f43bd99a5b2
[ARKADE BB END] handling event_bb is done.




[ARKADE BB START] Basic Block is detected -> event_bb_insert is called.

	Instruction: test   %r15d %r15d
	Instruction: jz     $0x00007f43bd99a5db
[ARKADE BB END] handling event_bb is done.




[ARKADE BB START] Basic Block is detected -> event_bb_insert is called.

	Instruction: test   0x0000031d(%rbx)[1byte] $0x20
	Instruction: jnz    $0x00007f43bd99a5b2
[ARKADE BB END] handling event_bb is done.




[ARKADE BB START] Basic Block is detected -> event_bb_insert is called.

	Instruction: test   <rel> 0x00007f43bd9bc620[1byte] $0x08
	Instruction: jz     $0x00007f43bd99a530
[ARKADE BB END] handling event_bb is done.




[ARKADE BB START] Basic Block is detected -> event_bb_insert is called.

	Instruction: push   %r14 %rsp -> %rsp 0xfffffff8(%rsp)[8byte]
	Instruction: mov    %rdi -> %r10
	Instruction: push   %r13 %rsp -> %rsp 0xfffffff8(%rsp)[8byte]
	Instruction: mov    %rdx -> %r13
	Instruction: movzx  0x06(%r9)[2byte] -> %edx
	Instruction: push   %r12 %rsp -> %rsp 0xfffffff8(%rsp)[8byte]
	Instruction: push   %rbp %rsp -> %rsp 0xfffffff8(%rsp)[8byte]
	Instruction: mov    %ecx -> %ebp
	Instruction: movzx  0x04(%r9)[1byte] -> %ecx
	Instruction: push   %rbx %rsp -> %rsp 0xfffffff8(%rsp)[8byte]
	Instruction: mov    %r9 -> %rbx
	Instruction: mov    0x40(%rsp)[8byte] -> %r12
	Instruction: and    $0x0000000f %ecx -> %ecx
	Instruction: cmp    0x08(%r9)[8byte] $0x0000000000000000
	Instruction: jz     $0x00007f43bd99a468
[ARKADE BB END] handling event_bb is done.




[ARKADE BB START] Basic Block is detected -> event_bb_insert is called.

	Instruction: mov    $0x00000467 -> %eax
	Instruction: sar    %cl %eax -> %eax
	Instruction: not    %eax -> %eax
	Instruction: and    $0x00000001 %eax -> %eax
	Instruction: data16 test   %dx %dx
	Instruction: setz    -> %dl
	Instruction: movzx  %dl -> %edx
	Instruction: and    %edx %r8d -> %r8d
	Instruction: or     %r8d %eax -> %eax
	Instruction: jnz    $0x00007f43bd99a440
[ARKADE BB END] handling event_bb is done.




[ARKADE BB START] Basic Block is detected -> event_bb_insert is called.

	Instruction: cmp    %rbx %rsi
	Instruction: jz     $0x00007f43bd99a39d
[ARKADE BB END] handling event_bb is done.




[ARKADE BB START] Basic Block is detected -> event_bb_insert is called.

	Instruction: mov    0x00000340(%r12)[8byte] -> %rax
	Instruction: test   %r13 %r13
	Instruction: jz     $0x00007f43bd99a3f8
[ARKADE BB END] handling event_bb is done.




[ARKADE BB START] Basic Block is detected -> event_bb_insert is called.

	Instruction: test   %rax %rax
	Instruction: jz     $0x00007f43bd99a480
[ARKADE BB END] handling event_bb is done.




[ARKADE BB START] Basic Block is detected -> event_bb_insert is called.

	Instruction: mov    0x30(%rsp)[4byte] -> %edx
	Instruction: movzx  (%rax,%rdx,2)[2byte] -> %r14d
	Instruction: mov    %r14 -> %rax
	Instruction: and    $0x00007fff %eax -> %eax
	Instruction: lea    (%rax,%rax,2) -> %rdx
	Instruction: mov    0x000002e8(%r12)[8byte] -> %rax
	Instruction: lea    (%rax,%rdx,8) -> %rax
	Instruction: mov    0x08(%rax)[4byte] -> %ebp
	Instruction: cmp    %ebp 0x08(%r13)[4byte]
	Instruction: jz     $0x00007f43bd99a450
[ARKADE BB END] handling event_bb is done.




[ARKADE BB START] Basic Block is detected -> event_bb_insert is called.

	Instruction: mov    0x00(%r13)[8byte] -> %rsi
	Instruction: mov    (%rax)[8byte] -> %rdi
	Instruction: call   $0x00007f43bd9ae600 %rsp -> %rsp 0xfffffff8(%rsp)[8byte]
[ARKADE BB END] handling event_bb is done.




[ARKADE BB START] Basic Block is detected -> event_bb_insert is called.

	Instruction: nop    %edx
	Instruction: mov    %esi -> %ecx
	Instruction: mov    %edi -> %eax
	Instruction: and    $0x000000000000003f %rcx -> %rcx
	Instruction: and    $0x000000000000003f %rax -> %rax
	Instruction: cmp    %ecx $0x00000030
	Instruction: jnbe   $0x00007f43bd9ae660
[ARKADE BB END] handling event_bb is done.




[ARKADE BB START] Basic Block is detected -> event_bb_insert is called.

	Instruction: cmp    %eax $0x00000030
	Instruction: jnbe   $0x00007f43bd9ae660
[ARKADE BB END] handling event_bb is done.




[ARKADE BB START] Basic Block is detected -> event_bb_insert is called.

	Instruction: movlpd (%rdi)[8byte] -> %xmm1[8byte]
	Instruction: movlpd (%rsi)[8byte] -> %xmm2[8byte]
	Instruction: movhpd 0x08(%rdi)[8byte] -> %xmm1[8byte]
	Instruction: movhpd 0x08(%rsi)[8byte] -> %xmm2[8byte]
	Instruction: pxor   %xmm0 %xmm0 -> %xmm0
	Instruction: pcmpeqb %xmm1 %xmm0 -> %xmm0
	Instruction: pcmpeqb %xmm2 %xmm1 -> %xmm1
	Instruction: psubb  %xmm0 %xmm1 -> %xmm1
	Instruction: pmovmskb %xmm1 -> %edx
	Instruction: sub    $0x0000ffff %edx -> %edx
	Instruction: jnz    $0x00007f43bd9afa20
[ARKADE BB END] handling event_bb is done.




[ARKADE BB START] Basic Block is detected -> event_bb_insert is called.

	Instruction: bsf    %rdx -> %rdx
	Instruction: movzx  (%rsi,%rdx)[1byte] -> %ecx
	Instruction: movzx  (%rdi,%rdx)[1byte] -> %eax
	Instruction: sub    %ecx %eax -> %eax
	Instruction: ret    %rsp (%rsp)[8byte] -> %rsp
[ARKADE BB END] handling event_bb is done.




[ARKADE BB START] Basic Block is detected -> event_bb_insert is called.

	Instruction: test   %eax %eax
	Instruction: jz     $0x00007f43bd99a3e9
[ARKADE BB END] handling event_bb is done.




[ARKADE BB START] Basic Block is detected -> event_bb_insert is called.

	Instruction: cmp    0xf8(%rsp)[8byte] $0x0000000000000000
	Instruction: jz     $0x00007f43bd99a8b8
[ARKADE BB END] handling event_bb is done.




[ARKADE BB START] Basic Block is detected -> event_bb_insert is called.

	Instruction: movzx  0x05(%r8)[1byte] -> %eax
	Instruction: and    $0x00000003 %eax -> %eax
	Instruction: sub    $0x00000001 %eax -> %eax
	Instruction: cmp    %eax $0x00000001
	Instruction: jbe    $0x00007f43bd99a5b2
[ARKADE BB END] handling event_bb is done.




[ARKADE BB START] Basic Block is detected -> event_bb_insert is called.

	Instruction: movzx  0x04(%r8)[1byte] -> %eax
	Instruction: shr    $0x04 %al -> %al
	Instruction: cmp    %al $0x02
	Instruction: jz     $0x00007f43bd99a9c0
[ARKADE BB END] handling event_bb is done.




[ARKADE BB START] Basic Block is detected -> event_bb_insert is called.

	Instruction: mov    <rel> 0x00007f43bd9bc66c[4byte] -> %ecx
	Instruction: test   %ecx %ecx
	Instruction: jz     $0x00007f43bd99a78b
[ARKADE BB END] handling event_bb is done.




[ARKADE BB START] Basic Block is detected -> event_bb_insert is called.

	Instruction: mov    %rbx -> %rax
	Instruction: pop    %rsp (%rsp)[8byte] -> %rbx %rsp
	Instruction: pop    %rsp (%rsp)[8byte] -> %rbp %rsp
	Instruction: pop    %rsp (%rsp)[8byte] -> %r12 %rsp
	Instruction: pop    %rsp (%rsp)[8byte] -> %r13 %rsp
	Instruction: pop    %rsp (%rsp)[8byte] -> %r14 %rsp
	Instruction: ret    %rsp (%rsp)[8byte] -> %rsp
[ARKADE BB END] handling event_bb is done.




[ARKADE BB START] Basic Block is detected -> event_bb_insert is called.

	Instruction: add    $0x0000000000000030 %rsp -> %rsp
	Instruction: test   %rax %rax
	Instruction: jnz    $0x00007f43bd99afd4
[ARKADE BB END] handling event_bb is done.




[ARKADE BB START] Basic Block is detected -> event_bb_insert is called.

	Instruction: mov    0x40(%rsp)[4byte] -> %r15d
	Instruction: mov    0x68(%rsp)[8byte] -> %r13
	Instruction: mov    %rax -> %r8
	Instruction: mov    0xd0(%rsp)[8byte] -> %rbp
	Instruction: mov    0xe8(%rsp)[8byte] -> %r12
	Instruction: mov    0x70(%rsp)[8byte] -> %r11
	Instruction: jmp    $0x00007f43bd99a748
[ARKADE BB END] handling event_bb is done.




[ARKADE BB START] Basic Block is detected -> event_bb_insert is called.

	Instruction: mov    %eax -> %ebx
	Instruction: add    $0x0000000000000001 <rel> 0x00007f43bd9bd9d0[8byte] -> <rel> 0x00007f43bd9bd9d0[8byte]
	Instruction: mov    $0xffffffff -> %eax
	Instruction: pxor   %xmm0 %xmm0 -> %xmm0
	Instruction: cmp    0x08(%rsp)[8byte] $0x0000000000000000
	Instruction: mov    %rax -> 0x40(%rsp)[8byte]
	Instruction: movaps %xmm0 -> 0x50(%rsp)[16byte]
	Instruction: jz     $0x00007f43bd99b166
[ARKADE BB END] handling event_bb is done.




[ARKADE BB START] Basic Block is detected -> event_bb_insert is called.

	Instruction: mov    0x18(%rsp)[8byte] -> %rax
	Instruction: mov    (%r12)[8byte] -> %rcx
	Instruction: cmp    0xd8(%rsp)[8byte] $0x0000000000000000
	Instruction: mov    (%rax)[8byte] -> %r9
	Instruction: jnz    $0x00007f43bd99b3f0
[ARKADE BB END] handling event_bb is done.




[ARKADE BB START] Basic Block is detected -> event_bb_insert is called.

	Instruction: test   %r9 %r9
	Instruction: jz     $0x00007f43bd99b340
[ARKADE BB END] handling event_bb is done.




[ARKADE BB START] Basic Block is detected -> event_bb_insert is called.

	Instruction: mov    $0x0000000000000000 -> 0x20(%rsp)[8byte]
	Instruction: mov    %rax -> %rbp
	Instruction: mov    0x20(%rsp)[8byte] -> %rax
	Instruction: lea    0x50(%rsp) -> %r15
	Instruction: lea    0x40(%rsp) -> %r14
	Instruction: jmp    $0x00007f43bd99b1c3
[ARKADE BB END] handling event_bb is done.




[ARKADE BB START] Basic Block is detected -> event_bb_insert is called.

	Instruction: push   0x10(%rsp)[8byte] %rsp -> %rsp 0xfffffff8(%rsp)[8byte]
	Instruction: mov    0x40(%rsp)[4byte] -> %edi
	Instruction: mov    %r15 -> %r8
	Instruction: mov    %r14 -> %rdx
	Instruction: mov    %rbx -> %rsi
	Instruction: push   %rdi %rsp -> %rsp 0xfffffff8(%rsp)[8byte]
	Instruction: push   0xe8(%rsp)[8byte] %rsp -> %rsp 0xfffffff8(%rsp)[8byte]
	Instruction: mov    0xe8(%rsp)[4byte] -> %edi
	Instruction: push   %rdi %rsp -> %rsp 0xfffffff8(%rsp)[8byte]
	Instruction: mov    %r13 -> %rdi
	Instruction: push   0x28(%rsp)[8byte] %rsp -> %rsp 0xfffffff8(%rsp)[8byte]
	Instruction: push   %rax %rsp -> %rsp 0xfffffff8(%rsp)[8byte]
	Instruction: call   $0x00007f43bd99a4c0 %rsp -> %rsp 0xfffffff8(%rsp)[8byte]
[ARKADE BB END] handling event_bb is done.




[ARKADE BB START] Basic Block is detected -> event_bb_insert is called.

	Instruction: nop    %edx
	Instruction: push   %r15 %rsp -> %rsp 0xfffffff8(%rsp)[8byte]
	Instruction: push   %r14 %rsp -> %rsp 0xfffffff8(%rsp)[8byte]
	Instruction: push   %r13 %rsp -> %rsp 0xfffffff8(%rsp)[8byte]
	Instruction: mov    %rdi -> %r13
	Instruction: push   %r12 %rsp -> %rsp 0xfffffff8(%rsp)[8byte]
	Instruction: mov    %rdx -> %r12
	Instruction: push   %rbp %rsp -> %rsp 0xfffffff8(%rsp)[8byte]
	Instruction: push   %rbx %rsp -> %rsp 0xfffffff8(%rsp)[8byte]
	Instruction: sub    $0x0000000000000098 %rsp -> %rsp
	Instruction: movzx  (%rdi)[1byte] -> %edx
	Instruction: mov    %rsi -> 0x10(%rsp)[8byte]
	Instruction: mov    %rcx -> 0x18(%rsp)[8byte]
	Instruction: mov    %r8 -> 0x08(%rsp)[8byte]
	Instruction: mov    %r9d -> 0x38(%rsp)[4byte]
	Instruction: test   %dl %dl
	Instruction: jz     $0x00007f43bd99b330
[ARKADE BB END] handling event_bb is done.




[ARKADE BB START] Basic Block is detected -> event_bb_insert is called.

	Instruction: mov    %rdi -> %rcx
	Instruction: mov    $0x00001505 -> %eax
	Instruction: data16 nop    0x00(%rax,%rax)[4byte]
	Instruction: mov    %rax -> %rsi
	Instruction: movzx  %dl -> %edx
	Instruction: add    $0x0000000000000001 %rcx -> %rcx
	Instruction: shl    $0x0000000000000005 %rsi -> %rsi
	Instruction: add    %rsi %rax -> %rax
	Instruction: add    %rdx %rax -> %rax
	Instruction: movzx  (%rcx)[1byte] -> %edx
	Instruction: test   %dl %dl
	Instruction: jnz    $0x00007f43bd99b118
[ARKADE BB END] handling event_bb is done.




[ARKADE BB START] Basic Block is detected -> event_bb_insert is called.

	Instruction: mov    <rel> 0x00007f43bd9bc620[4byte] -> %eax
	Instruction: test   %eax $0x00000804
	Instruction: jnz    $0x00007f43bd99b429
[ARKADE BB END] handling event_bb is done.




[ARKADE BB START] Basic Block is detected -> event_bb_insert is called.

	Instruction: mov    0x50(%rsp)[8byte] -> %rax
	Instruction: mov    %rax -> (%r12)[8byte]
	Instruction: add    $0x0000000000000098 %rsp -> %rsp
	Instruction: mov    %r14 -> %rax
	Instruction: pop    %rsp (%rsp)[8byte] -> %rbx %rsp
	Instruction: pop    %rsp (%rsp)[8byte] -> %rbp %rsp
	Instruction: pop    %rsp (%rsp)[8byte] -> %r12 %rsp
	Instruction: pop    %rsp (%rsp)[8byte] -> %r13 %rsp
	Instruction: pop    %rsp (%rsp)[8byte] -> %r14 %rsp
	Instruction: pop    %rsp (%rsp)[8byte] -> %r15 %rsp
	Instruction: ret    %rsp (%rsp)[8byte] -> %rsp
[ARKADE BB END] handling event_bb is done.




[ARKADE BB START] Basic Block is detected -> event_bb_insert is called.

	Instruction: mov    0xffffff88(%rbp)[8byte] -> %rcx
	Instruction: mov    %rax -> 0x00000418(%r15)[8byte]
	Instruction: mov    %rax -> %r11
	Instruction: mov    %rcx -> 0x00000420(%r15)[8byte]
	Instruction: pop    %rsp (%rsp)[8byte] -> %rax %rsp
	Instruction: pop    %rsp (%rsp)[8byte] -> %rdx %rsp
	Instruction: xor    %r10d %r10d -> %r10d
	Instruction: test   %rcx %rcx
	Instruction: jnz    $0x00007f43bd99d5d8
[ARKADE BB END] handling event_bb is done.




[ARKADE BB START] Basic Block is detected -> event_bb_insert is called.

	Instruction: movzx  0x06(%rcx)[2byte] -> %esi
	Instruction: movzx  0x04(%rcx)[1byte] -> %edx
	Instruction: data16 cmp    %si $0xfff1
	Instruction: jnz    $0x00007f43bd99d4c4
[ARKADE BB END] handling event_bb is done.




[ARKADE BB START] Basic Block is detected -> event_bb_insert is called.

	Instruction: mov    0xffffff30(%rbp)[8byte] -> %rbx
	Instruction: mov    %r15 -> %r11
	Instruction: mov    0xffffff58(%rbp)[8byte] -> %r15
	Instruction: test   %rbx %rbx
	Instruction: jz     $0x00007f43bd99cca5
[ARKADE BB END] handling event_bb is done.




[ARKADE BB START] Basic Block is detected -> event_bb_insert is called.

	Instruction: add    $0x0000000000000020 0xffffff50(%rbp)[8byte] -> 0xffffff50(%rbp)[8byte]
	Instruction: mov    0xffffff50(%rbp)[8byte] -> %rax
	Instruction: cmp    %rax 0xffffff20(%rbp)[8byte]
	Instruction: jnz    $0x00007f43bd99cbd4
[ARKADE BB END] handling event_bb is done.




[ARKADE BB START] Basic Block is detected -> event_bb_insert is called.

	Instruction: mov    0xffffff50(%rbp)[8byte] -> %rdi
	Instruction: mov    (%r11)[8byte] -> %r15
	Instruction: mov    (%rdi)[8byte] -> %rax
	Instruction: mov    0x08(%rdi)[8byte] -> %rsi
	Instruction: mov    0x18(%rdi)[4byte] -> %r8d
	Instruction: add    %rax %rsi -> %rsi
	Instruction: mov    %rsi -> 0xffffff78(%rbp)[8byte]
	Instruction: test   %r8d %r8d
	Instruction: jz     $0x00007f43bd99cd60
[ARKADE BB END] handling event_bb is done.




[ARKADE BB START] Basic Block is detected -> event_bb_insert is called.

	Instruction: xor    %r12d %r12d -> %r12d
	Instruction: xor    %ebx %ebx -> %ebx
	Instruction: mov    %rsi -> %rdi
	Instruction: cmp    %rax %rsi
	Instruction: jb     $0x00007f43bd99cc3c
[ARKADE BB END] handling event_bb is done.




[ARKADE BB START] Basic Block is detected -> event_bb_insert is called.

	Instruction: mov    0x08(%rax)[8byte] -> %rsi
	Instruction: mov    %esi -> %ecx
	Instruction: cmp    %esi $0x00000025
	Instruction: jnz    $0x00007f43bd99cc10
[ARKADE BB END] handling event_bb is done.




[ARKADE BB START] Basic Block is detected -> event_bb_insert is called.

	Instruction: mov    (%rax)[8byte] -> %rdx
	Instruction: add    %r15 %rdx -> %rdx
	Instruction: cmp    %rcx $0x0000000000000007
	Instruction: jnz    $0x00007f43bd99cd38
[ARKADE BB END] handling event_bb is done.




[ARKADE BB START] Basic Block is detected -> event_bb_insert is called.

	Instruction: mov    0x000003f0(%r11)[8byte] -> %rcx
	Instruction: test   %rcx %rcx
	Instruction: jnz    $0x00007f43bd99d610
[ARKADE BB END] handling event_bb is done.




[ARKADE BB START] Basic Block is detected -> event_bb_insert is called.

	Instruction: add    %r15 (%rdx)[8byte] -> (%rdx)[8byte]
	Instruction: add    $0x0000000000000018 %rax -> %rax
	Instruction: cmp    %rdi %rax
	Instruction: jbe    $0x00007f43bd99cc60
[ARKADE BB END] handling event_bb is done.




[ARKADE BB START] Basic Block is detected -> event_bb_insert is called.

	Instruction: mov    %rax -> %r12
	Instruction: test   %rbx %rbx
	Instruction: jnz    $0x00007f43bd99cc33
[ARKADE BB END] handling event_bb is done.




[ARKADE BB START] Basic Block is detected -> event_bb_insert is called.

	Instruction: mov    %rax -> %rbx
	Instruction: add    $0x0000000000000018 %rax -> %rax
	Instruction: cmp    %rdi %rax
	Instruction: jnbe   $0x00007f43bd99cc3c
[ARKADE BB END] handling event_bb is done.




[ARKADE BB START] Basic Block is detected -> event_bb_insert is called.

	Instruction: add    $0x0000000000000018 %rax -> %rax
	Instruction: cmp    %rdi %rax
	Instruction: jbe    $0x00007f43bd99cc60
[ARKADE BB END] handling event_bb is done.




[ARKADE BB START] Basic Block is detected -> event_bb_insert is called.

	Instruction: test   %rbx %rbx
	Instruction: jz     $0x00007f43bd99cca5
[ARKADE BB END] handling event_bb is done.




[ARKADE BB START] Basic Block is detected -> event_bb_insert is called.

	Instruction: cmp    %rbx %r12
	Instruction: jnbe   $0x00007f43bd99cca5
[ARKADE BB END] handling event_bb is done.




[ARKADE BB START] Basic Block is detected -> event_bb_insert is called.

	Instruction: mov    0xffffff38(%rbp)[4byte] -> %esi
	Instruction: mov    %r11 -> %r13
	Instruction: test   %esi %esi
	Instruction: jnz    $0x00007f43bd99d66b
[ARKADE BB END] handling event_bb is done.




[ARKADE BB START] Basic Block is detected -> event_bb_insert is called.

	Instruction: nop    0x00(%rax,%rax)[4byte]
	Instruction: cmp    0x08(%rbx)[4byte] $0x00000025
	Instruction: jnz    $0x00007f43bd99cc99
[ARKADE BB END] handling event_bb is done.




[ARKADE BB START] Basic Block is detected -> event_bb_insert is called.

	Instruction: mov    (%rbx)[8byte] -> %r14
	Instruction: mov    0x10(%rbx)[8byte] -> %rax
	Instruction: add    0x00(%r13)[8byte] %rax -> %rax
	Instruction: call   %rax %rsp -> %rsp 0xfffffff8(%rsp)[8byte]
[ARKADE BB END] handling event_bb is done.

[ARKADE WRAP MALLOC] Wrapped malloc successfully @ 0x00007f43bd4370e0
[ARKADE WRAP FREE] Wrapped free successfully @ 0x00007f43bd4376d0




[ARKADE BB START] Basic Block is detected -> event_bb_insert is called.

	Instruction: nop    %edx
	Instruction: mov    <rel> 0x00007f43bd588e60[8byte] -> %rdx
	Instruction: lea    <rel> 0x00007f43bd458b40 -> %rax
	Instruction: mov    0xcc(%rdx)[4byte] -> %ecx
	Instruction: test   %ch $0x30
	Instruction: jnz    $0x00007f43bd43d4f0
[ARKADE BB END] handling event_bb is done.




[ARKADE BB START] Basic Block is detected -> event_bb_insert is called.

	Instruction: mov    $0x0000400000000004 -> %rax
	Instruction: and    0xc8(%rdx)[8byte] %rax -> %rax
	Instruction: cmp    %rax $0x0000000000000004
	Instruction: jz     $0x00007f43bd43d4f8
[ARKADE BB END] handling event_bb is done.




[ARKADE BB START] Basic Block is detected -> event_bb_insert is called.

	Instruction: test   %ch $0x01
	Instruction: jz     $0x00007f43bd43d4d0
[ARKADE BB END] handling event_bb is done.




[ARKADE BB START] Basic Block is detected -> event_bb_insert is called.

	Instruction: test   0x7d(%rdx)[1byte] $0x02
	Instruction: lea    <rel> 0x00007f43bd528910 -> %rax
	Instruction: lea    <rel> 0x00007f43bd5288a0 -> %rdx
	Instruction: cmovz  %rdx -> %rax
	Instruction: ret    %rsp (%rsp)[8byte] -> %rsp
[ARKADE BB END] handling event_bb is done.




[ARKADE BB START] Basic Block is detected -> event_bb_insert is called.

	Instruction: add    %r15 %r14 -> %r14
	Instruction: mov    %rax -> (%r14)[8byte]
	Instruction: add    $0x0000000000000018 %rbx -> %rbx
	Instruction: cmp    %rbx %r12
	Instruction: jbe    $0x00007f43bd99cc80
[ARKADE BB END] handling event_bb is done.




[ARKADE BB START] Basic Block is detected -> event_bb_insert is called.

	Instruction: cmp    0x08(%rbx)[4byte] $0x00000025
	Instruction: jnz    $0x00007f43bd99cc99
[ARKADE BB END] handling event_bb is done.




[ARKADE BB START] Basic Block is detected -> event_bb_insert is called.

	Instruction: nop    %edx
	Instruction: mov    <rel> 0x00007f43bd588e60[8byte] -> %rcx
	Instruction: lea    <rel> 0x00007f43bd5271d0 -> %rax
	Instruction: mov    $0x0000090000000002 -> %rdx
	Instruction: mov    $0x0000010000000002 -> %rsi
	Instruction: and    0xc8(%rcx)[8byte] %rdx -> %rdx
	Instruction: cmp    %rdx %rsi
	Instruction: jz     $0x00007f43bd43c7d8
[ARKADE BB END] handling event_bb is done.




[ARKADE BB START] Basic Block is detected -> event_bb_insert is called.

	Instruction: ret    %rsp (%rsp)[8byte] -> %rsp
[ARKADE BB END] handling event_bb is done.




[ARKADE BB START] Basic Block is detected -> event_bb_insert is called.

	Instruction: nop    %edx
	Instruction: mov    <rel> 0x00007f43bd588e60[8byte] -> %rdx
	Instruction: lea    <rel> 0x00007f43bd5222d0 -> %rax
	Instruction: test   0xc8(%rdx)[1byte] $0x01
	Instruction: jnz    $0x00007f43bd43d7fb
[ARKADE BB END] handling event_bb is done.




[ARKADE BB START] Basic Block is detected -> event_bb_insert is called.

	Instruction: ret    %rsp (%rsp)[8byte] -> %rsp
[ARKADE BB END] handling event_bb is done.




[ARKADE BB START] Basic Block is detected -> event_bb_insert is called.

	Instruction: nop    %edx
	Instruction: mov    <rel> 0x00007f43bd588e60[8byte] -> %rcx
	Instruction: lea    <rel> 0x00007f43bd525dc0 -> %rax
	Instruction: mov    $0x0000090000000002 -> %rdx
	Instruction: mov    $0x0000010000000002 -> %rsi
	Instruction: and    0xc8(%rcx)[8byte] %rdx -> %rdx
	Instruction: cmp    %rdx %rsi
	Instruction: jz     $0x00007f43bd43c0f8
[ARKADE BB END] handling event_bb is done.




[ARKADE BB START] Basic Block is detected -> event_bb_insert is called.

	Instruction: ret    %rsp (%rsp)[8byte] -> %rsp
[ARKADE BB END] handling event_bb is done.




[ARKADE BB START] Basic Block is detected -> event_bb_insert is called.

	Instruction: nop    %edx
	Instruction: mov    <rel> 0x00007f43bd588e60[8byte] -> %rdx
	Instruction: mov    $0x0000090000000002 -> %rax
	Instruction: and    0xc8(%rdx)[8byte] %rax -> %rax
	Instruction: mov    $0x0000010000000002 -> %rdx
	Instruction: cmp    %rax %rdx
	Instruction: lea    <rel> 0x00007f43bd525730 -> %rdx
	Instruction: lea    <rel> 0x00007f43bd44e8c0 -> %rax
	Instruction: cmovz  %rdx -> %rax
	Instruction: ret    %rsp (%rsp)[8byte] -> %rsp
[ARKADE BB END] handling event_bb is done.




[ARKADE BB START] Basic Block is detected -> event_bb_insert is called.

	Instruction: nop    %edx
	Instruction: mov    <rel> 0x00007f43bd588e60[8byte] -> %rdx
	Instruction: mov    $0x0000090000000002 -> %rax
	Instruction: and    0xc8(%rdx)[8byte] %rax -> %rax
	Instruction: mov    $0x0000010000000002 -> %rdx
	Instruction: cmp    %rax %rdx
	Instruction: lea    <rel> 0x00007f43bd521a30 -> %rdx
	Instruction: lea    <rel> 0x00007f43bd4491f0 -> %rax
	Instruction: cmovz  %rdx -> %rax
	Instruction: ret    %rsp (%rsp)[8byte] -> %rsp
[ARKADE BB END] handling event_bb is done.




[ARKADE BB START] Basic Block is detected -> event_bb_insert is called.

	Instruction: nop    %edx
	Instruction: mov    <rel> 0x00007f43bd588e60[8byte] -> %rdx
	Instruction: mov    $0x0000090000000002 -> %rax
	Instruction: and    0xc8(%rdx)[8byte] %rax -> %rax
	Instruction: mov    $0x0000010000000002 -> %rdx
	Instruction: cmp    %rax %rdx
	Instruction: lea    <rel> 0x00007f43bd529210 -> %rdx
	Instruction: lea    <rel> 0x00007f43bd46b0a0 -> %rax
	Instruction: cmovz  %rdx -> %rax
	Instruction: ret    %rsp (%rsp)[8byte] -> %rsp
[ARKADE BB END] handling event_bb is done.




[ARKADE BB START] Basic Block is detected -> event_bb_insert is called.

	Instruction: nop    %edx
	Instruction: mov    <rel> 0x00007f43bd588e60[8byte] -> %rdx
	Instruction: mov    $0x0000090000000002 -> %rax
	Instruction: and    0xc8(%rdx)[8byte] %rax -> %rax
	Instruction: mov    $0x0000010000000002 -> %rdx
	Instruction: cmp    %rax %rdx
	Instruction: lea    <rel> 0x00007f43bd5294e0 -> %rdx
	Instruction: lea    <rel> 0x00007f43bd46b3d0 -> %rax
	Instruction: cmovz  %rdx -> %rax
	Instruction: ret    %rsp (%rsp)[8byte] -> %rsp
[ARKADE BB END] handling event_bb is done.




[ARKADE BB START] Basic Block is detected -> event_bb_insert is called.

	Instruction: nop    %edx
	Instruction: mov    <rel> 0x00007f43bd588e60[8byte] -> %rdx
	Instruction: lea    <rel> 0x00007f43bd458b10 -> %rax
	Instruction: mov    0xcc(%rdx)[4byte] -> %ecx
	Instruction: test   %ch $0x30
	Instruction: jnz    $0x00007f43bd43d650
[ARKADE BB END] handling event_bb is done.




[ARKADE BB START] Basic Block is detected -> event_bb_insert is called.

	Instruction: mov    $0x0000400000000004 -> %rax
	Instruction: and    0xc8(%rdx)[8byte] %rax -> %rax
	Instruction: cmp    %rax $0x0000000000000004
	Instruction: jz     $0x00007f43bd43d658
[ARKADE BB END] handling event_bb is done.




[ARKADE BB START] Basic Block is detected -> event_bb_insert is called.

	Instruction: test   %ch $0x01
	Instruction: jz     $0x00007f43bd43d630
[ARKADE BB END] handling event_bb is done.




[ARKADE BB START] Basic Block is detected -> event_bb_insert is called.

	Instruction: test   0x7d(%rdx)[1byte] $0x02
	Instruction: lea    <rel> 0x00007f43bd5288f0 -> %rax
	Instruction: lea    <rel> 0x00007f43bd528880 -> %rdx
	Instruction: cmovz  %rdx -> %rax
	Instruction: ret    %rsp (%rsp)[8byte] -> %rsp
[ARKADE BB END] handling event_bb is done.




[ARKADE BB START] Basic Block is detected -> event_bb_insert is called.

	Instruction: nop    %edx
	Instruction: mov    <rel> 0x00007f43bd588e60[8byte] -> %rdx
	Instruction: mov    $0x0000080000000002 -> %rax
	Instruction: and    0xc8(%rdx)[8byte] %rax -> %rax
	Instruction: mov    0x70(%rdx)[4byte] -> %ecx
	Instruction: cmp    %rax $0x0000000000000002
	Instruction: jz     $0x00007f43bd43d460
[ARKADE BB END] handling event_bb is done.




[ARKADE BB START] Basic Block is detected -> event_bb_insert is called.

	Instruction: test   %ecx $0x00400000
	Instruction: jz     $0x00007f43bd43d435
[ARKADE BB END] handling event_bb is done.




[ARKADE BB START] Basic Block is detected -> event_bb_insert is called.

	Instruction: lea    <rel> 0x00007f43bd521ef0 -> %rax
	Instruction: test   0xcd(%rdx)[1byte] $0x01
	Instruction: jz     $0x00007f43bd43d435
[ARKADE BB END] handling event_bb is done.




[ARKADE BB START] Basic Block is detected -> event_bb_insert is called.

	Instruction: ret    %rsp (%rsp)[8byte] -> %rsp
[ARKADE BB END] handling event_bb is done.




[ARKADE BB START] Basic Block is detected -> event_bb_insert is called.

	Instruction: nop    %edx
	Instruction: mov    <rel> 0x00007f43bd588e60[8byte] -> %rcx
	Instruction: lea    <rel> 0x00007f43bd521230 -> %rax
	Instruction: mov    $0x0000090000000002 -> %rdx
	Instruction: mov    $0x0000010000000002 -> %rsi
	Instruction: and    0xc8(%rcx)[8byte] %rdx -> %rdx
	Instruction: cmp    %rdx %rsi
	Instruction: jz     $0x00007f43bd43c772
[ARKADE BB END] handling event_bb is done.




[ARKADE BB START] Basic Block is detected -> event_bb_insert is called.

	Instruction: ret    %rsp (%rsp)[8byte] -> %rsp
[ARKADE BB END] handling event_bb is done.




[ARKADE BB START] Basic Block is detected -> event_bb_insert is called.

	Instruction: nop    %edx
	Instruction: mov    <rel> 0x00007f43bd588e60[8byte] -> %rcx
	Instruction: lea    <rel> 0x00007f43bd520df0 -> %rax
	Instruction: mov    $0x0000090000000002 -> %rdx
	Instruction: mov    $0x0000010000000002 -> %rsi
	Instruction: and    0xc8(%rcx)[8byte] %rdx -> %rdx
	Instruction: cmp    %rdx %rsi
	Instruction: jz     $0x00007f43bd43c1a8
[ARKADE BB END] handling event_bb is done.




[ARKADE BB START] Basic Block is detected -> event_bb_insert is called.

	Instruction: ret    %rsp (%rsp)[8byte] -> %rsp
[ARKADE BB END] handling event_bb is done.




[ARKADE BB START] Basic Block is detected -> event_bb_insert is called.

	Instruction: nop    %edx
	Instruction: mov    <rel> 0x00007f43bd588e60[8byte] -> %rdx
	Instruction: lea    <rel> 0x00007f43bd458f50 -> %rax
	Instruction: mov    0xcc(%rdx)[4byte] -> %ecx
	Instruction: test   %ch $0x10
	Instruction: jnz    $0x00007f43bd43d5b4
[ARKADE BB END] handling event_bb is done.




[ARKADE BB START] Basic Block is detected -> event_bb_insert is called.

	Instruction: mov    $0x0000400000000004 -> %rax
	Instruction: and    0xc8(%rdx)[8byte] %rax -> %rax
	Instruction: cmp    %rax $0x0000000000000004
	Instruction: jz     $0x00007f43bd43d5b8
[ARKADE BB END] handling event_bb is done.




[ARKADE BB START] Basic Block is detected -> event_bb_insert is called.

	Instruction: mov    0x7c(%rdx)[4byte] -> %eax
	Instruction: and    $0x00000200 %eax -> %eax
	Instruction: test   0xc8(%rdx)[1byte] $0x02
	Instruction: jz     $0x00007f43bd43d5a0
[ARKADE BB END] handling event_bb is done.




[ARKADE BB START] Basic Block is detected -> event_bb_insert is called.

	Instruction: test   %eax %eax
	Instruction: lea    <rel> 0x00007f43bd528d30 -> %rdx
	Instruction: lea    <rel> 0x00007f43bd528d90 -> %rax
	Instruction: cmovz  %rdx -> %rax
	Instruction: ret    %rsp (%rsp)[8byte] -> %rsp
[ARKADE BB END] handling event_bb is done.




[ARKADE BB START] Basic Block is detected -> event_bb_insert is called.

	Instruction: nop    %edx
	Instruction: mov    <rel> 0x00007f43bd588e60[8byte] -> %rdx
	Instruction: mov    $0x0000090000000002 -> %rax
	Instruction: and    0xc8(%rdx)[8byte] %rax -> %rax
	Instruction: mov    $0x0000010000000002 -> %rdx
	Instruction: cmp    %rax %rdx
	Instruction: lea    <rel> 0x00007f43bd529e60 -> %rdx
	Instruction: lea    <rel> 0x00007f43bd46c1e0 -> %rax
	Instruction: cmovz  %rdx -> %rax
	Instruction: ret    %rsp (%rsp)[8byte] -> %rsp
[ARKADE BB END] handling event_bb is done.




[ARKADE BB START] Basic Block is detected -> event_bb_insert is called.

	Instruction: nop    %edx
	Instruction: mov    <rel> 0x00007f43bd588e60[8byte] -> %rdx
	Instruction: mov    $0x0000090000000002 -> %rax
	Instruction: and    0xc8(%rdx)[8byte] %rax -> %rax
	Instruction: mov    $0x0000010000000002 -> %rdx
	Instruction: cmp    %rax %rdx
	Instruction: lea    <rel> 0x00007f43bd525aa0 -> %rdx
	Instruction: lea    <rel> 0x00007f43bd44ed60 -> %rax
	Instruction: cmovz  %rdx -> %rax
	Instruction: ret    %rsp (%rsp)[8byte] -> %rsp
[ARKADE BB END] handling event_bb is done.




[ARKADE BB START] Basic Block is detected -> event_bb_insert is called.

	Instruction: nop    %edx
	Instruction: mov    <rel> 0x00007f43bd588e60[8byte] -> %rax
	Instruction: lea    <rel> 0x00007f43bd520a40 -> %rdx
	Instruction: test   0x72(%rax)[1byte] $0x10
	Instruction: lea    <rel> 0x00007f43bd458890 -> %rax
	Instruction: cmovnz %rdx -> %rax
	Instruction: ret    %rsp (%rsp)[8byte] -> %rsp
[ARKADE BB END] handling event_bb is done.




[ARKADE BB START] Basic Block is detected -> event_bb_insert is called.

	Instruction: nop    %edx
	Instruction: mov    <rel> 0x00007f43bd588e60[8byte] -> %rdx
	Instruction: lea    <rel> 0x00007f43bd523950 -> %rax
	Instruction: test   0xc8(%rdx)[1byte] $0x01
	Instruction: jnz    $0x00007f43bd43d84b
[ARKADE BB END] handling event_bb is done.




[ARKADE BB START] Basic Block is detected -> event_bb_insert is called.

	Instruction: ret    %rsp (%rsp)[8byte] -> %rsp
[ARKADE BB END] handling event_bb is done.




[ARKADE BB START] Basic Block is detected -> event_bb_insert is called.

	Instruction: nop    %edx
	Instruction: mov    <rel> 0x00007f43bd588e60[8byte] -> %rcx
	Instruction: lea    <rel> 0x00007f43bd526e40 -> %rax
	Instruction: mov    $0x0000090000000002 -> %rdx
	Instruction: mov    $0x0000010000000002 -> %rsi
	Instruction: and    0xc8(%rcx)[8byte] %rdx -> %rdx
	Instruction: cmp    %rdx %rsi
	Instruction: jz     $0x00007f43bd43c228
[ARKADE BB END] handling event_bb is done.




[ARKADE BB START] Basic Block is detected -> event_bb_insert is called.

	Instruction: ret    %rsp (%rsp)[8byte] -> %rsp
[ARKADE BB END] handling event_bb is done.




[ARKADE BB START] Basic Block is detected -> event_bb_insert is called.

	Instruction: nop    %edx
	Instruction: mov    <rel> 0x00007f43bd588e60[8byte] -> %rdx
	Instruction: lea    <rel> 0x00007f43bd458b40 -> %rax
	Instruction: mov    0xcc(%rdx)[4byte] -> %ecx
	Instruction: test   %ch $0x30
	Instruction: jnz    $0x00007f43bd43d9c0
[ARKADE BB END] handling event_bb is done.




[ARKADE BB START] Basic Block is detected -> event_bb_insert is called.

	Instruction: mov    $0x0000400000000004 -> %rax
	Instruction: and    0xc8(%rdx)[8byte] %rax -> %rax
	Instruction: cmp    %rax $0x0000000000000004
	Instruction: jz     $0x00007f43bd43d9c8
[ARKADE BB END] handling event_bb is done.




[ARKADE BB START] Basic Block is detected -> event_bb_insert is called.

	Instruction: test   %ch $0x01
	Instruction: jz     $0x00007f43bd43d9a0
[ARKADE BB END] handling event_bb is done.




[ARKADE BB START] Basic Block is detected -> event_bb_insert is called.

	Instruction: test   0x7d(%rdx)[1byte] $0x02
	Instruction: lea    <rel> 0x00007f43bd528910 -> %rax
	Instruction: lea    <rel> 0x00007f43bd5288a0 -> %rdx
	Instruction: cmovz  %rdx -> %rax
	Instruction: ret    %rsp (%rsp)[8byte] -> %rsp
[ARKADE BB END] handling event_bb is done.




[ARKADE BB START] Basic Block is detected -> event_bb_insert is called.

	Instruction: nop    %edx
	Instruction: mov    <rel> 0x00007f43bd588e60[8byte] -> %rcx
	Instruction: lea    <rel> 0x00007f43bd52a440 -> %rax
	Instruction: mov    $0x0000090000000002 -> %rdx
	Instruction: mov    $0x0000010000000002 -> %rsi
	Instruction: and    0xc8(%rcx)[8byte] %rdx -> %rdx
	Instruction: cmp    %rdx %rsi
	Instruction: jz     $0x00007f43bd45af98
[ARKADE BB END] handling event_bb is done.




[ARKADE BB START] Basic Block is detected -> event_bb_insert is called.

	Instruction: ret    %rsp (%rsp)[8byte] -> %rsp
[ARKADE BB END] handling event_bb is done.




[ARKADE BB START] Basic Block is detected -> event_bb_insert is called.

	Instruction: nop    %edx
	Instruction: mov    <rel> 0x00007f43bd588e60[8byte] -> %rax
	Instruction: lea    <rel> 0x00007f43bd458ed0 -> %r8
	Instruction: mov    $0x0000010000000002 -> %rcx
	Instruction: mov    0xc8(%rax)[8byte] -> %rdx
	Instruction: mov    $0x0000090000000002 -> %rax
	Instruction: and    %rdx %rax -> %rax
	Instruction: cmp    %rax %rcx
	Instruction: jnz    $0x00007f43bd459e08
[ARKADE BB END] handling event_bb is done.




[ARKADE BB START] Basic Block is detected -> event_bb_insert is called.

	Instruction: mov    $0x0000400000000004 -> %rax
	Instruction: lea    <rel> 0x00007f43bd52db90 -> %r8
	Instruction: and    %rax %rdx -> %rdx
	Instruction: lea    <rel> 0x00007f43bd528d00 -> %rax
	Instruction: cmp    %rdx $0x0000000000000004
	Instruction: cmovnz %rax -> %r8
	Instruction: mov    %r8 -> %rax
	Instruction: ret    %rsp (%rsp)[8byte] -> %rsp
[ARKADE BB END] handling event_bb is done.




[ARKADE BB START] Basic Block is detected -> event_bb_insert is called.

	Instruction: nop    %edx
	Instruction: mov    <rel> 0x00007f43bd588e60[8byte] -> %rax
	Instruction: lea    <rel> 0x00007f43bd51aab0 -> %rdx
	Instruction: test   0x71(%rax)[1byte] $0x02
	Instruction: lea    <rel> 0x00007f43bd46c1b0 -> %rax
	Instruction: cmovnz %rdx -> %rax
	Instruction: ret    %rsp (%rsp)[8byte] -> %rsp
[ARKADE BB END] handling event_bb is done.




[ARKADE BB START] Basic Block is detected -> event_bb_insert is called.

	Instruction: nop    %edx
	Instruction: mov    <rel> 0x00007f43bd588e60[8byte] -> %rax
	Instruction: lea    <rel> 0x00007f43bd520b80 -> %rdx
	Instruction: test   0x72(%rax)[1byte] $0x10
	Instruction: lea    <rel> 0x00007f43bd458940 -> %rax
	Instruction: cmovnz %rdx -> %rax
	Instruction: ret    %rsp (%rsp)[8byte] -> %rsp
[ARKADE BB END] handling event_bb is done.




[ARKADE BB START] Basic Block is detected -> event_bb_insert is called.

	Instruction: nop    %edx
	Instruction: mov    <rel> 0x00007f43bd588e60[8byte] -> %rcx
	Instruction: lea    <rel> 0x00007f43bd525310 -> %rax
	Instruction: mov    $0x0000090000000002 -> %rdx
	Instruction: mov    $0x0000010000000002 -> %rsi
	Instruction: and    0xc8(%rcx)[8byte] %rdx -> %rdx
	Instruction: cmp    %rdx %rsi
	Instruction: jz     $0x00007f43bd43c14b
[ARKADE BB END] handling event_bb is done.




[ARKADE BB START] Basic Block is detected -> event_bb_insert is called.

	Instruction: ret    %rsp (%rsp)[8byte] -> %rsp
[ARKADE BB END] handling event_bb is done.




[ARKADE BB START] Basic Block is detected -> event_bb_insert is called.

	Instruction: nop    %edx
	Instruction: mov    <rel> 0x00007f43bd588e60[8byte] -> %rdx
	Instruction: mov    $0x0000090000000002 -> %rax
	Instruction: and    0xc8(%rdx)[8byte] %rax -> %rax
	Instruction: mov    $0x0000010000000002 -> %rdx
	Instruction: cmp    %rax %rdx
	Instruction: lea    <rel> 0x00007f43bd525900 -> %rdx
	Instruction: lea    <rel> 0x00007f43bd44ebc0 -> %rax
	Instruction: cmovz  %rdx -> %rax
	Instruction: ret    %rsp (%rsp)[8byte] -> %rsp
[ARKADE BB END] handling event_bb is done.




[ARKADE BB START] Basic Block is detected -> event_bb_insert is called.

	Instruction: nop    %edx
	Instruction: mov    <rel> 0x00007f43bd588e60[8byte] -> %rdx
	Instruction: mov    $0x0000090000000002 -> %rax
	Instruction: and    0xc8(%rdx)[8byte] %rax -> %rax
	Instruction: mov    $0x0000010000000002 -> %rdx
	Instruction: cmp    %rax %rdx
	Instruction: lea    <rel> 0x00007f43bd521b80 -> %rdx
	Instruction: lea    <rel> 0x00007f43bd449400 -> %rax
	Instruction: cmovz  %rdx -> %rax
	Instruction: ret    %rsp (%rsp)[8byte] -> %rsp
[ARKADE BB END] handling event_bb is done.




[ARKADE BB START] Basic Block is detected -> event_bb_insert is called.

	Instruction: nop    %edx
	Instruction: mov    <rel> 0x00007f43bd588e60[8byte] -> %rdx
	Instruction: lea    <rel> 0x00007f43bd5222e4 -> %rax
	Instruction: test   0xc8(%rdx)[1byte] $0x01
	Instruction: jnz    $0x00007f43bd43d89b
[ARKADE BB END] handling event_bb is done.




[ARKADE BB START] Basic Block is detected -> event_bb_insert is called.

	Instruction: ret    %rsp (%rsp)[8byte] -> %rsp
[ARKADE BB END] handling event_bb is done.




[ARKADE BB START] Basic Block is detected -> event_bb_insert is called.

	Instruction: nop    %edx
	Instruction: mov    <rel> 0x00007f43bd588e60[8byte] -> %rdx
	Instruction: mov    $0x0000090000000002 -> %rax
	Instruction: and    0xc8(%rdx)[8byte] %rax -> %rax
	Instruction: mov    $0x0000010000000002 -> %rdx
	Instruction: cmp    %rax %rdx
	Instruction: lea    <rel> 0x00007f43bd521760 -> %rdx
	Instruction: lea    <rel> 0x00007f43bd448ec0 -> %rax
	Instruction: cmovz  %rdx -> %rax
	Instruction: ret    %rsp (%rsp)[8byte] -> %rsp
[ARKADE BB END] handling event_bb is done.




[ARKADE BB START] Basic Block is detected -> event_bb_insert is called.

	Instruction: nop    %edx
	Instruction: mov    <rel> 0x00007f43bd588e60[8byte] -> %rdx
	Instruction: mov    $0x0000090000000002 -> %rax
	Instruction: and    0xc8(%rdx)[8byte] %rax -> %rax
	Instruction: mov    $0x0000010000000002 -> %rdx
	Instruction: cmp    %rax %rdx
	Instruction: lea    <rel> 0x00007f43bd52a280 -> %rdx
	Instruction: lea    <rel> 0x00007f43bd46c8f0 -> %rax
	Instruction: cmovz  %rdx -> %rax
	Instruction: ret    %rsp (%rsp)[8byte] -> %rsp
[ARKADE BB END] handling event_bb is done.




[ARKADE BB START] Basic Block is detected -> event_bb_insert is called.

	Instruction: nop    %edx
	Instruction: mov    <rel> 0x00007f43bd588e60[8byte] -> %rax
	Instruction: lea    <rel> 0x00007f43bd520cc0 -> %rdx
	Instruction: test   0x72(%rax)[1byte] $0x10
	Instruction: lea    <rel> 0x00007f43bd4589f0 -> %rax
	Instruction: cmovnz %rdx -> %rax
	Instruction: ret    %rsp (%rsp)[8byte] -> %rsp
[ARKADE BB END] handling event_bb is done.




[ARKADE BB START] Basic Block is detected -> event_bb_insert is called.

	Instruction: nop    %edx
	Instruction: mov    <rel> 0x00007f43bd588e60[8byte] -> %rcx
	Instruction: lea    <rel> 0x00007f43bd527ee0 -> %rax
	Instruction: mov    $0x0000090000000002 -> %rdx
	Instruction: mov    $0x0000010000000002 -> %rsi
	Instruction: and    0xc8(%rcx)[8byte] %rdx -> %rdx
	Instruction: cmp    %rdx %rsi
	Instruction: jz     $0x00007f43bd43d7a8
[ARKADE BB END] handling event_bb is done.




[ARKADE BB START] Basic Block is detected -> event_bb_insert is called.

	Instruction: ret    %rsp (%rsp)[8byte] -> %rsp
[ARKADE BB END] handling event_bb is done.




[ARKADE BB START] Basic Block is detected -> event_bb_insert is called.

	Instruction: nop    %edx
	Instruction: mov    <rel> 0x00007f43bd588e60[8byte] -> %rcx
	Instruction: lea    <rel> 0x00007f43bd527b30 -> %rax
	Instruction: mov    $0x0000090000000002 -> %rdx
	Instruction: mov    $0x0000010000000002 -> %rsi
	Instruction: and    0xc8(%rcx)[8byte] %rdx -> %rdx
	Instruction: cmp    %rdx %rsi
	Instruction: jz     $0x00007f43bd43d748
[ARKADE BB END] handling event_bb is done.




[ARKADE BB START] Basic Block is detected -> event_bb_insert is called.

	Instruction: ret    %rsp (%rsp)[8byte] -> %rsp
[ARKADE BB END] handling event_bb is done.




[ARKADE BB START] Basic Block is detected -> event_bb_insert is called.

	Instruction: nop    %edx
	Instruction: mov    <rel> 0x00007f43bd588e60[8byte] -> %rdx
	Instruction: mov    $0x0000080000000002 -> %rax
	Instruction: and    0xc8(%rdx)[8byte] %rax -> %rax
	Instruction: mov    0x70(%rdx)[4byte] -> %ecx
	Instruction: cmp    %rax $0x0000000000000002
	Instruction: jz     $0x00007f43bd459d70
[ARKADE BB END] handling event_bb is done.




[ARKADE BB START] Basic Block is detected -> event_bb_insert is called.

	Instruction: test   %ecx $0x00400000
	Instruction: jz     $0x00007f43bd459d45
[ARKADE BB END] handling event_bb is done.




[ARKADE BB START] Basic Block is detected -> event_bb_insert is called.

	Instruction: lea    <rel> 0x00007f43bd528ea0 -> %rax
	Instruction: test   0xcd(%rdx)[1byte] $0x01
	Instruction: jz     $0x00007f43bd459d45
[ARKADE BB END] handling event_bb is done.




[ARKADE BB START] Basic Block is detected -> event_bb_insert is called.

	Instruction: ret    %rsp (%rsp)[8byte] -> %rsp
[ARKADE BB END] handling event_bb is done.




[ARKADE BB START] Basic Block is detected -> event_bb_insert is called.

	Instruction: nop    %edx
	Instruction: mov    <rel> 0x00007f43bd588e60[8byte] -> %rdx
	Instruction: mov    $0x0000090000000002 -> %rax
	Instruction: and    0xc8(%rdx)[8byte] %rax -> %rax
	Instruction: mov    $0x0000010000000002 -> %rdx
	Instruction: cmp    %rax %rdx
	Instruction: lea    <rel> 0x00007f43bd525540 -> %rdx
	Instruction: lea    <rel> 0x00007f43bd44e6b0 -> %rax
	Instruction: cmovz  %rdx -> %rax
	Instruction: ret    %rsp (%rsp)[8byte] -> %rsp
[ARKADE BB END] handling event_bb is done.




[ARKADE BB START] Basic Block is detected -> event_bb_insert is called.

	Instruction: nop    %edx
	Instruction: mov    <rel> 0x00007f43bd588e60[8byte] -> %rdx
	Instruction: lea    <rel> 0x00007f43bd523964 -> %rax
	Instruction: test   0xc8(%rdx)[1byte] $0x01
	Instruction: jnz    $0x00007f43bd43d8eb
[ARKADE BB END] handling event_bb is done.




[ARKADE BB START] Basic Block is detected -> event_bb_insert is called.

	Instruction: ret    %rsp (%rsp)[8byte] -> %rsp
[ARKADE BB END] handling event_bb is done.




[ARKADE BB START] Basic Block is detected -> event_bb_insert is called.

	Instruction: mov    %r13 -> %r11
	Instruction: add    $0x0000000000000020 0xffffff50(%rbp)[8byte] -> 0xffffff50(%rbp)[8byte]
	Instruction: mov    0xffffff50(%rbp)[8byte] -> %rax
	Instruction: cmp    %rax 0xffffff20(%rbp)[8byte]
	Instruction: jnz    $0x00007f43bd99cbd4
[ARKADE BB END] handling event_bb is done.




[ARKADE BB START] Basic Block is detected -> event_bb_insert is called.

	Instruction: mov    0xffffff3c(%rbp)[4byte] -> %eax
	Instruction: mov    %r11 -> %r15
	Instruction: test   %eax %eax
	Instruction: jnz    $0x00007f43bd99e0b5
[ARKADE BB END] handling event_bb is done.




[ARKADE BB START] Basic Block is detected -> event_bb_insert is called.

	Instruction: or     $0x04 0x0000031c(%r15)[1byte] -> 0x0000031c(%r15)[1byte]
	Instruction: cmp    0xffffff18(%rbp)[8byte] $0x0000000000000000
	Instruction: jnz    $0x00007f43bd99e088
[ARKADE BB END] handling event_bb is done.




[ARKADE BB START] Basic Block is detected -> event_bb_insert is called.

	Instruction: mov    0x00000470(%r15)[8byte] -> %rax
	Instruction: test   %rax %rax
	Instruction: jnz    $0x00007f43bd99d770
[ARKADE BB END] handling event_bb is done.




[ARKADE BB START] Basic Block is detected -> event_bb_insert is called.

	Instruction: mov    <rel> 0x00007f43bd9bc638[8byte] -> %rsi
	Instruction: mov    0x00000468(%r15)[8byte] -> %rdx
	Instruction: add    (%r15)[8byte] %rdx -> %rdx
	Instruction: neg    %rsi -> %rsi
	Instruction: mov    %rdx -> %rdi
	Instruction: add    %rdx %rax -> %rax
	Instruction: and    %rsi %rdi -> %rdi
	Instruction: and    %rsi %rax -> %rax
	Instruction: cmp    %rdi %rax
	Instruction: jz     $0x00007f43bd99ccf8
[ARKADE BB END] handling event_bb is done.




[ARKADE BB START] Basic Block is detected -> event_bb_insert is called.

	Instruction: sub    %rdi %rax -> %rax
	Instruction: mov    $0x00000001 -> %edx
	Instruction: mov    %rax -> %rsi
	Instruction: call   $0x00007f43bd9ae230 %rsp -> %rsp 0xfffffff8(%rsp)[8byte]
[ARKADE BB END] handling event_bb is done.




[ARKADE BB START] Basic Block is detected -> event_bb_insert is called.

	Instruction: nop    %edx
	Instruction: mov    $0x0000000a -> %eax
	Instruction: syscall  -> %rcx %r11
[ARKADE BB END] handling event_bb is done.




[ARKADE BB START] Basic Block is detected -> event_bb_insert is called.

	Instruction: cmp    %rax $0xfffffffffffff001
	Instruction: jnb    $0x00007f43bd9ae244
[ARKADE BB END] handling event_bb is done.




[ARKADE BB START] Basic Block is detected -> event_bb_insert is called.

	Instruction: ret    %rsp (%rsp)[8byte] -> %rsp
[ARKADE BB END] handling event_bb is done.




[ARKADE BB START] Basic Block is detected -> event_bb_insert is called.

	Instruction: test   %eax %eax
	Instruction: jns    $0x00007f43bd99ccf8
[ARKADE BB END] handling event_bb is done.




[ARKADE BB START] Basic Block is detected -> event_bb_insert is called.

	Instruction: lea    0xffffffd8(%rbp) -> %rsp
	Instruction: pop    %rsp (%rsp)[8byte] -> %rbx %rsp
	Instruction: pop    %rsp (%rsp)[8byte] -> %r12 %rsp
	Instruction: pop    %rsp (%rsp)[8byte] -> %r13 %rsp
	Instruction: pop    %rsp (%rsp)[8byte] -> %r14 %rsp
	Instruction: pop    %rsp (%rsp)[8byte] -> %r15 %rsp
	Instruction: pop    %rsp (%rsp)[8byte] -> %rbp %rsp
	Instruction: ret    %rsp (%rsp)[8byte] -> %rsp
[ARKADE BB END] handling event_bb is done.




[ARKADE BB START] Basic Block is detected -> event_bb_insert is called.

	Instruction: cmp    <rel> 0x00007f43bd9be018[1byte] $0x00
	Instruction: jz     $0x00007f43bd9934e0
[ARKADE BB END] handling event_bb is done.




[ARKADE BB START] Basic Block is detected -> event_bb_insert is called.

	Instruction: mov    $0x00000001 -> %esi
	Instruction: mov    %r13 -> %rdi
	Instruction: call   $0x00007f43bd9a3dd0 %rsp -> %rsp 0xfffffff8(%rsp)[8byte]
[ARKADE BB END] handling event_bb is done.




[ARKADE BB START] Basic Block is detected -> event_bb_insert is called.

	Instruction: nop    %edx
	Instruction: push   %r13 %rsp -> %rsp 0xfffffff8(%rsp)[8byte]
	Instruction: mov    %esi -> %r13d
	Instruction: push   %r12 %rsp -> %rsp 0xfffffff8(%rsp)[8byte]
	Instruction: mov    %rdi -> %r12
	Instruction: push   %rbp %rsp -> %rsp 0xfffffff8(%rsp)[8byte]
	Instruction: push   %rbx %rsp -> %rsp 0xfffffff8(%rsp)[8byte]
	Instruction: sub    $0x0000000000000008 %rsp -> %rsp
	Instruction: mov    0x00000458(%rdi)[8byte] -> %rbp
	Instruction: mov    <rel> 0x00007f43bd9bdfa8[8byte] -> %rbx
	Instruction: jmp    $0x00007f43bd9a3e07
[ARKADE BB END] handling event_bb is done.




[ARKADE BB START] Basic Block is detected -> event_bb_insert is called.

	Instruction: mov    (%rbx)[8byte] -> %rax
	Instruction: cmp    %rax %rbp
	Instruction: jbe    $0x00007f43bd9a3df8
[ARKADE BB END] handling event_bb is done.




[ARKADE BB START] Basic Block is detected -> event_bb_insert is called.

	Instruction: test   %r13l %r13l
	Instruction: jz     $0x00007f43bd9a3e2e
[ARKADE BB END] handling event_bb is done.




[ARKADE BB START] Basic Block is detected -> event_bb_insert is called.

	Instruction: mov    <rel> 0x00007f43bd9bdfd8[8byte] -> %rax
	Instruction: shl    $0x0000000000000004 %rbp -> %rbp
	Instruction: add    %rbp %rbx -> %rbx
	Instruction: add    $0x0000000000000001 %rax -> %rax
	Instruction: mov    %r12 -> 0x18(%rbx)[8byte]
	Instruction: mov    %rax -> 0x10(%rbx)[8byte]
	Instruction: add    $0x0000000000000008 %rsp -> %rsp
	Instruction: pop    %rsp (%rsp)[8byte] -> %rbx %rsp
	Instruction: pop    %rsp (%rsp)[8byte] -> %rbp %rsp
	Instruction: pop    %rsp (%rsp)[8byte] -> %r12 %rsp
	Instruction: pop    %rsp (%rsp)[8byte] -> %r13 %rsp
	Instruction: ret    %rsp (%rsp)[8byte] -> %rsp
[ARKADE BB END] handling event_bb is done.




[ARKADE BB START] Basic Block is detected -> event_bb_insert is called.

	Instruction: jmp    $0x00007f43bd9934e0
[ARKADE BB END] handling event_bb is done.




[ARKADE BB START] Basic Block is detected -> event_bb_insert is called.

	Instruction: xor    %r13d %r13d -> %r13d
	Instruction: test   %eax %eax
	Instruction: jz     $0x00007f43bd99ca6d
[ARKADE BB END] handling event_bb is done.




[ARKADE BB START] Basic Block is detected -> event_bb_insert is called.

	Instruction: mov    0x78(%r15)[8byte] -> %rax
	Instruction: pxor   %xmm0 %xmm0 -> %xmm0
	Instruction: movaps %xmm0 -> 0xffffff90(%rbp)[16byte]
	Instruction: movaps %xmm0 -> 0xffffffa0(%rbp)[16byte]
	Instruction: movaps %xmm0 -> 0xffffffb0(%rbp)[16byte]
	Instruction: movaps %xmm0 -> 0xffffffc0(%rbp)[16byte]
	Instruction: test   %rax %rax
	Instruction: jz     $0x00007f43bd99d820
[ARKADE BB END] handling event_bb is done.




[ARKADE BB START] Basic Block is detected -> event_bb_insert is called.

	Instruction: cmp    %rax %rdi
	Instruction: jz     $0x00007f43bd99d812
[ARKADE BB END] handling event_bb is done.




[ARKADE BB START] Basic Block is detected -> event_bb_insert is called.

	Instruction: add    %rsi %rdx -> %rdx
	Instruction: mov    %rdx -> 0xffffff98(%rbp)[8byte]
	Instruction: jmp    $0x00007f43bd99cbaf
[ARKADE BB END] handling event_bb is done.




[ARKADE BB START] Basic Block is detected -> event_bb_insert is called.

	Instruction: lea    0xffffff90(%rbp) -> %rax
	Instruction: and    $0x02000000 %ebx -> %ebx
	Instruction: mov    %r15 -> %r11
	Instruction: mov    %rax -> 0xffffff50(%rbp)[8byte]
	Instruction: lea    0xffffffd0(%rbp) -> %rax
	Instruction: mov    %ebx -> 0xffffff38(%rbp)[4byte]
	Instruction: mov    %rax -> 0xffffff20(%rbp)[8byte]
	Instruction: mov    0xffffff50(%rbp)[8byte] -> %rdi
	Instruction: mov    (%r11)[8byte] -> %r15
	Instruction: mov    (%rdi)[8byte] -> %rax
	Instruction: mov    0x08(%rdi)[8byte] -> %rsi
	Instruction: mov    0x18(%rdi)[4byte] -> %r8d
	Instruction: add    %rax %rsi -> %rsi
	Instruction: mov    %rsi -> 0xffffff78(%rbp)[8byte]
	Instruction: test   %r8d %r8d
	Instruction: jz     $0x00007f43bd99cd60
[ARKADE BB END] handling event_bb is done.




[ARKADE BB START] Basic Block is detected -> event_bb_insert is called.

	Instruction: pxor   %xmm0 %xmm0 -> %xmm0
	Instruction: movdqa (%rdi)[16byte] -> %xmm2
	Instruction: movdqa (%rsi)[16byte] -> %xmm1
	Instruction: pcmpeqb %xmm1 %xmm0 -> %xmm0
	Instruction: pslldq $0x05 %xmm2 -> %xmm2
	Instruction: pcmpeqb %xmm1 %xmm2 -> %xmm2
	Instruction: psubb  %xmm0 %xmm2 -> %xmm2
	Instruction: pmovmskb %xmm2 -> %r9d
	Instruction: shr    %cl %edx -> %edx
	Instruction: shr    %cl %r9d -> %r9d
	Instruction: sub    %r9d %edx -> %edx
	Instruction: jnz    $0x00007f43bd9afa05
[ARKADE BB END] handling event_bb is done.




[ARKADE BB START] Basic Block is detected -> event_bb_insert is called.

	Instruction: mov    %rdi -> %rax
	Instruction: xor    %edx %edx -> %edx
	Instruction: div    %rsi %rdx %rax -> %rdx %rax
	Instruction: mov    0x00000308(%rbx)[8byte] -> %rax
	Instruction: mov    (%rax,%rdx,4)[4byte] -> %eax
	Instruction: test   %eax %eax
	Instruction: jz     $0x00007f43bd99a5b2
[ARKADE BB END] handling event_bb is done.




[ARKADE BB START] Basic Block is detected -> event_bb_insert is called.

	Instruction: mov    0x00000310(%rbx)[8byte] -> %rdx
	Instruction: mov    %r15d -> 0x40(%rsp)[4byte]
	Instruction: mov    %r13 -> 0x68(%rsp)[8byte]
	Instruction: mov    0xe0(%rsp)[4byte] -> %r15d
	Instruction: lea    (%rdx,%rax,4) -> %r14
	Instruction: lea    0x84(%rsp) -> %rax
	Instruction: mov    %r11 -> 0x70(%rsp)[8byte]
	Instruction: mov    0xd8(%rsp)[8byte] -> %r13
	Instruction: mov    %rbp -> 0xd0(%rsp)[8byte]
	Instruction: mov    %rdi -> %rbp
	Instruction: mov    %r12 -> 0xe8(%rsp)[8byte]
	Instruction: mov    0x50(%rsp)[8byte] -> %r12
	Instruction: mov    %rax -> 0x38(%rsp)[8byte]
	Instruction: jmp    $0x00007f43bd99a82d
[ARKADE BB END] handling event_bb is done.




[ARKADE BB START] Basic Block is detected -> event_bb_insert is called.

	Instruction: mov    (%r14)[4byte] -> %eax
	Instruction: mov    %rax -> %rdx
	Instruction: xor    %rbp %rax -> %rax
	Instruction: shr    $0x0000000000000001 %rax -> %rax
	Instruction: jnz    $0x00007f43bd99a820
[ARKADE BB END] handling event_bb is done.




[ARKADE BB START] Basic Block is detected -> event_bb_insert is called.

	Instruction: cmp    %cl $0x06
	Instruction: jz     $0x00007f43bd99a360
[ARKADE BB END] handling event_bb is done.




[ARKADE BB START] Basic Block is detected -> event_bb_insert is called.

	Instruction: data16 cmp    %dx $0xfff1
	Instruction: jz     $0x00007f43bd99a360
[ARKADE BB END] handling event_bb is done.




[ARKADE BB START] Basic Block is detected -> event_bb_insert is called.

	Instruction: xor    %eax %eax -> %eax
	Instruction: jmp    $0x00007f43bd99a442
[ARKADE BB END] handling event_bb is done.




[ARKADE BB START] Basic Block is detected -> event_bb_insert is called.

	Instruction: pop    %rsp (%rsp)[8byte] -> %rbx %rsp
	Instruction: pop    %rsp (%rsp)[8byte] -> %rbp %rsp
	Instruction: pop    %rsp (%rsp)[8byte] -> %r12 %rsp
	Instruction: pop    %rsp (%rsp)[8byte] -> %r13 %rsp
	Instruction: pop    %rsp (%rsp)[8byte] -> %r14 %rsp
	Instruction: ret    %rsp (%rsp)[8byte] -> %rsp
[ARKADE BB END] handling event_bb is done.




[ARKADE BB START] Basic Block is detected -> event_bb_insert is called.

	Instruction: mov    (%r14)[4byte] -> %edx
	Instruction: jmp    $0x00007f43bd99a820
[ARKADE BB END] handling event_bb is done.




[ARKADE BB START] Basic Block is detected -> event_bb_insert is called.

	Instruction: cmp    %r12 $0x0000000000000007
	Instruction: jz     $0x00007f43bd99d5b8
[ARKADE BB END] handling event_bb is done.




[ARKADE BB START] Basic Block is detected -> event_bb_insert is called.

	Instruction: mov    $0x00000001 -> %r9d
	Instruction: cmp    %r12 $0x0000000000000005
	Instruction: jnz    $0x00007f43bd99cec5
[ARKADE BB END] handling event_bb is done.




[ARKADE BB START] Basic Block is detected -> event_bb_insert is called.

	Instruction: mov    $0x00000001 -> %r9d
	Instruction: cmp    %r12 $0x0000000000000005
	Instruction: jnz    $0x00007f43bd99cec5
[ARKADE BB END] handling event_bb is done.




[ARKADE BB START] Basic Block is detected -> event_bb_insert is called.

	Instruction: pxor   %xmm0 %xmm0 -> %xmm0
	Instruction: movdqa (%rdi)[16byte] -> %xmm2
	Instruction: movdqa (%rsi)[16byte] -> %xmm1
	Instruction: pcmpeqb %xmm1 %xmm0 -> %xmm0
	Instruction: pslldq $0x06 %xmm2 -> %xmm2
	Instruction: pcmpeqb %xmm1 %xmm2 -> %xmm2
	Instruction: psubb  %xmm0 %xmm2 -> %xmm2
	Instruction: pmovmskb %xmm2 -> %r9d
	Instruction: shr    %cl %edx -> %edx
	Instruction: shr    %cl %r9d -> %r9d
	Instruction: sub    %r9d %edx -> %edx
	Instruction: jnz    $0x00007f43bd9afa05
[ARKADE BB END] handling event_bb is done.




[ARKADE BB START] Basic Block is detected -> event_bb_insert is called.

	Instruction: mov    0x48(%rsp)[8byte] -> %rax
	Instruction: movd   %r8 -> %xmm0
	Instruction: movd   %rbx -> %xmm1
	Instruction: punpcklqdq %xmm1 %xmm0 -> %xmm0
	Instruction: movaps %xmm0 -> (%rax)[16byte]
	Instruction: mov    $0x00000001 -> %eax
	Instruction: jmp    $0x00007f43bd99a8a2
[ARKADE BB END] handling event_bb is done.




[ARKADE BB START] Basic Block is detected -> event_bb_insert is called.

	Instruction: add    $0x0000000000000098 %rsp -> %rsp
	Instruction: pop    %rsp (%rsp)[8byte] -> %rbx %rsp
	Instruction: pop    %rsp (%rsp)[8byte] -> %rbp %rsp
	Instruction: pop    %rsp (%rsp)[8byte] -> %r12 %rsp
	Instruction: pop    %rsp (%rsp)[8byte] -> %r13 %rsp
	Instruction: pop    %rsp (%rsp)[8byte] -> %r14 %rsp
	Instruction: pop    %rsp (%rsp)[8byte] -> %r15 %rsp
	Instruction: ret    %rsp (%rsp)[8byte] -> %rsp
[ARKADE BB END] handling event_bb is done.




[ARKADE BB START] Basic Block is detected -> event_bb_insert is called.

	Instruction: add    $0x0000000000000030 %rsp -> %rsp
	Instruction: test   %eax %eax
	Instruction: jz     $0x00007f43bd99b1b0
[ARKADE BB END] handling event_bb is done.




[ARKADE BB START] Basic Block is detected -> event_bb_insert is called.

	Instruction: mov    (%r12)[8byte] -> %rcx
	Instruction: cmp    0x50(%rsp)[8byte] $0x0000000000000000
	Instruction: jz     $0x00007f43bd99b340
[ARKADE BB END] handling event_bb is done.




[ARKADE BB START] Basic Block is detected -> event_bb_insert is called.

	Instruction: test   %rcx %rcx
	Instruction: jz     $0x00007f43bd99b219
[ARKADE BB END] handling event_bb is done.




[ARKADE BB START] Basic Block is detected -> event_bb_insert is called.

	Instruction: movzx  0x05(%rcx)[1byte] -> %eax
	Instruction: and    $0x00000003 %eax -> %eax
	Instruction: cmp    %al $0x03
	Instruction: jz     $0x00007f43bd99b278
[ARKADE BB END] handling event_bb is done.




[ARKADE BB START] Basic Block is detected -> event_bb_insert is called.

	Instruction: mov    0x58(%rsp)[8byte] -> %r14
	Instruction: xor    %ebx %ebx -> %ebx
	Instruction: movzx  0x0000031c(%r14)[1byte] -> %eax
	Instruction: and    $0x00000003 %eax -> %eax
	Instruction: cmp    %al $0x02
	Instruction: jz     $0x00007f43bd99b5fa
[ARKADE BB END] handling event_bb is done.




[ARKADE BB START] Basic Block is detected -> event_bb_insert is called.

	Instruction: mov    0x000003dc(%r14)[4byte] -> %ecx
	Instruction: test   %ecx %ecx
	Instruction: jz     $0x00007f43bd99b5ea
[ARKADE BB END] handling event_bb is done.




[ARKADE BB START] Basic Block is detected -> event_bb_insert is called.

	Instruction: mov    0x000001d0(%r11)[8byte] -> %r10
	Instruction: test   %r10 %r10
	Instruction: jz     $0x00007f43bd99d32c
[ARKADE BB END] handling event_bb is done.




[ARKADE BB START] Basic Block is detected -> event_bb_insert is called.

	Instruction: rdtsc   -> %edx %eax
	Instruction: shl    $0x0000000000000020 %rdx -> %rdx
	Instruction: or     %rdx %rax -> %rax
	Instruction: sub    %rbx %rax -> %rax
	Instruction: cmp    <rel> 0x00007f43bd9bd9c8[8byte] $0x0000000000000000
	Instruction: mov    %rax -> <rel> 0x00007f43bd9be020[8byte]
	Instruction: jz     $0x00007f43bd993676
[ARKADE BB END] handling event_bb is done.




[ARKADE BB START] Basic Block is detected -> event_bb_insert is called.

	Instruction: cmp    0xfffffe40(%rbp)[1byte] $0x00
	Instruction: jnz    $0x00007f43bd993689
[ARKADE BB END] handling event_bb is done.




[ARKADE BB START] Basic Block is detected -> event_bb_insert is called.

	Instruction: cmp    <rel> 0x00007f43bd9bdfa0[8byte] $0x0000000000000000
	Instruction: jnz    $0x00007f43bd993697
[ARKADE BB END] handling event_bb is done.




[ARKADE BB START] Basic Block is detected -> event_bb_insert is called.

	Instruction: add    $0x0000000000000001 <rel> 0x00007f43bd9bdfd8[8byte] -> <rel> 0x00007f43bd9bdfd8[8byte]
	Instruction: mov    0xfffffe48(%rbp)[8byte] -> %rbx
	Instruction: mov    %rbx -> %rdi
	Instruction: call   $0x00007f43bd9a3780 %rsp -> %rsp 0xfffffff8(%rsp)[8byte]
[ARKADE BB END] handling event_bb is done.




[ARKADE BB START] Basic Block is detected -> event_bb_insert is called.

	Instruction: nop    %edx
	Instruction: push   %r15 %rsp -> %rsp 0xfffffff8(%rsp)[8byte]
	Instruction: push   %r14 %rsp -> %rsp 0xfffffff8(%rsp)[8byte]
	Instruction: push   %r13 %rsp -> %rsp 0xfffffff8(%rsp)[8byte]
	Instruction: push   %r12 %rsp -> %rsp 0xfffffff8(%rsp)[8byte]
	Instruction: push   %rbp %rsp -> %rsp 0xfffffff8(%rsp)[8byte]
	Instruction: push   %rbx %rsp -> %rsp 0xfffffff8(%rsp)[8byte]
	Instruction: sub    $0x0000000000000018 %rsp -> %rsp
	Instruction: mov    %rdi -> 0x08(%rsp)[8byte]
	Instruction: test   %rdi %rdi
	Instruction: jz     $0x00007f43bd9a38b4
[ARKADE BB END] handling event_bb is done.




[ARKADE BB START] Basic Block is detected -> event_bb_insert is called.

	Instruction: mov    0x08(%rdi)[8byte] -> %rax
	Instruction: mov    <rel> 0x00007f43bd9bdfa0[8byte] -> %r9
	Instruction: mov    %rax -> (%rsp)[8byte]
	Instruction: cmp    0xfffffff0(%rax)[8byte] %r9
	Instruction: jb     $0x00007f43bd9a3908
[ARKADE BB END] handling event_bb is done.




[ARKADE BB START] Basic Block is detected -> event_bb_insert is called.

	Instruction: mov    <rel> 0x00007f43bd9bdfa8[8byte] -> %r15
	Instruction: xor    %r12d %r12d -> %r12d
	Instruction: xor    %ebp %ebp -> %ebp
	Instruction: nop    (%rax)[4byte]
	Instruction: xor    %ebx %ebx -> %ebx
	Instruction: test   %rbp %rbp
	Instruction: setz    -> %bl
	Instruction: cmp    %rbx (%r15)[8byte]
	Instruction: jb     $0x00007f43bd9a389f
[ARKADE BB END] handling event_bb is done.




[ARKADE BB START] Basic Block is detected -> event_bb_insert is called.

	Instruction: lea    0x00(%rbp,%rbx) -> %rdi
	Instruction: cmp    %rdi %r9
	Instruction: jbe    $0x00007f43bd9a37e0
[ARKADE BB END] handling event_bb is done.




[ARKADE BB START] Basic Block is detected -> event_bb_insert is called.

	Instruction: mov    %rbx -> %rdx
	Instruction: shl    $0x0000000000000004 %rdx -> %rdx
	Instruction: mov    0x18(%r15,%rdx)[8byte] -> %rax
	Instruction: test   %rax %rax
	Instruction: jz     $0x00007f43bd9a3896
[ARKADE BB END] handling event_bb is done.




[ARKADE BB START] Basic Block is detected -> event_bb_insert is called.

	Instruction: mov    0x10(%r15,%rdx)[8byte] -> %rdx
	Instruction: cmp    %rdx <rel> 0x00007f43bd9bdfd8[8byte]
	Instruction: jnbe   $0x00007f43bd9a3929
[ARKADE BB END] handling event_bb is done.




[ARKADE BB START] Basic Block is detected -> event_bb_insert is called.

	Instruction: mov    0x00000458(%rax)[8byte] -> %r8
	Instruction: cmp    %r12 %rdx
	Instruction: mov    0x00000450(%rax)[8byte] -> %rsi
	Instruction: cmovb  %rdx -> %r12
	Instruction: movdqa <rel> 0x00007f43bd9b7d30[16byte] -> %xmm0
	Instruction: mov    %r8 -> %rdx
	Instruction: lea    0x01(%rsi) -> %r10
	Instruction: shl    $0x0000000000000004 %rdx -> %rdx
	Instruction: add    (%rsp)[8byte] %rdx -> %rdx
	Instruction: movups %xmm0 -> (%rdx)[16byte]
	Instruction: cmp    %r10 $0x0000000000000001
	Instruction: jbe    $0x00007f43bd9a3896
[ARKADE BB END] handling event_bb is done.




[ARKADE BB START] Basic Block is detected -> event_bb_insert is called.

	Instruction: cmp    %r8 %rdi
	Instruction: jnz    $0x00007f43bd9a3986
[ARKADE BB END] handling event_bb is done.




[ARKADE BB START] Basic Block is detected -> event_bb_insert is called.

	Instruction: mov    0x00000438(%rax)[8byte] -> %r14
	Instruction: mov    0x00000430(%rax)[8byte] -> %r13
	Instruction: cmp    %r14 %r13
	Instruction: jb     $0x00007f43bd9a3948
[ARKADE BB END] handling event_bb is done.




[ARKADE BB START] Basic Block is detected -> event_bb_insert is called.

	Instruction: cmp    %rsi %r14
	Instruction: jb     $0x00007f43bd9a3967
[ARKADE BB END] handling event_bb is done.




[ARKADE BB START] Basic Block is detected -> event_bb_insert is called.

	Instruction: mov    0x08(%rsp)[8byte] -> %rdi
	Instruction: sub    %rsi %rdi -> %rdi
	Instruction: mov    0x00000428(%rax)[8byte] -> %rsi
	Instruction: mov    %rdi -> (%rdx)[8byte]
	Instruction: mov    %r13 -> %rdx
	Instruction: call   $0x00007f43bd9b2380 %rsp -> %rsp 0xfffffff8(%rsp)[8byte]
[ARKADE BB END] handling event_bb is done.




[ARKADE BB START] Basic Block is detected -> event_bb_insert is called.

	Instruction: mov    %r14 -> %rdx
	Instruction: xor    %esi %esi -> %esi
	Instruction: mov    %rax -> %rdi
	Instruction: sub    %r13 %rdx -> %rdx
	Instruction: call   $0x00007f43bd9b2580 %rsp -> %rsp 0xfffffff8(%rsp)[8byte]
[ARKADE BB END] handling event_bb is done.




[ARKADE BB START] Basic Block is detected -> event_bb_insert is called.

	Instruction: mov    <rel> 0x00007f43bd9bdfa0[8byte] -> %r9
	Instruction: add    $0x0000000000000001 %rbx -> %rbx
	Instruction: cmp    (%r15)[8byte] %rbx
	Instruction: jbe    $0x00007f43bd9a38d0
[ARKADE BB END] handling event_bb is done.




[ARKADE BB START] Basic Block is detected -> event_bb_insert is called.

	Instruction: mov    (%rsp)[8byte] -> %rax
	Instruction: mov    %r12 -> (%rax)[8byte]
	Instruction: mov    0x08(%rsp)[8byte] -> %rax
	Instruction: add    $0x0000000000000018 %rsp -> %rsp
	Instruction: pop    %rsp (%rsp)[8byte] -> %rbx %rsp
	Instruction: pop    %rsp (%rsp)[8byte] -> %rbp %rsp
	Instruction: pop    %rsp (%rsp)[8byte] -> %r12 %rsp
	Instruction: pop    %rsp (%rsp)[8byte] -> %r13 %rsp
	Instruction: pop    %rsp (%rsp)[8byte] -> %r14 %rsp
	Instruction: pop    %rsp (%rsp)[8byte] -> %r15 %rsp
	Instruction: ret    %rsp (%rsp)[8byte] -> %rsp
[ARKADE BB END] handling event_bb is done.




[ARKADE BB START] Basic Block is detected -> event_bb_insert is called.

	Instruction: cmp    <rel> 0x00007f43bd9be018[1byte] $0x00
	Instruction: jnz    $0x00007f43bd993769
[ARKADE BB END] handling event_bb is done.




[ARKADE BB START] Basic Block is detected -> event_bb_insert is called.

	Instruction: mov    <rel> 0x00007f43bd9bd9e0[8byte] -> %rax
	Instruction: cmp    <rel> 0x00007f43bd9bc7a8[8byte] %rax
	Instruction: jnz    $0x00007f43bd99411b
[ARKADE BB END] handling event_bb is done.




[ARKADE BB START] Basic Block is detected -> event_bb_insert is called.

	Instruction: cmp    0xfffffe58(%rbp)[1byte] $0x00
	Instruction: jnz    $0x00007f43bd993bf4
[ARKADE BB END] handling event_bb is done.




[ARKADE BB START] Basic Block is detected -> event_bb_insert is called.

	Instruction: rdtsc   -> %edx %eax
	Instruction: and    $0xfb <rel> 0x00007f43bd9bdd04[1byte] -> <rel> 0x00007f43bd9bdd04[1byte]
	Instruction: xor    %ecx %ecx -> %ecx
	Instruction: lea    <rel> 0x00007f43bd9bd9e8 -> %rdi
	Instruction: mov    0x00000390(%r15)[8byte] -> %rsi
	Instruction: mov    %rax -> %rbx
	Instruction: shl    $0x0000000000000020 %rdx -> %rdx
	Instruction: or     %rdx %rbx -> %rbx
	Instruction: xor    %edx %edx -> %edx
	Instruction: call   $0x00007f43bd99c9f0 %rsp -> %rsp 0xfffffff8(%rsp)[8byte]
[ARKADE BB END] handling event_bb is done.




[ARKADE BB START] Basic Block is detected -> event_bb_insert is called.

	Instruction: pxor   %xmm0 %xmm0 -> %xmm0
	Instruction: movdqa (%rdi)[16byte] -> %xmm2
	Instruction: movdqa (%rsi)[16byte] -> %xmm1
	Instruction: pcmpeqb %xmm1 %xmm0 -> %xmm0
	Instruction: pslldq $0x04 %xmm2 -> %xmm2
	Instruction: pcmpeqb %xmm1 %xmm2 -> %xmm2
	Instruction: psubb  %xmm0 %xmm2 -> %xmm2
	Instruction: pmovmskb %xmm2 -> %r9d
	Instruction: shr    %cl %edx -> %edx
	Instruction: shr    %cl %r9d -> %r9d
	Instruction: sub    %r9d %edx -> %edx
	Instruction: jnz    $0x00007f43bd9afa05
[ARKADE BB END] handling event_bb is done.




[ARKADE BB START] Basic Block is detected -> event_bb_insert is called.

	Instruction: movdqa (%rdi)[16byte] -> %xmm3
	Instruction: pxor   %xmm0 %xmm0 -> %xmm0
	Instruction: mov    $0x0000000000000010 -> %rcx
	Instruction: mov    $0x0000000c -> %r9d
	Instruction: lea    0x0c(%rdi) -> %r10
	Instruction: and    $0x0000000000000fff %r10 -> %r10
	Instruction: sub    $0x0000000000001000 %r10 -> %r10
	Instruction: data16 nop    0x00000000(%rax,%rax)[4byte]
	Instruction: add    $0x0000000000000010 %r10 -> %r10
	Instruction: jnle   $0x00007f43bd9af600
[ARKADE BB END] handling event_bb is done.




[ARKADE BB START] Basic Block is detected -> event_bb_insert is called.

	Instruction: movdqa (%rsi,%rcx)[16byte] -> %xmm1
	Instruction: movdqa (%rdi,%rcx)[16byte] -> %xmm2
	Instruction: movdqa %xmm2 -> %xmm4
	Instruction: psrldq $0x0c %xmm3 -> %xmm3
	Instruction: pslldq $0x04 %xmm2 -> %xmm2
	Instruction: por    %xmm3 %xmm2 -> %xmm2
	Instruction: pcmpeqb %xmm1 %xmm0 -> %xmm0
	Instruction: pcmpeqb %xmm2 %xmm1 -> %xmm1
	Instruction: psubb  %xmm0 %xmm1 -> %xmm1
	Instruction: pmovmskb %xmm1 -> %edx
	Instruction: sub    $0x0000ffff %edx -> %edx
	Instruction: jnz    $0x00007f43bd9afa00
[ARKADE BB END] handling event_bb is done.




[ARKADE BB START] Basic Block is detected -> event_bb_insert is called.

	Instruction: movdqa (%rsi)[16byte] -> %xmm1
	Instruction: pxor   %xmm0 %xmm0 -> %xmm0
	Instruction: pcmpeqb %xmm1 %xmm0 -> %xmm0
	Instruction: pcmpeqb (%rdi)[16byte] %xmm1 -> %xmm1
	Instruction: psubb  %xmm0 %xmm1 -> %xmm1
	Instruction: pmovmskb %xmm1 -> %r9d
	Instruction: shr    %cl %edx -> %edx
	Instruction: shr    %cl %r9d -> %r9d
	Instruction: sub    %r9d %edx -> %edx
	Instruction: jnz    $0x00007f43bd9afa05
[ARKADE BB END] handling event_bb is done.




[ARKADE BB START] Basic Block is detected -> event_bb_insert is called.

	Instruction: mov    $0x0000000000000010 -> %rcx
	Instruction: mov    $0x0000000000000010 -> %r9
	Instruction: pxor   %xmm0 %xmm0 -> %xmm0
	Instruction: nop    0x00000000(%rax)[4byte]
	Instruction: movdqa (%rsi,%rcx)[16byte] -> %xmm1
	Instruction: movdqa (%rdi,%rcx)[16byte] -> %xmm2
	Instruction: pcmpeqb %xmm1 %xmm0 -> %xmm0
	Instruction: pcmpeqb %xmm2 %xmm1 -> %xmm1
	Instruction: psubb  %xmm0 %xmm1 -> %xmm1
	Instruction: pmovmskb %xmm1 -> %edx
	Instruction: sub    $0x0000ffff %edx -> %edx
	Instruction: jnz    $0x00007f43bd9afa00
[ARKADE BB END] handling event_bb is done.




[ARKADE BB START] Basic Block is detected -> event_bb_insert is called.

	Instruction: rdtsc   -> %edx %eax
	Instruction: shl    $0x0000000000000020 %rdx -> %rdx
	Instruction: or     %rdx %rax -> %rax
	Instruction: sub    %rbx %rax -> %rax
	Instruction: add    %rax <rel> 0x00007f43bd9be020[8byte] -> <rel> 0x00007f43bd9be020[8byte]
	Instruction: jmp    $0x00007f43bd99378a
[ARKADE BB END] handling event_bb is done.




[ARKADE BB START] Basic Block is detected -> event_bb_insert is called.

	Instruction: call   $0x00007f43bd9ac020 %rsp -> %rsp 0xfffffff8(%rsp)[8byte]
[ARKADE BB END] handling event_bb is done.




[ARKADE BB START] Basic Block is detected -> event_bb_insert is called.

	Instruction: nop    %edx
	Instruction: ret    %rsp (%rsp)[8byte] -> %rsp
[ARKADE BB END] handling event_bb is done.




[ARKADE BB START] Basic Block is detected -> event_bb_insert is called.

	Instruction: mov    <rel> 0x00007f43bd9bc830[4byte] -> %eax
	Instruction: test   %eax %eax
	Instruction: jnz    $0x00007f43bd9940b8
[ARKADE BB END] handling event_bb is done.




[ARKADE BB START] Basic Block is detected -> event_bb_insert is called.

	Instruction: xor    %esi %esi -> %esi
	Instruction: xor    %edi %edi -> %edi
	Instruction: call   $0x00007f43bd9a11f0 %rsp -> %rsp 0xfffffff8(%rsp)[8byte]
[ARKADE BB END] handling event_bb is done.




[ARKADE BB START] Basic Block is detected -> event_bb_insert is called.

	Instruction: mov    $0x00000000 -> 0x18(%rax)[4byte]
	Instruction: mov    %rax -> %rbx
	Instruction: call   $0x00007f43bd9a11e0 %rsp -> %rsp 0xfffffff8(%rsp)[8byte]
[ARKADE BB END] handling event_bb is done.




[ARKADE BB START] Basic Block is detected -> event_bb_insert is called.

	Instruction: nop
	Instruction: call   $0x00007f43bd9a8f50 %rsp -> %rsp 0xfffffff8(%rsp)[8byte]
[ARKADE BB END] handling event_bb is done.




[ARKADE BB START] Basic Block is detected -> event_bb_insert is called.

	Instruction: nop    %edx
	Instruction: mov    <rel> 0x00007f43bd9be0d8[8byte] -> %rdi
	Instruction: lea    0xffffffff(%rdi) -> %rax
	Instruction: cmp    %rax $0xfffffffffffffffd
	Instruction: jbe    $0x00007f43bd9a8f70
[ARKADE BB END] handling event_bb is done.




[ARKADE BB START] Basic Block is detected -> event_bb_insert is called.

	Instruction: sub    $0x0000000000000008 %rsp -> %rsp
	Instruction: mov    <rel> 0x00007f43bd9be0c8[8byte] -> %rsi
	Instruction: call   $0x00007f43bd9ae200 %rsp -> %rsp 0xfffffff8(%rsp)[8byte]
[ARKADE BB END] handling event_bb is done.




[ARKADE BB START] Basic Block is detected -> event_bb_insert is called.

	Instruction: nop    %edx
	Instruction: mov    $0x0000000b -> %eax
	Instruction: syscall  -> %rcx %r11
[ARKADE BB END] handling event_bb is done.




[ARKADE BB START] Basic Block is detected -> event_bb_insert is called.

	Instruction: cmp    %rax $0xfffffffffffff001
	Instruction: jnb    $0x00007f43bd9ae214
[ARKADE BB END] handling event_bb is done.




[ARKADE BB START] Basic Block is detected -> event_bb_insert is called.

	Instruction: ret    %rsp (%rsp)[8byte] -> %rsp
[ARKADE BB END] handling event_bb is done.




[ARKADE BB START] Basic Block is detected -> event_bb_insert is called.

	Instruction: mov    $0x0000000000000000 -> <rel> 0x00007f43bd9be0d8[8byte]
	Instruction: add    $0x0000000000000008 %rsp -> %rsp
	Instruction: ret    %rsp (%rsp)[8byte] -> %rsp
[ARKADE BB END] handling event_bb is done.




[ARKADE BB START] Basic Block is detected -> event_bb_insert is called.

	Instruction: lea    0xffffffd8(%rbp) -> %rsp
	Instruction: pop    %rsp (%rsp)[8byte] -> %rbx %rsp
	Instruction: pop    %rsp (%rsp)[8byte] -> %r12 %rsp
	Instruction: pop    %rsp (%rsp)[8byte] -> %r13 %rsp
	Instruction: pop    %rsp (%rsp)[8byte] -> %r14 %rsp
	Instruction: pop    %rsp (%rsp)[8byte] -> %r15 %rsp
	Instruction: pop    %rsp (%rsp)[8byte] -> %rbp %rsp
	Instruction: ret    %rsp (%rsp)[8byte] -> %rsp
[ARKADE BB END] handling event_bb is done.




[ARKADE BB START] Basic Block is detected -> event_bb_insert is called.

	Instruction: mov    0x48(%rsp)[8byte] -> %rax
	Instruction: add    $0x0000000000000078 %rsp -> %rsp
	Instruction: pop    %rsp (%rsp)[8byte] -> %rbx %rsp
	Instruction: pop    %rsp (%rsp)[8byte] -> %rbp %rsp
	Instruction: pop    %rsp (%rsp)[8byte] -> %r12 %rsp
	Instruction: pop    %rsp (%rsp)[8byte] -> %r13 %rsp
	Instruction: pop    %rsp (%rsp)[8byte] -> %r14 %rsp
	Instruction: pop    %rsp (%rsp)[8byte] -> %r15 %rsp
	Instruction: ret    %rsp (%rsp)[8byte] -> %rsp
[ARKADE BB END] handling event_bb is done.




[ARKADE BB START] Basic Block is detected -> event_bb_insert is called.

	Instruction: mov    %rax -> %r12
	Instruction: test   <rel> 0x00007f43bd9bc620[1byte] $0x80
	Instruction: jnz    $0x00007f43bd9912ed
[ARKADE BB END] handling event_bb is done.




[ARKADE BB START] Basic Block is detected -> event_bb_insert is called.

	Instruction: add    $0x0000000000000038 %rsp -> %rsp
	Instruction: mov    %r12 -> %rax
	Instruction: pop    %rsp (%rsp)[8byte] -> %rbx %rsp
	Instruction: pop    %rsp (%rsp)[8byte] -> %r12 %rsp
	Instruction: pop    %rsp (%rsp)[8byte] -> %r13 %rsp
	Instruction: pop    %rsp (%rsp)[8byte] -> %r14 %rsp
	Instruction: pop    %rsp (%rsp)[8byte] -> %r15 %rsp
	Instruction: pop    %rsp (%rsp)[8byte] -> %rbp %rsp
	Instruction: ret    %rsp (%rsp)[8byte] -> %rsp
[ARKADE BB END] handling event_bb is done.




[ARKADE BB START] Basic Block is detected -> event_bb_insert is called.

	Instruction: mov    %rax -> %r12
	Instruction: mov    <rel> 0x00007f43bd9bc5f8[4byte] -> %eax
	Instruction: pop    %rsp (%rsp)[8byte] -> %rdx %rsp
	Instruction: lea    (%rsp,%rax,8) -> %rsp
	Instruction: sub    %eax %edx -> %edx
	Instruction: push   %rdx %rsp -> %rsp 0xfffffff8(%rsp)[8byte]
	Instruction: mov    %rdx -> %rsi
	Instruction: mov    %rsp -> %r13
	Instruction: and    $0xfffffffffffffff0 %rsp -> %rsp
	Instruction: mov    <rel> 0x00007f43bd9bd060[8byte] -> %rdi
	Instruction: lea    0x10(%r13,%rdx,8) -> %rcx
	Instruction: lea    0x08(%r13) -> %rdx
	Instruction: xor    %ebp %ebp -> %ebp
	Instruction: call   $0x00007f43bd9a0c20 %rsp -> %rsp 0xfffffff8(%rsp)[8byte]
[ARKADE BB END] handling event_bb is done.




[ARKADE BB START] Basic Block is detected -> event_bb_insert is called.

	Instruction: nop    %edx
	Instruction: push   %r15 %rsp -> %rsp 0xfffffff8(%rsp)[8byte]
	Instruction: push   %r14 %rsp -> %rsp 0xfffffff8(%rsp)[8byte]
	Instruction: mov    %rdi -> %r14
	Instruction: push   %r13 %rsp -> %rsp 0xfffffff8(%rsp)[8byte]
	Instruction: mov    %rcx -> %r13
	Instruction: push   %r12 %rsp -> %rsp 0xfffffff8(%rsp)[8byte]
	Instruction: mov    %rdx -> %r12
	Instruction: push   %rbp %rsp -> %rsp 0xfffffff8(%rsp)[8byte]
	Instruction: mov    %esi -> %ebp
	Instruction: push   %rbx %rsp -> %rsp 0xfffffff8(%rsp)[8byte]
	Instruction: sub    $0x0000000000000008 %rsp -> %rsp
	Instruction: mov    0x00000140(%rdi)[8byte] -> %rbx
	Instruction: mov    0x00000148(%rdi)[8byte] -> %r15
	Instruction: mov    <rel> 0x00007f43bd9bd9c0[8byte] -> %rdi
	Instruction: test   %rdi %rdi
	Instruction: jnz    $0x00007f43bd9a0d08
[ARKADE BB END] handling event_bb is done.




[ARKADE BB START] Basic Block is detected -> event_bb_insert is called.

	Instruction: test   %rbx %rbx
	Instruction: jz     $0x00007f43bd9a0c65
[ARKADE BB END] handling event_bb is done.




[ARKADE BB START] Basic Block is detected -> event_bb_insert is called.

	Instruction: mov    0x000002c8(%r14)[4byte] -> %eax
	Instruction: lea    0xffffffff(%rax) -> %ebx
	Instruction: test   %eax %eax
	Instruction: jz     $0x00007f43bd9a0cab
[ARKADE BB END] handling event_bb is done.




[ARKADE BB START] Basic Block is detected -> event_bb_insert is called.

	Instruction: shl    $0x0000000000000003 %rbx -> %rbx
	Instruction: data16 nop    0x00000000(%rax,%rax)[4byte]
	Instruction: mov    0x000003c8(%r14)[8byte] -> %rax
	Instruction: mov    (%rax,%rbx)[8byte] -> %rdi
	Instruction: test   0x0000031c(%rdi)[1byte] $0x08
	Instruction: jnz    $0x00007f43bd9a0ca1
[ARKADE BB END] handling event_bb is done.




[ARKADE BB START] Basic Block is detected -> event_bb_insert is called.

	Instruction: mov    %r13 -> %rcx
	Instruction: mov    %r12 -> %rdx
	Instruction: mov    %ebp -> %esi
	Instruction: call   $0x00007f43bd9a0b00 %rsp -> %rsp 0xfffffff8(%rsp)[8byte]
[ARKADE BB END] handling event_bb is done.




[ARKADE BB START] Basic Block is detected -> event_bb_insert is called.

	Instruction: push   %r14 %rsp -> %rsp 0xfffffff8(%rsp)[8byte]
	Instruction: push   %r13 %rsp -> %rsp 0xfffffff8(%rsp)[8byte]
	Instruction: mov    %rcx -> %r13
	Instruction: push   %r12 %rsp -> %rsp 0xfffffff8(%rsp)[8byte]
	Instruction: mov    %rdx -> %r12
	Instruction: push   %rbp %rsp -> %rsp 0xfffffff8(%rsp)[8byte]
	Instruction: mov    %esi -> %ebp
	Instruction: push   %rbx %rsp -> %rsp 0xfffffff8(%rsp)[8byte]
	Instruction: movzx  0x0000031c(%rdi)[1byte] -> %eax
	Instruction: mov    %rdi -> %rbx
	Instruction: mov    0x08(%rdi)[8byte] -> %rsi
	Instruction: or     $0x00000008 %eax -> %eax
	Instruction: mov    %al -> 0x0000031c(%rdi)[1byte]
	Instruction: movzx  (%rsi)[1byte] -> %edx
	Instruction: test   %dl %dl
	Instruction: jz     $0x00007f43bd9a0bf0
[ARKADE BB END] handling event_bb is done.




[ARKADE BB START] Basic Block is detected -> event_bb_insert is called.

	Instruction: mov    0xa0(%rbx)[8byte] -> %rax
	Instruction: test   %rax %rax
	Instruction: jz     $0x00007f43bd9a0bb0
[ARKADE BB END] handling event_bb is done.




[ARKADE BB START] Basic Block is detected -> event_bb_insert is called.

	Instruction: mov    0x00000108(%rbx)[8byte] -> %rax
	Instruction: test   %rax %rax
	Instruction: jz     $0x00007f43bd9a0ba3
[ARKADE BB END] handling event_bb is done.




[ARKADE BB START] Basic Block is detected -> event_bb_insert is called.

	Instruction: pop    %rsp (%rsp)[8byte] -> %rbx %rsp
	Instruction: pop    %rsp (%rsp)[8byte] -> %rbp %rsp
	Instruction: pop    %rsp (%rsp)[8byte] -> %r12 %rsp
	Instruction: pop    %rsp (%rsp)[8byte] -> %r13 %rsp
	Instruction: pop    %rsp (%rsp)[8byte] -> %r14 %rsp
	Instruction: ret    %rsp (%rsp)[8byte] -> %rsp
[ARKADE BB END] handling event_bb is done.




[ARKADE BB START] Basic Block is detected -> event_bb_insert is called.

	Instruction: sub    $0x0000000000000008 %rbx -> %rbx
	Instruction: cmp    %rbx $0xfffffffffffffff8
	Instruction: jnz    $0x00007f43bd9a0c80
[ARKADE BB END] handling event_bb is done.




[ARKADE BB START] Basic Block is detected -> event_bb_insert is called.

	Instruction: mov    0x000003c8(%r14)[8byte] -> %rax
	Instruction: mov    (%rax,%rbx)[8byte] -> %rdi
	Instruction: test   0x0000031c(%rdi)[1byte] $0x08
	Instruction: jnz    $0x00007f43bd9a0ca1
[ARKADE BB END] handling event_bb is done.




[ARKADE BB START] Basic Block is detected -> event_bb_insert is called.

	Instruction: test   <rel> 0x00007f43bd9bc620[1byte] $0x02
	Instruction: jnz    $0x00007f43bd9a0bc8
[ARKADE BB END] handling event_bb is done.




[ARKADE BB START] Basic Block is detected -> event_bb_insert is called.

	Instruction: mov    0x08(%rax)[8byte] -> %rax
	Instruction: mov    %r13 -> %rdx
	Instruction: add    (%rbx)[8byte] %rax -> %rax
	Instruction: mov    %r12 -> %rsi
	Instruction: mov    %ebp -> %edi
	Instruction: call   %rax %rsp -> %rsp 0xfffffff8(%rsp)[8byte]
[ARKADE BB END] handling event_bb is done.




[ARKADE BB START] Basic Block is detected -> event_bb_insert is called.

	Instruction: nop    %edx
	Instruction: push   %rbp %rsp -> %rsp 0xfffffff8(%rsp)[8byte]
	Instruction: mov    %edi -> %ebp
	Instruction: sub    $0x0000000000000010 %rsp -> %rsp
	Instruction: mov    <rel> 0x00007f43bd588f40[8byte] -> %rax
	Instruction: test   %rax %rax
	Instruction: jz     $0x00007f43bd3c0f50
[ARKADE BB END] handling event_bb is done.




[ARKADE BB START] Basic Block is detected -> event_bb_insert is called.

	Instruction: mov    <rel> 0x00007f43bd588fb0[8byte] -> %rax
	Instruction: mov    $0x00000000 -> <rel> 0x00007f43bd5891a0[4byte]
	Instruction: movzx  (%rax)[2byte] -> %edi
	Instruction: mov    <rel> 0x00007f43bd588e60[8byte] -> %rax
	Instruction: data16 cmp    0x50(%rax)[2byte] %di
	Instruction: jz     $0x00007f43bd3c0f27
[ARKADE BB END] handling event_bb is done.




[ARKADE BB START] Basic Block is detected -> event_bb_insert is called.

	Instruction: mov    <rel> 0x00007f43bd588eb0[8byte] -> %rax
	Instruction: mov    %ebp -> %edi
	Instruction: mov    %ebp -> <rel> 0x00007f43bd58e198[4byte]
	Instruction: mov    %rsi -> <rel> 0x00007f43bd58e190[8byte]
	Instruction: mov    %rdx -> (%rax)[8byte]
	Instruction: call   $0x00007f43bd4bc1a0 %rsp -> %rsp 0xfffffff8(%rsp)[8byte]
[ARKADE BB END] handling event_bb is done.




[ARKADE BB START] Basic Block is detected -> event_bb_insert is called.

	Instruction: nop    %edx
	Instruction: test   %rsi %rsi
	Instruction: jz     $0x00007f43bd4bc1f0
[ARKADE BB END] handling event_bb is done.




[ARKADE BB START] Basic Block is detected -> event_bb_insert is called.

	Instruction: push   %rbp %rsp -> %rsp 0xfffffff8(%rsp)[8byte]
	Instruction: push   %rbx %rsp -> %rsp 0xfffffff8(%rsp)[8byte]
	Instruction: mov    %rsi -> %rbx
	Instruction: sub    $0x0000000000000008 %rsp -> %rsp
	Instruction: mov    (%rsi)[8byte] -> %rbp
	Instruction: test   %rbp %rbp
	Instruction: jz     $0x00007f43bd4bc1e9
[ARKADE BB END] handling event_bb is done.




[ARKADE BB START] Basic Block is detected -> event_bb_insert is called.

	Instruction: mov    %rbp -> %rdi
	Instruction: mov    $0x0000002f -> %esi
	Instruction: call   $0x00007f43bd3bf5e0 %rsp -> %rsp 0xfffffff8(%rsp)[8byte]
[ARKADE BB END] handling event_bb is done.




[ARKADE BB START] Basic Block is detected -> event_bb_insert is called.

	Instruction: nop    %edx
	Instruction: jmp    <rel> 0x00007f43bd589168[8byte]
[ARKADE BB END] handling event_bb is done.




[ARKADE BB START] Basic Block is detected -> event_bb_insert is called.

	Instruction: nop    %edx
	Instruction: movd   %esi -> %xmm4
	Instruction: mov    %edi -> %ecx
	Instruction: vpbroadcastb %xmm4[1byte] -> %ymm4
	Instruction: vpxor  %ymm0 %ymm0 -> %ymm0
	Instruction: and    $0x0000003f %ecx -> %ecx
	Instruction: cmp    %ecx $0x00000020
	Instruction: jnbe   $0x00007f43bd5257a0
[ARKADE BB END] handling event_bb is done.




[ARKADE BB START] Basic Block is detected -> event_bb_insert is called.

	Instruction: vmovdqu (%rdi)[32byte] -> %ymm1
	Instruction: vpcmpeqb %ymm0 %ymm1 -> %ymm2
	Instruction: vpcmpeqb %ymm4 %ymm1 -> %ymm3
	Instruction: vpmovmskb %ymm2 -> %ecx
	Instruction: vpmovmskb %ymm3 -> %eax
	Instruction: add    $0x0000000000000020 %rdi -> %rdi
	Instruction: test   %eax %eax
	Instruction: jnz    $0x00007f43bd525780
[ARKADE BB END] handling event_bb is done.




[ARKADE BB START] Basic Block is detected -> event_bb_insert is called.

	Instruction: test   %ecx %ecx
	Instruction: jnz    $0x00007f43bd5258c5
[ARKADE BB END] handling event_bb is done.




[ARKADE BB START] Basic Block is detected -> event_bb_insert is called.

	Instruction: mov    %ecx -> %r8d
	Instruction: sub    $0x00000001 %r8d -> %r8d
	Instruction: xor    %ecx %r8d -> %r8d
	Instruction: and    %r8d %eax -> %eax
	Instruction: test   %eax %eax
	Instruction: jz     $0x00007f43bd5258f0
[ARKADE BB END] handling event_bb is done.




[ARKADE BB START] Basic Block is detected -> event_bb_insert is called.

	Instruction: xor    %eax %eax -> %eax
	Instruction: vzeroupper
	Instruction: ret    %rsp (%rsp)[8byte] -> %rsp
[ARKADE BB END] handling event_bb is done.




[ARKADE BB START] Basic Block is detected -> event_bb_insert is called.

	Instruction: lea    0x01(%rax) -> %rdx
	Instruction: test   %rax %rax
	Instruction: mov    <rel> 0x00007f43bd588df8[8byte] -> %rax
	Instruction: cmovnz %rdx -> %rbp
	Instruction: mov    %rbp -> (%rax)[8byte]
	Instruction: mov    <rel> 0x00007f43bd588de0[8byte] -> %rax
	Instruction: mov    (%rbx)[8byte] -> %rdx
	Instruction: mov    %rdx -> (%rax)[8byte]
	Instruction: add    $0x0000000000000008 %rsp -> %rsp
	Instruction: pop    %rsp (%rsp)[8byte] -> %rbx %rsp
	Instruction: pop    %rsp (%rsp)[8byte] -> %rbp %rsp
	Instruction: ret    %rsp (%rsp)[8byte] -> %rsp
[ARKADE BB END] handling event_bb is done.




[ARKADE BB START] Basic Block is detected -> event_bb_insert is called.

	Instruction: add    $0x0000000000000010 %rsp -> %rsp
	Instruction: pop    %rsp (%rsp)[8byte] -> %rbp %rsp
	Instruction: jmp    $0x00007f43bd3d1500
[ARKADE BB END] handling event_bb is done.




[ARKADE BB START] Basic Block is detected -> event_bb_insert is called.

	Instruction: nop    %edx
	Instruction: mov    <rel> 0x00007f43bd588dc8[8byte] -> %rax
	Instruction: mov    <rel> 0x00007f43bd588e08[8byte] -> %rcx
	Instruction: mov    %fs:(%rax)[8byte] -> %rax
	Instruction: mov    (%rax)[8byte] -> %rax
	Instruction: mov    0x40(%rax)[8byte] -> %rsi
	Instruction: lea    0x00000100(%rsi) -> %rdx
	Instruction: mov    %rdx -> %fs:(%rcx)[8byte]
	Instruction: mov    0x48(%rax)[8byte] -> %rdi
	Instruction: mov    <rel> 0x00007f43bd588ee8[8byte] -> %rcx
	Instruction: lea    0x00000200(%rdi) -> %rdx
	Instruction: mov    %rdx -> %fs:(%rcx)[8byte]
	Instruction: mov    0x58(%rax)[8byte] -> %rax
	Instruction: mov    <rel> 0x00007f43bd588f28[8byte] -> %rdx
	Instruction: add    $0x0000000000000200 %rax -> %rax
	Instruction: mov    %rax -> %fs:(%rdx)[8byte]
	Instruction: ret    %rsp (%rsp)[8byte] -> %rsp
[ARKADE BB END] handling event_bb is done.




[ARKADE BB START] Basic Block is detected -> event_bb_insert is called.

	Instruction: mov    0x00000108(%rbx)[8byte] -> %rax
	Instruction: test   %rax %rax
	Instruction: jz     $0x00007f43bd9a0ba3
[ARKADE BB END] handling event_bb is done.




[ARKADE BB START] Basic Block is detected -> event_bb_insert is called.

	Instruction: mov    0x00000118(%rbx)[8byte] -> %rdx
	Instruction: mov    (%rbx)[8byte] -> %rbx
	Instruction: add    0x08(%rax)[8byte] %rbx -> %rbx
	Instruction: mov    0x08(%rdx)[8byte] -> %rdx
	Instruction: shr    $0x0000000000000003 %rdx -> %rdx
	Instruction: test   %edx %edx
	Instruction: jz     $0x00007f43bd9a0ba3
[ARKADE BB END] handling event_bb is done.




[ARKADE BB START] Basic Block is detected -> event_bb_insert is called.

	Instruction: lea    0xffffffff(%rdx) -> %eax
	Instruction: lea    0x08(%rbx,%rax,8) -> %r14
	Instruction: data16 nop    0x00(%rax,%rax)[4byte]
	Instruction: mov    %r13 -> %rdx
	Instruction: mov    %r12 -> %rsi
	Instruction: mov    %ebp -> %edi
	Instruction: call   (%rbx)[8byte] %rsp -> %rsp 0xfffffff8(%rsp)[8byte]
[ARKADE BB END] handling event_bb is done.




[ARKADE BB START] Basic Block is detected -> event_bb_insert is called.

	Instruction: nop    %edx
	Instruction: mov    <rel> 0x00007f43bd588f90[8byte] -> %rdx
	Instruction: lea    <rel> 0x00007f43bd5864a0 -> %rax
	Instruction: cmp    0xd8(%rdx)[8byte] %rax
	Instruction: jz     $0x00007f43bd3c0a57
[ARKADE BB END] handling event_bb is done.




[ARKADE BB START] Basic Block is detected -> event_bb_insert is called.

	Instruction: mov    <rel> 0x00007f43bd588eb8[8byte] -> %rdx
	Instruction: cmp    0xd8(%rdx)[8byte] %rax
	Instruction: jnz    $0x00007f43bd3c0a3b
[ARKADE BB END] handling event_bb is done.




[ARKADE BB START] Basic Block is detected -> event_bb_insert is called.

	Instruction: mov    <rel> 0x00007f43bd588e90[8byte] -> %rdx
	Instruction: cmp    0xd8(%rdx)[8byte] %rax
	Instruction: jnz    $0x00007f43bd3c0a3b
[ARKADE BB END] handling event_bb is done.




[ARKADE BB START] Basic Block is detected -> event_bb_insert is called.

	Instruction: ret    %rsp (%rsp)[8byte] -> %rsp
[ARKADE BB END] handling event_bb is done.




[ARKADE BB START] Basic Block is detected -> event_bb_insert is called.

	Instruction: add    $0x0000000000000008 %rbx -> %rbx
	Instruction: cmp    %r14 %rbx
	Instruction: jnz    $0x00007f43bd9a0b90
[ARKADE BB END] handling event_bb is done.




[ARKADE BB START] Basic Block is detected -> event_bb_insert is called.

	Instruction: mov    %r13 -> %rdx
	Instruction: mov    %r12 -> %rsi
	Instruction: mov    %ebp -> %edi
	Instruction: call   (%rbx)[8byte] %rsp -> %rsp 0xfffffff8(%rsp)[8byte]
[ARKADE BB END] handling event_bb is done.




[ARKADE BB START] Basic Block is detected -> event_bb_insert is called.

	Instruction: nop    %edx
	Instruction: push   %r15 %rsp -> %rsp 0xfffffff8(%rsp)[8byte]
	Instruction: push   %r14 %rsp -> %rsp 0xfffffff8(%rsp)[8byte]
	Instruction: push   %r13 %rsp -> %rsp 0xfffffff8(%rsp)[8byte]
	Instruction: push   %r12 %rsp -> %rsp 0xfffffff8(%rsp)[8byte]
	Instruction: push   %rbp %rsp -> %rsp 0xfffffff8(%rsp)[8byte]
	Instruction: push   %rbx %rsp -> %rsp 0xfffffff8(%rsp)[8byte]
	Instruction: sub    $0x0000000000000018 %rsp -> %rsp
	Instruction: mov    <rel> 0x00007f43bd588e60[8byte] -> %r13
	Instruction: mov    0xd0(%r13)[4byte] -> %eax
	Instruction: mov    0xf8(%r13)[8byte] -> %r15
	Instruction: mov    0x00000100(%r13)[8byte] -> %r14
	Instruction: cmp    %eax $0x00000001
	Instruction: jz     $0x00007f43bd3c0b73
[ARKADE BB END] handling event_bb is done.




[ARKADE BB START] Basic Block is detected -> event_bb_insert is called.

	Instruction: cmp    %eax $0x00000002
	Instruction: jz     $0x00007f43bd3c0c97
[ARKADE BB END] handling event_bb is done.




[ARKADE BB START] Basic Block is detected -> event_bb_insert is called.

	Instruction: mov    $0x000000bc -> %edi
	Instruction: call   $0x00007f43bd459070 %rsp -> %rsp 0xfffffff8(%rsp)[8byte]
[ARKADE BB END] handling event_bb is done.




[ARKADE BB START] Basic Block is detected -> event_bb_insert is called.

	Instruction: push   %rbx %rsp -> %rsp 0xfffffff8(%rsp)[8byte]
	Instruction: mov    $0x80000000 -> %eax
	Instruction: cpuid  %eax %ecx -> %eax %ebx %ecx %edx
	Instruction: cmp    %edi $0x000000c4
	Instruction: jnle   $0x00007f43bd4590d0
[ARKADE BB END] handling event_bb is done.




[ARKADE BB START] Basic Block is detected -> event_bb_insert is called.

	Instruction: xor    %edx %edx -> %edx
	Instruction: cmp    %edi $0x000000be
	Instruction: setnle  -> %dl
	Instruction: sub    $0x7ffffffb %edx -> %edx
	Instruction: cmp    %edx %eax
	Instruction: jnbe   $0x00007f43bd4590d0
[ARKADE BB END] handling event_bb is done.




[ARKADE BB START] Basic Block is detected -> event_bb_insert is called.

	Instruction: mov    %edx -> %eax
	Instruction: cpuid  %eax %ecx -> %eax %ebx %ecx %edx
	Instruction: cmp    %edi $0x000000bb
	Instruction: jnle   $0x00007f43bd4590a6
[ARKADE BB END] handling event_bb is done.




[ARKADE BB START] Basic Block is detected -> event_bb_insert is called.

	Instruction: sub    $0x000000bc %edi -> %edi
	Instruction: cmp    %edi $0x00000008
	Instruction: jnbe   $0x00007f43bd459220
[ARKADE BB END] handling event_bb is done.




[ARKADE BB START] Basic Block is detected -> event_bb_insert is called.

	Instruction: lea    <rel> 0x00007f43bd54c680 -> %rsi
	Instruction: movsxd (%rsi,%rdi,4)[4byte] -> %rax
	Instruction: add    %rsi %rax -> %rax
	Instruction: jmp    %rax
[ARKADE BB END] handling event_bb is done.




[ARKADE BB START] Basic Block is detected -> event_bb_insert is called.

	Instruction: mov    %ecx -> %eax
	Instruction: pop    %rsp (%rsp)[8byte] -> %rbx %rsp
	Instruction: shr    $0x0000000e %eax -> %eax
	Instruction: and    $0x0003fc00 %eax -> %eax
	Instruction: ret    %rsp (%rsp)[8byte] -> %rsp
[ARKADE BB END] handling event_bb is done.




[ARKADE BB START] Basic Block is detected -> event_bb_insert is called.

	Instruction: mov    $0x000000bf -> %edi
	Instruction: mov    %rax -> %r12
	Instruction: call   $0x00007f43bd459070 %rsp -> %rsp 0xfffffff8(%rsp)[8byte]
[ARKADE BB END] handling event_bb is done.




[ARKADE BB START] Basic Block is detected -> event_bb_insert is called.

	Instruction: xor    %eax %eax -> %eax
	Instruction: test   %ch $0xf0
	Instruction: jz     $0x00007f43bd4590d2
[ARKADE BB END] handling event_bb is done.




[ARKADE BB START] Basic Block is detected -> event_bb_insert is called.

	Instruction: mov    %ecx -> %eax
	Instruction: pop    %rsp (%rsp)[8byte] -> %rbx %rsp
	Instruction: shr    $0x00000006 %eax -> %eax
	Instruction: and    $0x03fffc00 %eax -> %eax
	Instruction: ret    %rsp (%rsp)[8byte] -> %rsp
[ARKADE BB END] handling event_bb is done.




[ARKADE BB START] Basic Block is detected -> event_bb_insert is called.

	Instruction: mov    $0x000000c2 -> %edi
	Instruction: mov    %rax -> %rbp
	Instruction: call   $0x00007f43bd459070 %rsp -> %rsp 0xfffffff8(%rsp)[8byte]
[ARKADE BB END] handling event_bb is done.




[ARKADE BB START] Basic Block is detected -> event_bb_insert is called.

	Instruction: xor    %eax %eax -> %eax
	Instruction: test   %dh $0xf0
	Instruction: jz     $0x00007f43bd4590d2
[ARKADE BB END] handling event_bb is done.




[ARKADE BB START] Basic Block is detected -> event_bb_insert is called.

	Instruction: lea    (%rdx,%rdx) -> %eax
	Instruction: pop    %rsp (%rsp)[8byte] -> %rbx %rsp
	Instruction: and    $0x7ff80000 %eax -> %eax
	Instruction: ret    %rsp (%rsp)[8byte] -> %rsp
[ARKADE BB END] handling event_bb is done.




[ARKADE BB START] Basic Block is detected -> event_bb_insert is called.

	Instruction: mov    %rax -> %r8
	Instruction: mov    $0x80000000 -> %eax
	Instruction: cpuid  %eax %ecx -> %eax %ebx %ecx %edx
	Instruction: mov    %eax -> %edi
	Instruction: test   %r8 %r8
	Instruction: jle    $0x00007f43bd3c0cf4
[ARKADE BB END] handling event_bb is done.




[ARKADE BB START] Basic Block is detected -> event_bb_insert is called.

	Instruction: cmp    %eax $0x80000007
	Instruction: jnbe   $0x00007f43bd3c0d34
[ARKADE BB END] handling event_bb is done.




[ARKADE BB START] Basic Block is detected -> event_bb_insert is called.

	Instruction: mov    $0x80000008 -> %eax
	Instruction: cpuid  %eax %ecx -> %eax %ebx %ecx %edx
	Instruction: shr    $0x0000000c %ecx -> %ecx
	Instruction: mov    $0x00000001 -> %ebx
	Instruction: mov    %eax -> %edi
	Instruction: and    $0x0000000f %ecx -> %ecx
	Instruction: shl    %cl %ebx -> %ebx
	Instruction: mov    %ebx -> %ecx
	Instruction: mov    %r8 -> %rax
	Instruction: mov    %ecx -> %ecx
	Instruction: cdq    %rax -> %rdx
	Instruction: idiv   %rcx %rdx %rax -> %rdx %rax
	Instruction: mov    %rax -> %r8
	Instruction: jmp    $0x00007f43bd3c0cf1
[ARKADE BB END] handling event_bb is done.




[ARKADE BB START] Basic Block is detected -> event_bb_insert is called.

	Instruction: add    %r8 %rbp -> %rbp
	Instruction: cmp    %edi $0x80000000
	Instruction: jbe    $0x00007f43bd3c0c89
[ARKADE BB END] handling event_bb is done.




[ARKADE BB START] Basic Block is detected -> event_bb_insert is called.

	Instruction: test   %r15 %r15
	Instruction: jz     $0x00007f43bd3c0ad0
[ARKADE BB END] handling event_bb is done.




[ARKADE BB START] Basic Block is detected -> event_bb_insert is called.

	Instruction: test   %r12 %r12
	Instruction: jle    $0x00007f43bd3c0b00
[ARKADE BB END] handling event_bb is done.




[ARKADE BB START] Basic Block is detected -> event_bb_insert is called.

	Instruction: mov    %r12 -> %rax
	Instruction: mov    %r12 -> <rel> 0x00007f43bd589318[8byte]
	Instruction: xor    %r12l %r12l -> %r12l
	Instruction: sar    $0x0000000000000001 %rax -> %rax
	Instruction: mov    %r12 -> <rel> 0x00007f43bd589328[8byte]
	Instruction: mov    %rax -> <rel> 0x00007f43bd589320[8byte]
	Instruction: mov    %r12 -> %rax
	Instruction: sar    $0x0000000000000001 %rax -> %rax
	Instruction: mov    %rax -> <rel> 0x00007f43bd589330[8byte]
	Instruction: test   %r14 %r14
	Instruction: jz     $0x00007f43bd3c0b08
[ARKADE BB END] handling event_bb is done.




[ARKADE BB START] Basic Block is detected -> event_bb_insert is called.

	Instruction: test   %rbp %rbp
	Instruction: jle    $0x00007f43bd3c0b38
[ARKADE BB END] handling event_bb is done.




[ARKADE BB START] Basic Block is detected -> event_bb_insert is called.

	Instruction: mov    %rbp -> %rax
	Instruction: mov    %rbp -> <rel> 0x00007f43bd5892f8[8byte]
	Instruction: xor    %bpl %bpl -> %bpl
	Instruction: sar    $0x0000000000000001 %rax -> %rax
	Instruction: mov    %rbp -> <rel> 0x00007f43bd589308[8byte]
	Instruction: mov    %rax -> <rel> 0x00007f43bd589300[8byte]
	Instruction: mov    %rbp -> %rax
	Instruction: sar    $0x0000000000000001 %rax -> %rax
	Instruction: mov    %rax -> <rel> 0x00007f43bd589310[8byte]
	Instruction: mov    0x00000108(%r13)[8byte] -> %rax
	Instruction: test   %rax %rax
	Instruction: jnz    $0x00007f43bd3c0b56
[ARKADE BB END] handling event_bb is done.




[ARKADE BB START] Basic Block is detected -> event_bb_insert is called.

	Instruction: imul   <rel> 0x00007f43bd589308[8byte] $0x0000000000000003 -> %rax
	Instruction: mov    $0x00000004 -> %ecx
	Instruction: cdq    %rax -> %rdx
	Instruction: idiv   %rcx %rdx %rax -> %rdx %rax
	Instruction: mov    %rax -> <rel> 0x00007f43bd58e4b8[8byte]
	Instruction: add    $0x0000000000000018 %rsp -> %rsp
	Instruction: pop    %rsp (%rsp)[8byte] -> %rbx %rsp
	Instruction: pop    %rsp (%rsp)[8byte] -> %rbp %rsp
	Instruction: pop    %rsp (%rsp)[8byte] -> %r12 %rsp
	Instruction: pop    %rsp (%rsp)[8byte] -> %r13 %rsp
	Instruction: pop    %rsp (%rsp)[8byte] -> %r14 %rsp
	Instruction: pop    %rsp (%rsp)[8byte] -> %r15 %rsp
	Instruction: ret    %rsp (%rsp)[8byte] -> %rsp
[ARKADE BB END] handling event_bb is done.




[ARKADE BB START] Basic Block is detected -> event_bb_insert is called.

	Instruction: test   %al $0x03
	Instruction: jnz    $0x00007f43bd9a0b32
[ARKADE BB END] handling event_bb is done.




[ARKADE BB START] Basic Block is detected -> event_bb_insert is called.

	Instruction: jmp    $0x00007f43bd9a0ba3
[ARKADE BB END] handling event_bb is done.




[ARKADE BB START] Basic Block is detected -> event_bb_insert is called.

	Instruction: add    $0x0000000000000008 %rsp -> %rsp
	Instruction: pop    %rsp (%rsp)[8byte] -> %rbx %rsp
	Instruction: pop    %rsp (%rsp)[8byte] -> %rbp %rsp
	Instruction: pop    %rsp (%rsp)[8byte] -> %r12 %rsp
	Instruction: pop    %rsp (%rsp)[8byte] -> %r13 %rsp
	Instruction: pop    %rsp (%rsp)[8byte] -> %r14 %rsp
	Instruction: pop    %rsp (%rsp)[8byte] -> %r15 %rsp
	Instruction: ret    %rsp (%rsp)[8byte] -> %rsp
[ARKADE BB END] handling event_bb is done.




[ARKADE BB START] Basic Block is detected -> event_bb_insert is called.

	Instruction: lea    <rel> 0x00007f43bd9a0d60 -> %rdx
	Instruction: mov    %r13 -> %rsp
	Instruction: jmp    %r12
[ARKADE BB END] handling event_bb is done.




[ARKADE BB START] Basic Block is detected -> event_bb_insert is called.

	Instruction: nop    %edx
	Instruction: xor    %ebp %ebp -> %ebp
	Instruction: mov    %rdx -> %r9
	Instruction: pop    %rsp (%rsp)[8byte] -> %rsi %rsp
	Instruction: mov    %rsp -> %rdx
	Instruction: and    $0xfffffffffffffff0 %rsp -> %rsp
	Instruction: push   %rax %rsp -> %rsp 0xfffffff8(%rsp)[8byte]
	Instruction: push   %rsp %rsp -> %rsp 0xfffffff8(%rsp)[8byte]
	Instruction: lea    <rel> 0x00007f43b99bb280 -> %r8
	Instruction: lea    <rel> 0x00007f43b99bb210 -> %rcx
	Instruction: lea    <rel> 0x00007f43b99bb18f -> %rdi
	Instruction: call   <rel> 0x00007f43b99bdfe0[8byte] %rsp -> %rsp 0xfffffff8(%rsp)[8byte]
[ARKADE BB END] handling event_bb is done.




[ARKADE BB START] Basic Block is detected -> event_bb_insert is called.

	Instruction: nop    %edx
	Instruction: push   %r15 %rsp -> %rsp 0xfffffff8(%rsp)[8byte]
	Instruction: xor    %eax %eax -> %eax
	Instruction: push   %r14 %rsp -> %rsp 0xfffffff8(%rsp)[8byte]
	Instruction: push   %r13 %rsp -> %rsp 0xfffffff8(%rsp)[8byte]
	Instruction: push   %r12 %rsp -> %rsp 0xfffffff8(%rsp)[8byte]
	Instruction: push   %rbp %rsp -> %rsp 0xfffffff8(%rsp)[8byte]
	Instruction: push   %rbx %rsp -> %rsp 0xfffffff8(%rsp)[8byte]
	Instruction: mov    %rcx -> %rbx
	Instruction: sub    $0x0000000000000098 %rsp -> %rsp
	Instruction: mov    %rdx -> 0x08(%rsp)[8byte]
	Instruction: mov    <rel> 0x00007f43bd588f40[8byte] -> %rdx
	Instruction: mov    %rdi -> 0x18(%rsp)[8byte]
	Instruction: mov    %r9 -> %rdi
	Instruction: mov    %esi -> 0x14(%rsp)[4byte]
	Instruction: test   %rdx %rdx
	Instruction: jz     $0x00007f43bd3c0fd0
[ARKADE BB END] handling event_bb is done.




[ARKADE BB START] Basic Block is detected -> event_bb_insert is called.

	Instruction: mov    %eax -> <rel> 0x00007f43bd5891a0[4byte]
	Instruction: test   %rdi %rdi
	Instruction: jz     $0x00007f43bd3c0fe4
[ARKADE BB END] handling event_bb is done.




[ARKADE BB START] Basic Block is detected -> event_bb_insert is called.

	Instruction: xor    %edx %edx -> %edx
	Instruction: xor    %esi %esi -> %esi
	Instruction: call   $0x00007f43bd3e3de0 %rsp -> %rsp 0xfffffff8(%rsp)[8byte]
[ARKADE BB END] handling event_bb is done.




[ARKADE BB START] Basic Block is detected -> event_bb_insert is called.

	Instruction: nop    %edx
	Instruction: push   %rbp %rsp -> %rsp 0xfffffff8(%rsp)[8byte]
	Instruction: push   %rbx %rsp -> %rsp 0xfffffff8(%rsp)[8byte]
	Instruction: sub    $0x0000000000000018 %rsp -> %rsp
	Instruction: mov    %rsi -> (%rsp)[8byte]
	Instruction: mov    %rdx -> 0x08(%rsp)[8byte]
	Instruction: test   %rdi %rdi
	Instruction: jz     $0x00007f43bd3e3ece
[ARKADE BB END] handling event_bb is done.




[ARKADE BB START] Basic Block is detected -> event_bb_insert is called.

	Instruction: mov    %rdi -> %rbx
	Instruction: mov    %fs:0x18[4byte] -> %eax
	Instruction: lea    <rel> 0x00007f43bd58e2e8 -> %rbp
	Instruction: test   %eax %eax
	Instruction: jnz    $0x00007f43bd3e3e78
[ARKADE BB END] handling event_bb is done.




[ARKADE BB START] Basic Block is detected -> event_bb_insert is called.

	Instruction: mov    $0x00000001 -> %edx
	Instruction: cmpxchg %edx 0x00(%rbp)[4byte] %eax -> 0x00(%rbp)[4byte] %eax
	Instruction: lea    <rel> 0x00007f43bd589718 -> %rdi
	Instruction: call   $0x00007f43bd3e3b80 %rsp -> %rsp 0xfffffff8(%rsp)[8byte]
[ARKADE BB END] handling event_bb is done.




[ARKADE BB START] Basic Block is detected -> event_bb_insert is called.

	Instruction: nop    %edx
	Instruction: cmp    <rel> 0x00007f43bd58ac8c[1byte] $0x00
	Instruction: jnz    $0x00007f43bd3e3c7d
[ARKADE BB END] handling event_bb is done.




[ARKADE BB START] Basic Block is detected -> event_bb_insert is called.

	Instruction: push   %rbp %rsp -> %rsp 0xfffffff8(%rsp)[8byte]
	Instruction: push   %rbx %rsp -> %rsp 0xfffffff8(%rsp)[8byte]
	Instruction: mov    %rdi -> %rbx
	Instruction: sub    $0x0000000000000008 %rsp -> %rsp
	Instruction: mov    (%rdi)[8byte] -> %rbp
	Instruction: test   %rbp %rbp
	Instruction: jz     $0x00007f43bd3e3c5e
[ARKADE BB END] handling event_bb is done.




[ARKADE BB START] Basic Block is detected -> event_bb_insert is called.

	Instruction: mov    %rbp -> %rsi
	Instruction: xor    %edi %edi -> %edi
	Instruction: nop    0x00(%rax,%rax)[4byte]
	Instruction: mov    0x08(%rsi)[8byte] -> %rax
	Instruction: jmp    $0x00007f43bd3e3bd6
[ARKADE BB END] handling event_bb is done.




[ARKADE BB START] Basic Block is detected -> event_bb_insert is called.

	Instruction: test   %rax %rax
	Instruction: jnz    $0x00007f43bd3e3bc0
[ARKADE BB END] handling event_bb is done.




[ARKADE BB START] Basic Block is detected -> event_bb_insert is called.

	Instruction: mov    (%rsi)[8byte] -> %rax
	Instruction: mov    $0x0000000000000000 -> 0x08(%rsi)[8byte]
	Instruction: mov    %rsi -> %rdi
	Instruction: test   %rax %rax
	Instruction: jz     $0x00007f43bd3e3c50
[ARKADE BB END] handling event_bb is done.




[ARKADE BB START] Basic Block is detected -> event_bb_insert is called.

	Instruction: mov    $0x0000000000000001 -> 0x08(%rsi)[8byte]
	Instruction: lea    0x10(%rsi) -> %r8
	Instruction: jmp    $0x00007f43bd3e3c12
[ARKADE BB END] handling event_bb is done.




[ARKADE BB START] Basic Block is detected -> event_bb_insert is called.

	Instruction: mov    $0x0000000000000001 -> (%r8)[8byte]
	Instruction: mov    %r8 -> %rax
	Instruction: add    $0x0000000000000001 <rel> 0x00007f43bd58e2e0[8byte] -> <rel> 0x00007f43bd58e2e0[8byte]
	Instruction: add    $0x0000000000000008 %rsp -> %rsp
	Instruction: pop    %rsp (%rsp)[8byte] -> %rbx %rsp
	Instruction: pop    %rsp (%rsp)[8byte] -> %rbp %rsp
	Instruction: ret    %rsp (%rsp)[8byte] -> %rsp
[ARKADE BB END] handling event_bb is done.




[ARKADE BB START] Basic Block is detected -> event_bb_insert is called.

	Instruction: test   %rax %rax
	Instruction: jz     $0x00007f43bd3e3eb6
[ARKADE BB END] handling event_bb is done.




[ARKADE BB START] Basic Block is detected -> event_bb_insert is called.

	Instruction: movq   (%rsp)[8byte] -> %xmm0
	Instruction: mov    %rbx -> %rdi
	Instruction: mov    $0x0000000000000004 -> (%rax)[8byte]
	Instruction: xor    %fs:0x30[8byte] %rdi -> %rdi
	Instruction: rol    $0x0000000000000011 %rdi -> %rdi
	Instruction: movhps 0x08(%rsp)[8byte] -> %xmm0[8byte]
	Instruction: mov    %rdi -> 0x08(%rax)[8byte]
	Instruction: movups %xmm0 -> 0x10(%rax)[16byte]
	Instruction: mov    %fs:0x18[4byte] -> %r8d
	Instruction: test   %r8d %r8d
	Instruction: jnz    $0x00007f43bd3e3e90
[ARKADE BB END] handling event_bb is done.




[ARKADE BB START] Basic Block is detected -> event_bb_insert is called.

	Instruction: sub    $0x00000001 0x00(%rbp)[4byte] -> 0x00(%rbp)[4byte]
	Instruction: add    $0x0000000000000018 %rsp -> %rsp
	Instruction: mov    %r8d -> %eax
	Instruction: pop    %rsp (%rsp)[8byte] -> %rbx %rsp
	Instruction: pop    %rsp (%rsp)[8byte] -> %rbp %rsp
	Instruction: ret    %rsp (%rsp)[8byte] -> %rsp
[ARKADE BB END] handling event_bb is done.




[ARKADE BB START] Basic Block is detected -> event_bb_insert is called.

	Instruction: mov    <rel> 0x00007f43bd588e60[8byte] -> %rdx
	Instruction: mov    (%rdx)[4byte] -> %ebp
	Instruction: and    $0x00000002 %ebp -> %ebp
	Instruction: jnz    $0x00007f43bd3c108a
[ARKADE BB END] handling event_bb is done.




[ARKADE BB START] Basic Block is detected -> event_bb_insert is called.

	Instruction: test   %rbx %rbx
	Instruction: jz     $0x00007f43bd3c1010
[ARKADE BB END] handling event_bb is done.




[ARKADE BB START] Basic Block is detected -> event_bb_insert is called.

	Instruction: mov    <rel> 0x00007f43bd588eb0[8byte] -> %rax
	Instruction: mov    0x08(%rsp)[8byte] -> %rsi
	Instruction: mov    0x14(%rsp)[4byte] -> %edi
	Instruction: mov    (%rax)[8byte] -> %rdx
	Instruction: call   %rbx %rsp -> %rsp 0xfffffff8(%rsp)[8byte]
[ARKADE BB END] handling event_bb is done.




[ARKADE BB START] Basic Block is detected -> event_bb_insert is called.

	Instruction: nop    %edx
	Instruction: push   %r15 %rsp -> %rsp 0xfffffff8(%rsp)[8byte]
	Instruction: lea    <rel> 0x00007f43b99bddb0 -> %r15
	Instruction: push   %r14 %rsp -> %rsp 0xfffffff8(%rsp)[8byte]
	Instruction: mov    %rdx -> %r14
	Instruction: push   %r13 %rsp -> %rsp 0xfffffff8(%rsp)[8byte]
	Instruction: mov    %rsi -> %r13
	Instruction: push   %r12 %rsp -> %rsp 0xfffffff8(%rsp)[8byte]
	Instruction: mov    %edi -> %r12d
	Instruction: push   %rbp %rsp -> %rsp 0xfffffff8(%rsp)[8byte]
	Instruction: lea    <rel> 0x00007f43b99bddb8 -> %rbp
	Instruction: push   %rbx %rsp -> %rsp 0xfffffff8(%rsp)[8byte]
	Instruction: sub    %r15 %rbp -> %rbp
	Instruction: sub    $0x0000000000000008 %rsp -> %rsp
	Instruction: call   $0x00007f43b99bb000 %rsp -> %rsp 0xfffffff8(%rsp)[8byte]
[ARKADE BB END] handling event_bb is done.




[ARKADE BB START] Basic Block is detected -> event_bb_insert is called.

	Instruction: nop    %edx
	Instruction: sub    $0x0000000000000008 %rsp -> %rsp
	Instruction: mov    <rel> 0x00007f43b99bdfe8[8byte] -> %rax
	Instruction: test   %rax %rax
	Instruction: jz     $0x00007f43b99bb016
[ARKADE BB END] handling event_bb is done.




[ARKADE BB START] Basic Block is detected -> event_bb_insert is called.

	Instruction: add    $0x0000000000000008 %rsp -> %rsp
	Instruction: ret    %rsp (%rsp)[8byte] -> %rsp
[ARKADE BB END] handling event_bb is done.




[ARKADE BB START] Basic Block is detected -> event_bb_insert is called.

	Instruction: sar    $0x0000000000000003 %rbp -> %rbp
	Instruction: jz     $0x00007f43b99bb266
[ARKADE BB END] handling event_bb is done.




[ARKADE BB START] Basic Block is detected -> event_bb_insert is called.

	Instruction: xor    %ebx %ebx -> %ebx
	Instruction: nop    0x00000000(%rax)[4byte]
	Instruction: mov    %r14 -> %rdx
	Instruction: mov    %r13 -> %rsi
	Instruction: mov    %r12d -> %edi
	Instruction: call   (%r15,%rbx,8)[8byte] %rsp -> %rsp 0xfffffff8(%rsp)[8byte]
[ARKADE BB END] handling event_bb is done.




[ARKADE BB START] Basic Block is detected -> event_bb_insert is called.

	Instruction: nop    %edx
	Instruction: jmp    $0x00007f43b99bb0e0
[ARKADE BB END] handling event_bb is done.




[ARKADE BB START] Basic Block is detected -> event_bb_insert is called.

	Instruction: lea    <rel> 0x00007f43b99be010 -> %rdi
	Instruction: lea    <rel> 0x00007f43b99be010 -> %rsi
	Instruction: sub    %rdi %rsi -> %rsi
	Instruction: mov    %rsi -> %rax
	Instruction: shr    $0x000000000000003f %rsi -> %rsi
	Instruction: sar    $0x0000000000000003 %rax -> %rax
	Instruction: add    %rax %rsi -> %rsi
	Instruction: sar    $0x0000000000000001 %rsi -> %rsi
	Instruction: jz     $0x00007f43b99bb118
[ARKADE BB END] handling event_bb is done.




[ARKADE BB START] Basic Block is detected -> event_bb_insert is called.

	Instruction: ret    %rsp (%rsp)[8byte] -> %rsp
[ARKADE BB END] handling event_bb is done.




[ARKADE BB START] Basic Block is detected -> event_bb_insert is called.

	Instruction: add    $0x0000000000000001 %rbx -> %rbx
	Instruction: cmp    %rbp %rbx
	Instruction: jnz    $0x00007f43b99bb250
[ARKADE BB END] handling event_bb is done.




[ARKADE BB START] Basic Block is detected -> event_bb_insert is called.

	Instruction: add    $0x0000000000000008 %rsp -> %rsp
	Instruction: pop    %rsp (%rsp)[8byte] -> %rbx %rsp
	Instruction: pop    %rsp (%rsp)[8byte] -> %rbp %rsp
	Instruction: pop    %rsp (%rsp)[8byte] -> %r12 %rsp
	Instruction: pop    %rsp (%rsp)[8byte] -> %r13 %rsp
	Instruction: pop    %rsp (%rsp)[8byte] -> %r14 %rsp
	Instruction: pop    %rsp (%rsp)[8byte] -> %r15 %rsp
	Instruction: ret    %rsp (%rsp)[8byte] -> %rsp
[ARKADE BB END] handling event_bb is done.




[ARKADE BB START] Basic Block is detected -> event_bb_insert is called.

	Instruction: mov    <rel> 0x00007f43bd588e60[8byte] -> %rdx
	Instruction: mov    0x00000210(%rdx)[4byte] -> %eax
	Instruction: test   %eax %eax
	Instruction: jnz    $0x00007f43bd3c10ec
[ARKADE BB END] handling event_bb is done.




[ARKADE BB START] Basic Block is detected -> event_bb_insert is called.

	Instruction: test   %ebp %ebp
	Instruction: jnz    $0x00007f43bd3c1150
[ARKADE BB END] handling event_bb is done.




[ARKADE BB START] Basic Block is detected -> event_bb_insert is called.

	Instruction: lea    0x20(%rsp) -> %rdi
	Instruction: call   $0x00007f43bd3dfc80 %rsp -> %rsp 0xfffffff8(%rsp)[8byte]
[ARKADE BB END] handling event_bb is done.




[ARKADE BB START] Basic Block is detected -> event_bb_insert is called.

	Instruction: nop    %edx
	Instruction: xor    %esi %esi -> %esi
	Instruction: jmp    $0x00007f43bd3dfbb0
[ARKADE BB END] handling event_bb is done.




[ARKADE BB START] Basic Block is detected -> event_bb_insert is called.

	Instruction: nop    %edx
	Instruction: mov    %rbx -> (%rdi)[8byte]
	Instruction: mov    %rbp -> %rax
	Instruction: xor    %fs:0x30[8byte] %rax -> %rax
	Instruction: rol    $0x0000000000000011 %rax -> %rax
	Instruction: mov    %rax -> 0x08(%rdi)[8byte]
	Instruction: mov    %r12 -> 0x10(%rdi)[8byte]
	Instruction: mov    %r13 -> 0x18(%rdi)[8byte]
	Instruction: mov    %r14 -> 0x20(%rdi)[8byte]
	Instruction: mov    %r15 -> 0x28(%rdi)[8byte]
	Instruction: lea    0x08(%rsp) -> %rdx
	Instruction: xor    %fs:0x30[8byte] %rdx -> %rdx
	Instruction: rol    $0x0000000000000011 %rdx -> %rdx
	Instruction: mov    %rdx -> 0x30(%rdi)[8byte]
	Instruction: mov    (%rsp)[8byte] -> %rax
	Instruction: nop
	Instruction: xor    %fs:0x30[8byte] %rax -> %rax
	Instruction: rol    $0x0000000000000011 %rax -> %rax
	Instruction: mov    %rax -> 0x38(%rdi)[8byte]
	Instruction: test   %fs:0x48[4byte] $0x00000002
	Instruction: jz     $0x00007f43bd3dfc1e
[ARKADE BB END] handling event_bb is done.




[ARKADE BB START] Basic Block is detected -> event_bb_insert is called.

	Instruction: jmp    $0x00007f43bd3dfc30
[ARKADE BB END] handling event_bb is done.




[ARKADE BB START] Basic Block is detected -> event_bb_insert is called.

	Instruction: nop    %edx
	Instruction: push   %rbx %rsp -> %rsp 0xfffffff8(%rsp)[8byte]
	Instruction: mov    %rdi -> %rbx
	Instruction: test   %esi %esi
	Instruction: jnz    $0x00007f43bd3dfc48
[ARKADE BB END] handling event_bb is done.




[ARKADE BB START] Basic Block is detected -> event_bb_insert is called.

	Instruction: mov    %esi -> 0x40(%rbx)[4byte]
	Instruction: xor    %eax %eax -> %eax
	Instruction: pop    %rsp (%rsp)[8byte] -> %rbx %rsp
	Instruction: ret    %rsp (%rsp)[8byte] -> %rsp
[ARKADE BB END] handling event_bb is done.




[ARKADE BB START] Basic Block is detected -> event_bb_insert is called.

	Instruction: nop    %edx
	Instruction: test   %eax %eax
	Instruction: jnz    $0x00007f43bd3c10a6
[ARKADE BB END] handling event_bb is done.




[ARKADE BB START] Basic Block is detected -> event_bb_insert is called.

	Instruction: mov    %fs:0x00000300[8byte] -> %rax
	Instruction: mov    %rax -> 0x68(%rsp)[8byte]
	Instruction: mov    %fs:0x000002f8[8byte] -> %rax
	Instruction: mov    %rax -> 0x70(%rsp)[8byte]
	Instruction: lea    0x20(%rsp) -> %rax
	Instruction: mov    %rax -> %fs:0x00000300[8byte]
	Instruction: mov    <rel> 0x00007f43bd588eb0[8byte] -> %rax
	Instruction: mov    0x08(%rsp)[8byte] -> %rsi
	Instruction: mov    0x14(%rsp)[4byte] -> %edi
	Instruction: mov    (%rax)[8byte] -> %rdx
	Instruction: mov    0x18(%rsp)[8byte] -> %rax
	Instruction: call   %rax %rsp -> %rsp 0xfffffff8(%rsp)[8byte]
[ARKADE BB END] handling event_bb is done.




[ARKADE BB START] Basic Block is detected -> event_bb_insert is called.

	Instruction: nop    %edx
	Instruction: push   %rbp %rsp -> %rsp 0xfffffff8(%rsp)[8byte]
	Instruction: mov    %rsp -> %rbp
	Instruction: sub    $0x0000000000000010 %rsp -> %rsp
	Instruction: mov    $0x00000004 -> 0xfffffff4(%rbp)[4byte]
	Instruction: mov    0xfffffff4(%rbp)[4byte] -> %eax
	Instruction: mov    %eax -> %edi
	Instruction: call   $0x00007f43b99bb169 %rsp -> %rsp 0xfffffff8(%rsp)[8byte]
[ARKADE BB END] handling event_bb is done.




[ARKADE BB START] Basic Block is detected -> event_bb_insert is called.

	Instruction: nop    %edx
	Instruction: push   %rbp %rsp -> %rsp 0xfffffff8(%rsp)[8byte]
	Instruction: mov    %rsp -> %rbp
	Instruction: sub    $0x0000000000000020 %rsp -> %rsp
	Instruction: mov    %edi -> 0xffffffec(%rbp)[4byte]
	Instruction: mov    0xffffffec(%rbp)[4byte] -> %eax
	Instruction: cwde   %ax -> %rax
	Instruction: mov    %rax -> %rdi
	Instruction: call   $0x00007f43b99bb070 %rsp -> %rsp 0xfffffff8(%rsp)[8byte]
[ARKADE BB END] handling event_bb is done.




[ARKADE BB START] Basic Block is detected -> event_bb_insert is called.

	Instruction: nop    %edx
	Instruction: jmp    <rel> 0x00007f43b99bdfd0[8byte]
[ARKADE BB END] handling event_bb is done.




[ARKADE BB START] Basic Block is detected -> event_bb_insert is called.

	Instruction: nop    %edx
	Instruction: mov    <rel> 0x00007f43bd588ef0[8byte] -> %rax
	Instruction: push   %r12 %rsp -> %rsp 0xfffffff8(%rsp)[8byte]
	Instruction: push   %rbp %rsp -> %rsp 0xfffffff8(%rsp)[8byte]
	Instruction: mov    %rdi -> %rbp
	Instruction: push   %rbx %rsp -> %rsp 0xfffffff8(%rsp)[8byte]
	Instruction: mov    (%rax)[8byte] -> %rax
	Instruction: test   %rax %rax
	Instruction: jnz    $0x00007f43bd437250
[ARKADE BB END] handling event_bb is done.
[ARKADE MALLOC CALLED] Malloc (Nonuser Code) (size: 4)
[ARKADE MALLOC CALLED] Module start: 0x00007f43b99ba000
[ARKADE MALLOC CALLED] Module end: 0x00007f43b99bf000
[ARKADE MALLOC CALLED] Module full path: /home/arkade/tools/Binary_Instrumentation_Tools/DynamoRIO/src/github/dynamorio_research/debug/arkade_examples/hello2
[ARKADE MALLOC CALLED] Caller (Nonuser Code): allocate_memory (/home/arkade/tools/Binary_Instrumentation_Tools/DynamoRIO/src/github/dynamorio_research/debug/arkade_examples/hello2.c:5)




[ARKADE BB START] Basic Block is detected -> event_bb_insert is called.

	Instruction: mov    0x18(%rsp)[8byte] -> %rsi
	Instruction: pop    %rsp (%rsp)[8byte] -> %rbx %rsp
	Instruction: pop    %rsp (%rsp)[8byte] -> %rbp %rsp
	Instruction: pop    %rsp (%rsp)[8byte] -> %r12 %rsp
	Instruction: jmp    %rax
[ARKADE BB END] handling event_bb is done.




[ARKADE BB START] Basic Block is detected -> event_bb_insert is called.

	Instruction: nop    %edx
	Instruction: push   %r12 %rsp -> %rsp 0xfffffff8(%rsp)[8byte]
	Instruction: mov    <rel> 0x00007f43bd589264[4byte] -> %eax
	Instruction: push   %rbp %rsp -> %rsp 0xfffffff8(%rsp)[8byte]
	Instruction: mov    %rdi -> %rbp
	Instruction: push   %rbx %rsp -> %rsp 0xfffffff8(%rsp)[8byte]
	Instruction: mov    <rel> 0x00007f43bd588ef0[8byte] -> %rbx
	Instruction: mov    $0x0000000000000000 -> (%rbx)[8byte]
	Instruction: test   %eax %eax
	Instruction: jns    $0x00007f43bd436c70
[ARKADE BB END] handling event_bb is done.




[ARKADE BB START] Basic Block is detected -> event_bb_insert is called.

	Instruction: call   $0x00007f43bd436050 %rsp -> %rsp 0xfffffff8(%rsp)[8byte]
[ARKADE BB END] handling event_bb is done.




[ARKADE BB START] Basic Block is detected -> event_bb_insert is called.

	Instruction: push   %rbp %rsp -> %rsp 0xfffffff8(%rsp)[8byte]
	Instruction: sub    $0x0000000000000040 %rsp -> %rsp
	Instruction: mov    %fs:0x28[8byte] -> %rax
	Instruction: mov    %rax -> 0x38(%rsp)[8byte]
	Instruction: xor    %eax %eax -> %eax
	Instruction: cmp    <rel> 0x00007f43bd58e188[8byte] $0x0000000000000000
	Instruction: mov    $0x00000000 -> <rel> 0x00007f43bd589264[4byte]
	Instruction: jz     $0x00007f43bd436210
[ARKADE BB END] handling event_bb is done.




[ARKADE BB START] Basic Block is detected -> event_bb_insert is called.

	Instruction: xor    %ecx %ecx -> %ecx
	Instruction: mov    %rsp -> %rdx
	Instruction: lea    0x10(%rsp) -> %rsi
	Instruction: lea    <rel> 0x00007f43bd436250 -> %rdi
	Instruction: call   $0x00007f43bd4fc680 %rsp -> %rsp 0xfffffff8(%rsp)[8byte]
[ARKADE BB END] handling event_bb is done.




[ARKADE BB START] Basic Block is detected -> event_bb_insert is called.

	Instruction: nop    %edx
	Instruction: push   %r15 %rsp -> %rsp 0xfffffff8(%rsp)[8byte]
	Instruction: push   %r14 %rsp -> %rsp 0xfffffff8(%rsp)[8byte]
	Instruction: mov    %rdx -> %r14
	Instruction: push   %r13 %rsp -> %rsp 0xfffffff8(%rsp)[8byte]
	Instruction: mov    %rsi -> %r13
	Instruction: push   %r12 %rsp -> %rsp 0xfffffff8(%rsp)[8byte]
	Instruction: xor    %r12d %r12d -> %r12d
	Instruction: push   %rbp %rsp -> %rsp 0xfffffff8(%rsp)[8byte]
	Instruction: push   %rbx %rsp -> %rsp 0xfffffff8(%rsp)[8byte]
	Instruction: mov    %rdi -> %rbx
	Instruction: sub    $0x0000000000000028 %rsp -> %rsp
	Instruction: mov    <rel> 0x00007f43bd588df0[8byte] -> %r15
	Instruction: mov    %rcx -> 0x08(%rsp)[8byte]
	Instruction: lea    0x00000908(%r15) -> %rdi
	Instruction: call   0x00000f08(%r15)[8byte] %rsp -> %rsp 0xfffffff8(%rsp)[8byte]
[ARKADE BB END] handling event_bb is done.




[ARKADE BB START] Basic Block is detected -> event_bb_insert is called.

	Instruction: mov    %rbx -> %rdi
	Instruction: call   $0x00007f43bd3bf510 %rsp -> %rsp 0xfffffff8(%rsp)[8byte]
[ARKADE BB END] handling event_bb is done.




[ARKADE BB START] Basic Block is detected -> event_bb_insert is called.

	Instruction: nop    %edx
	Instruction: jmp    <rel> 0x00007f43bd589100[8byte]
[ARKADE BB END] handling event_bb is done.




[ARKADE BB START] Basic Block is detected -> event_bb_insert is called.

	Instruction: nop    %edx
	Instruction: push   $0x0000000000000005 %rsp -> %rsp 0xfffffff8(%rsp)[8byte]
	Instruction: jmp    $0x00007f43bd3bf000
[ARKADE BB END] handling event_bb is done.




[ARKADE BB START] Basic Block is detected -> event_bb_insert is called.

	Instruction: push   <rel> 0x00007f43bd589008[8byte] %rsp -> %rsp 0xfffffff8(%rsp)[8byte]
	Instruction: jmp    <rel> 0x00007f43bd589010[8byte]
[ARKADE BB END] handling event_bb is done.




[ARKADE BB START] Basic Block is detected -> event_bb_insert is called.

	Instruction: nop    %edx
	Instruction: push   %rbx %rsp -> %rsp 0xfffffff8(%rsp)[8byte]
	Instruction: mov    %rsp -> %rbx
	Instruction: and    $0xffffffffffffffc0 %rsp -> %rsp
	Instruction: sub    <rel> 0x00007f43bd9bc708[8byte] %rsp -> %rsp
	Instruction: mov    %rax -> (%rsp)[8byte]
	Instruction: mov    %rcx -> 0x08(%rsp)[8byte]
	Instruction: mov    %rdx -> 0x10(%rsp)[8byte]
	Instruction: mov    %rsi -> 0x18(%rsp)[8byte]
	Instruction: mov    %rdi -> 0x20(%rsp)[8byte]
	Instruction: mov    %r8 -> 0x28(%rsp)[8byte]
	Instruction: mov    %r9 -> 0x30(%rsp)[8byte]
	Instruction: mov    $0x000000ee -> %eax
	Instruction: xor    %edx %edx -> %edx
	Instruction: mov    %rdx -> 0x00000250(%rsp)[8byte]
	Instruction: mov    %rdx -> 0x00000258(%rsp)[8byte]
	Instruction: mov    %rdx -> 0x00000260(%rsp)[8byte]
	Instruction: mov    %rdx -> 0x00000268(%rsp)[8byte]
	Instruction: mov    %rdx -> 0x00000270(%rsp)[8byte]
	Instruction: mov    %rdx -> 0x00000278(%rsp)[8byte]
	Instruction: xsavec %edx %eax -> 0x40(%rsp)
[ARKADE BB END] handling event_bb is done.




[ARKADE BB START] Basic Block is detected -> event_bb_insert is called.

	Instruction: mov    0x10(%rbx)[8byte] -> %rsi
	Instruction: mov    0x08(%rbx)[8byte] -> %rdi
	Instruction: call   $0x00007f43bd9a00c0 %rsp -> %rsp 0xfffffff8(%rsp)[8byte]
[ARKADE BB END] handling event_bb is done.




[ARKADE BB START] Basic Block is detected -> event_bb_insert is called.

	Instruction: nop    %edx
	Instruction: push   %rbx %rsp -> %rsp 0xfffffff8(%rsp)[8byte]
	Instruction: mov    %rdi -> %r10
	Instruction: mov    %esi -> %esi
	Instruction: lea    (%rsi,%rsi,2) -> %rdx
	Instruction: sub    $0x0000000000000010 %rsp -> %rsp
	Instruction: mov    0x68(%rdi)[8byte] -> %rax
	Instruction: mov    0x08(%rax)[8byte] -> %rdi
	Instruction: mov    0xf8(%r10)[8byte] -> %rax
	Instruction: mov    0x08(%rax)[8byte] -> %rax
	Instruction: lea    (%rax,%rdx,8) -> %r8
	Instruction: mov    0x70(%r10)[8byte] -> %rax
	Instruction: mov    0x08(%r8)[8byte] -> %rsi
	Instruction: mov    (%r8)[8byte] -> %rbx
	Instruction: mov    0x08(%rax)[8byte] -> %rax
	Instruction: mov    %rsi -> %rcx
	Instruction: shr    $0x0000000000000020 %rcx -> %rcx
	Instruction: lea    (%rcx,%rcx,2) -> %rdx
	Instruction: lea    (%rax,%rdx,8) -> %rdx
	Instruction: mov    (%r10)[8byte] -> %rax
	Instruction: mov    %rdx -> 0x08(%rsp)[8byte]
	Instruction: add    %rax %rbx -> %rbx
	Instruction: cmp    %esi $0x00000007
	Instruction: jnz    $0x00007f43bd9a025e
[ARKADE BB END] handling event_bb is done.




[ARKADE BB START] Basic Block is detected -> event_bb_insert is called.

	Instruction: test   0x05(%rdx)[1byte] $0x03
	Instruction: jnz    $0x00007f43bd9a0200
[ARKADE BB END] handling event_bb is done.




[ARKADE BB START] Basic Block is detected -> event_bb_insert is called.

	Instruction: mov    0x000001d0(%r10)[8byte] -> %r8
	Instruction: test   %r8 %r8
	Instruction: jz     $0x00007f43bd9a015d
[ARKADE BB END] handling event_bb is done.




[ARKADE BB START] Basic Block is detected -> event_bb_insert is called.

	Instruction: mov    0x08(%r8)[8byte] -> %rax
	Instruction: movzx  (%rax,%rcx,2)[2byte] -> %eax
	Instruction: and    $0x00007fff %eax -> %eax
	Instruction: lea    (%rax,%rax,2) -> %rcx
	Instruction: mov    0x000002e8(%r10)[8byte] -> %rax
	Instruction: lea    (%rax,%rcx,8) -> %r8
	Instruction: mov    $0x00000000 -> %eax
	Instruction: mov    0x08(%r8)[4byte] -> %r9d
	Instruction: test   %r9d %r9d
	Instruction: cmovz  %rax -> %r8
	Instruction: mov    %fs:0x18[4byte] -> %ecx
	Instruction: mov    $0x00000001 -> %eax
	Instruction: test   %ecx %ecx
	Instruction: jnz    $0x00007f43bd9a0248
[ARKADE BB END] handling event_bb is done.




[ARKADE BB START] Basic Block is detected -> event_bb_insert is called.

	Instruction: mov    (%rdx)[4byte] -> %edx
	Instruction: lea    0x08(%rsp) -> %r11
	Instruction: mov    $0x00000001 -> %r9d
	Instruction: mov    %r10 -> %rsi
	Instruction: mov    0x00000390(%r10)[8byte] -> %rcx
	Instruction: push   $0x0000000000000000 %rsp -> %rsp 0xfffffff8(%rsp)[8byte]
	Instruction: push   %rax %rsp -> %rsp 0xfffffff8(%rsp)[8byte]
	Instruction: add    %rdx %rdi -> %rdi
	Instruction: mov    %r11 -> %rdx
	Instruction: call   $0x00007f43bd99b0d0 %rsp -> %rsp 0xfffffff8(%rsp)[8byte]
[ARKADE BB END] handling event_bb is done.




[ARKADE BB START] Basic Block is detected -> event_bb_insert is called.

	Instruction: mov    %rax -> %r8
	Instruction: mov    %fs:0x18[4byte] -> %eax
	Instruction: pop    %rsp (%rsp)[8byte] -> %rcx %rsp
	Instruction: pop    %rsp (%rsp)[8byte] -> %rsi %rsp
	Instruction: test   %eax %eax
	Instruction: jnz    $0x00007f43bd9a0210
[ARKADE BB END] handling event_bb is done.




[ARKADE BB START] Basic Block is detected -> event_bb_insert is called.

	Instruction: mov    0x08(%rsp)[8byte] -> %rdx
	Instruction: xor    %eax %eax -> %eax
	Instruction: test   %rdx %rdx
	Instruction: jz     $0x00007f43bd9a01d3
[ARKADE BB END] handling event_bb is done.




[ARKADE BB START] Basic Block is detected -> event_bb_insert is called.

	Instruction: data16 cmp    0x06(%rdx)[2byte] $0xfff1
	Instruction: jz     $0x00007f43bd9a01f0
[ARKADE BB END] handling event_bb is done.




[ARKADE BB START] Basic Block is detected -> event_bb_insert is called.

	Instruction: test   %r8 %r8
	Instruction: jz     $0x00007f43bd9a01f0
[ARKADE BB END] handling event_bb is done.




[ARKADE BB START] Basic Block is detected -> event_bb_insert is called.

	Instruction: mov    (%r8)[8byte] -> %rax
	Instruction: add    0x08(%rdx)[8byte] %rax -> %rax
	Instruction: movzx  0x04(%rdx)[1byte] -> %edx
	Instruction: and    $0x0000000f %edx -> %edx
	Instruction: cmp    %dl $0x0a
	Instruction: jz     $0x00007f43bd9a01f8
[ARKADE BB END] handling event_bb is done.




[ARKADE BB START] Basic Block is detected -> event_bb_insert is called.

	Instruction: mov    <rel> 0x00007f43bd9bc668[4byte] -> %edx
	Instruction: test   %edx %edx
	Instruction: jnz    $0x00007f43bd9a01e0
[ARKADE BB END] handling event_bb is done.




[ARKADE BB START] Basic Block is detected -> event_bb_insert is called.

	Instruction: mov    %rax -> (%rbx)[8byte]
	Instruction: add    $0x0000000000000010 %rsp -> %rsp
	Instruction: pop    %rsp (%rsp)[8byte] -> %rbx %rsp
	Instruction: ret    %rsp (%rsp)[8byte] -> %rsp
[ARKADE BB END] handling event_bb is done.




[ARKADE BB START] Basic Block is detected -> event_bb_insert is called.

	Instruction: mov    %rax -> %r11
	Instruction: mov    $0x000000ee -> %eax
	Instruction: xor    %edx %edx -> %edx
	Instruction: xrstor 0x40(%rsp) %edx %eax
	Instruction: mov    0x30(%rsp)[8byte] -> %r9
	Instruction: mov    0x28(%rsp)[8byte] -> %r8
	Instruction: mov    0x20(%rsp)[8byte] -> %rdi
	Instruction: mov    0x18(%rsp)[8byte] -> %rsi
	Instruction: mov    0x10(%rsp)[8byte] -> %rdx
	Instruction: mov    0x08(%rsp)[8byte] -> %rcx
	Instruction: mov    (%rsp)[8byte] -> %rax
	Instruction: mov    %rbx -> %rsp
	Instruction: mov    (%rsp)[8byte] -> %rbx
	Instruction: add    $0x0000000000000018 %rsp -> %rsp
	Instruction: jmp    %r11
[ARKADE BB END] handling event_bb is done.




[ARKADE BB START] Basic Block is detected -> event_bb_insert is called.

	Instruction: nop    %edx
	Instruction: push   %r13 %rsp -> %rsp 0xfffffff8(%rsp)[8byte]
	Instruction: lea    <rel> 0x00007f43bd9bd060 -> %r13
	Instruction: push   %r12 %rsp -> %rsp 0xfffffff8(%rsp)[8byte]
	Instruction: push   %rbp %rsp -> %rsp 0xfffffff8(%rsp)[8byte]
	Instruction: xor    %ebp %ebp -> %ebp
	Instruction: push   %rbx %rsp -> %rsp 0xfffffff8(%rsp)[8byte]
	Instruction: mov    %rdi -> %rbx
	Instruction: sub    $0x0000000000000008 %rsp -> %rsp
	Instruction: mov    <rel> 0x00007f43bd9bd960[8byte] -> %rax
	Instruction: test   %rax %rax
	Instruction: jz     $0x00007f43bd9a450f
[ARKADE BB END] handling event_bb is done.




[ARKADE BB START] Basic Block is detected -> event_bb_insert is called.

	Instruction: mov    0x00(%r13)[8byte] -> %r12
	Instruction: test   %r12 %r12
	Instruction: jz     $0x00007f43bd9a44ff
[ARKADE BB END] handling event_bb is done.




[ARKADE BB START] Basic Block is detected -> event_bb_insert is called.

	Instruction: nop
	Instruction: cmp    0x00000350(%r12)[8byte] %rbx
	Instruction: jnbe   $0x00007f43bd9a44ee
[ARKADE BB END] handling event_bb is done.




[ARKADE BB START] Basic Block is detected -> event_bb_insert is called.

	Instruction: cmp    0x00000358(%r12)[8byte] %rbx
	Instruction: jbe    $0x00007f43bd9a44ee
[ARKADE BB END] handling event_bb is done.




[ARKADE BB START] Basic Block is detected -> event_bb_insert is called.

	Instruction: mov    0x18(%r12)[8byte] -> %r12
	Instruction: test   %r12 %r12
	Instruction: jnz    $0x00007f43bd9a44c0
[ARKADE BB END] handling event_bb is done.




[ARKADE BB START] Basic Block is detected -> event_bb_insert is called.

	Instruction: cmp    0x00000350(%r12)[8byte] %rbx
	Instruction: jnbe   $0x00007f43bd9a44ee
[ARKADE BB END] handling event_bb is done.




[ARKADE BB START] Basic Block is detected -> event_bb_insert is called.

	Instruction: test   0x0000031d(%r12)[1byte] $0x40
	Instruction: jnz    $0x00007f43bd9a4520
[ARKADE BB END] handling event_bb is done.




[ARKADE BB START] Basic Block is detected -> event_bb_insert is called.

	Instruction: cmp    0x30(%r12)[8byte] %rbp
	Instruction: jnz    $0x00007f43bd9a4535
[ARKADE BB END] handling event_bb is done.




[ARKADE BB START] Basic Block is detected -> event_bb_insert is called.

	Instruction: add    $0x0000000000000008 %rsp -> %rsp
	Instruction: mov    %r12 -> %rax
	Instruction: pop    %rsp (%rsp)[8byte] -> %rbx %rsp
	Instruction: pop    %rsp (%rsp)[8byte] -> %rbp %rsp
	Instruction: pop    %rsp (%rsp)[8byte] -> %r12 %rsp
	Instruction: pop    %rsp (%rsp)[8byte] -> %r13 %rsp
	Instruction: ret    %rsp (%rsp)[8byte] -> %rsp
[ARKADE BB END] handling event_bb is done.




[ARKADE BB START] Basic Block is detected -> event_bb_insert is called.

	Instruction: test   %rax %rax
	Instruction: jz     $0x00007f43bd4fc832
[ARKADE BB END] handling event_bb is done.




[ARKADE BB START] Basic Block is detected -> event_bb_insert is called.

	Instruction: mov    0x08(%rax)[8byte] -> %rdx
	Instruction: movd   %rdx -> %xmm0
	Instruction: movhps 0x00000350(%rax)[8byte] -> %xmm0[8byte]
	Instruction: movups %xmm0 -> 0x00(%r13)[16byte]
	Instruction: cmp    (%rdx)[1byte] $0x00
	Instruction: jz     $0x00007f43bd4fc98c
[ARKADE BB END] handling event_bb is done.




[ARKADE BB START] Basic Block is detected -> event_bb_insert is called.

	Instruction: mov    0x70(%rax)[8byte] -> %rdx
	Instruction: mov    0x000002a0(%rax)[8byte] -> %r12
	Instruction: mov    0x08(%rdx)[8byte] -> %r9
	Instruction: mov    0x68(%rax)[8byte] -> %rdx
	Instruction: mov    0x08(%rdx)[8byte] -> %rsi
	Instruction: mov    0x90(%rax)[8byte] -> %rdx
	Instruction: mov    %rsi -> 0x10(%rsp)[8byte]
	Instruction: mov    0x08(%rdx)[4byte] -> %esi
	Instruction: mov    %esi -> 0x1c(%rsp)[4byte]
	Instruction: test   %r12 %r12
	Instruction: jz     $0x00007f43bd4fc858
[ARKADE BB END] handling event_bb is done.




[ARKADE BB START] Basic Block is detected -> event_bb_insert is called.

	Instruction: mov    0x000002f4(%rax)[4byte] -> %ecx
	Instruction: test   %ecx %ecx
	Instruction: jz     $0x00007f43bd4fc7df
[ARKADE BB END] handling event_bb is done.




[ARKADE BB START] Basic Block is detected -> event_bb_insert is called.

	Instruction: mov    0x00000308(%rax)[8byte] -> %rdx
	Instruction: sub    $0x00000001 %ecx -> %ecx
	Instruction: xor    %r12d %r12d -> %r12d
	Instruction: lea    0x04(%rdx) -> %r10
	Instruction: lea    (%r10,%rcx,4) -> %rsi
	Instruction: jmp    $0x00007f43bd4fc750
[ARKADE BB END] handling event_bb is done.




[ARKADE BB START] Basic Block is detected -> event_bb_insert is called.

	Instruction: mov    (%rdx)[4byte] -> %edx
	Instruction: test   %edx %edx
	Instruction: jz     $0x00007f43bd4fc740
[ARKADE BB END] handling event_bb is done.




[ARKADE BB START] Basic Block is detected -> event_bb_insert is called.

	Instruction: mov    %r10 -> %rdx
	Instruction: cmp    %r10 %rsi
	Instruction: jz     $0x00007f43bd4fc7e8
[ARKADE BB END] handling event_bb is done.




[ARKADE BB START] Basic Block is detected -> event_bb_insert is called.

	Instruction: add    $0x0000000000000004 %r10 -> %r10
	Instruction: mov    (%rdx)[4byte] -> %edx
	Instruction: test   %edx %edx
	Instruction: jz     $0x00007f43bd4fc740
[ARKADE BB END] handling event_bb is done.




[ARKADE BB START] Basic Block is detected -> event_bb_insert is called.

	Instruction: mov    0x00000310(%rax)[8byte] -> %r8
	Instruction: lea    (%r8,%rdx,4) -> %rdx
	Instruction: jmp    $0x00007f43bd4fc7ba
[ARKADE BB END] handling event_bb is done.




[ARKADE BB START] Basic Block is detected -> event_bb_insert is called.

	Instruction: mov    %rdx -> %rcx
	Instruction: sub    %r8 %rcx -> %rcx
	Instruction: sar    $0x0000000000000002 %rcx -> %rcx
	Instruction: mov    %ecx -> %ecx
	Instruction: lea    (%rcx,%rcx,2) -> %rcx
	Instruction: lea    (%r9,%rcx,8) -> %rcx
	Instruction: movzx  0x06(%rcx)[2byte] -> %edi
	Instruction: data16 test   %di %di
	Instruction: jz     $0x00007f43bd4fc768
[ARKADE BB END] handling event_bb is done.




[ARKADE BB START] Basic Block is detected -> event_bb_insert is called.

	Instruction: data16 cmp    %di $0xfff1
	Instruction: jz     $0x00007f43bd4fc7b0
[ARKADE BB END] handling event_bb is done.




[ARKADE BB START] Basic Block is detected -> event_bb_insert is called.

	Instruction: jmp    $0x00007f43bd4fc76f
[ARKADE BB END] handling event_bb is done.




[ARKADE BB START] Basic Block is detected -> event_bb_insert is called.

	Instruction: movzx  0x04(%rcx)[1byte] -> %r11d
	Instruction: and    $0x0000000f %r11d -> %r11d
	Instruction: cmp    %r11l $0x06
	Instruction: jz     $0x00007f43bd4fc7b0
[ARKADE BB END] handling event_bb is done.




[ARKADE BB START] Basic Block is detected -> event_bb_insert is called.

	Instruction: mov    0x08(%rcx)[8byte] -> %rbp
	Instruction: mov    (%rax)[8byte] -> %r11
	Instruction: add    %rbp %r11 -> %r11
	Instruction: cmp    %rbx %r11
	Instruction: jb     $0x00007f43bd4fc7b0
[ARKADE BB END] handling event_bb is done.




[ARKADE BB START] Basic Block is detected -> event_bb_insert is called.

	Instruction: add    $0x0000000000000004 %rdx -> %rdx
	Instruction: test   0xfffffffc(%rdx)[1byte] $0x01
	Instruction: jnz    $0x00007f43bd4fc740
[ARKADE BB END] handling event_bb is done.




[ARKADE BB START] Basic Block is detected -> event_bb_insert is called.

	Instruction: data16 test   %di %di
	Instruction: jz     $0x00007f43bd4fc908
[ARKADE BB END] handling event_bb is done.




[ARKADE BB START] Basic Block is detected -> event_bb_insert is called.

	Instruction: mov    0x10(%rcx)[8byte] -> %rdi
	Instruction: test   %rdi %rdi
	Instruction: jnz    $0x00007f43bd4fc911
[ARKADE BB END] handling event_bb is done.




[ARKADE BB START] Basic Block is detected -> event_bb_insert is called.

	Instruction: add    %rdi %r11 -> %r11
	Instruction: cmp    %rbx %r11
	Instruction: jnb    $0x00007f43bd4fc7b0
[ARKADE BB END] handling event_bb is done.




[ARKADE BB START] Basic Block is detected -> event_bb_insert is called.

	Instruction: movzx  0x04(%rcx)[1byte] -> %r11d
	Instruction: and    $0x0000000f %r11d -> %r11d
	Instruction: cmp    %r11l $0x06
	Instruction: jz     $0x00007f43bd4fc7b0
[ARKADE BB END] handling event_bb is done.




[ARKADE BB START] Basic Block is detected -> event_bb_insert is called.

	Instruction: mov    0x08(%rcx)[8byte] -> %rbp
	Instruction: mov    (%rax)[8byte] -> %r11
	Instruction: add    %rbp %r11 -> %r11
	Instruction: cmp    %rbx %r11
	Instruction: jb     $0x00007f43bd4fc7b0
[ARKADE BB END] handling event_bb is done.




[ARKADE BB START] Basic Block is detected -> event_bb_insert is called.

	Instruction: data16 test   %di %di
	Instruction: jz     $0x00007f43bd4fc908
[ARKADE BB END] handling event_bb is done.




[ARKADE BB START] Basic Block is detected -> event_bb_insert is called.

	Instruction: mov    0x10(%rcx)[8byte] -> %rdi
	Instruction: test   %rdi %rdi
	Instruction: jnz    $0x00007f43bd4fc911
[ARKADE BB END] handling event_bb is done.




[ARKADE BB START] Basic Block is detected -> event_bb_insert is called.

	Instruction: add    %rdi %r11 -> %r11
	Instruction: cmp    %rbx %r11
	Instruction: jnb    $0x00007f43bd4fc7b0
[ARKADE BB END] handling event_bb is done.




[ARKADE BB START] Basic Block is detected -> event_bb_insert is called.

	Instruction: add    $0x0000000000000004 %rdx -> %rdx
	Instruction: test   0xfffffffc(%rdx)[1byte] $0x01
	Instruction: jnz    $0x00007f43bd4fc740
[ARKADE BB END] handling event_bb is done.




[ARKADE BB START] Basic Block is detected -> event_bb_insert is called.

	Instruction: mov    %rdx -> %rcx
	Instruction: sub    %r8 %rcx -> %rcx
	Instruction: sar    $0x0000000000000002 %rcx -> %rcx
	Instruction: mov    %ecx -> %ecx
	Instruction: lea    (%rcx,%rcx,2) -> %rcx
	Instruction: lea    (%r9,%rcx,8) -> %rcx
	Instruction: movzx  0x06(%rcx)[2byte] -> %edi
	Instruction: data16 test   %di %di
	Instruction: jz     $0x00007f43bd4fc768
[ARKADE BB END] handling event_bb is done.




[ARKADE BB START] Basic Block is detected -> event_bb_insert is called.

	Instruction: data16 cmp    %di $0xfff1
	Instruction: jz     $0x00007f43bd4fc7b0
[ARKADE BB END] handling event_bb is done.




[ARKADE BB START] Basic Block is detected -> event_bb_insert is called.

	Instruction: jmp    $0x00007f43bd4fc76f
[ARKADE BB END] handling event_bb is done.




[ARKADE BB START] Basic Block is detected -> event_bb_insert is called.

	Instruction: mov    %r10 -> %rdx
	Instruction: cmp    %r10 %rsi
	Instruction: jz     $0x00007f43bd4fc7e8
[ARKADE BB END] handling event_bb is done.




[ARKADE BB START] Basic Block is detected -> event_bb_insert is called.

	Instruction: add    $0x0000000000000004 %r10 -> %r10
	Instruction: mov    (%rdx)[4byte] -> %edx
	Instruction: test   %edx %edx
	Instruction: jz     $0x00007f43bd4fc740
[ARKADE BB END] handling event_bb is done.




[ARKADE BB START] Basic Block is detected -> event_bb_insert is called.

	Instruction: mov    0x00000310(%rax)[8byte] -> %r8
	Instruction: lea    (%r8,%rdx,4) -> %rdx
	Instruction: jmp    $0x00007f43bd4fc7ba
[ARKADE BB END] handling event_bb is done.




[ARKADE BB START] Basic Block is detected -> event_bb_insert is called.

	Instruction: test   %r14 %r14
	Instruction: jz     $0x00007f43bd4fc7f0
[ARKADE BB END] handling event_bb is done.




[ARKADE BB START] Basic Block is detected -> event_bb_insert is called.

	Instruction: mov    %rax -> (%r14)[8byte]
	Instruction: mov    0x08(%rsp)[8byte] -> %rbx
	Instruction: test   %rbx %rbx
	Instruction: jz     $0x00007f43bd4fc7fd
[ARKADE BB END] handling event_bb is done.




[ARKADE BB START] Basic Block is detected -> event_bb_insert is called.

	Instruction: test   %r12 %r12
	Instruction: jz     $0x00007f43bd4fc940
[ARKADE BB END] handling event_bb is done.




[ARKADE BB START] Basic Block is detected -> event_bb_insert is called.

	Instruction: pxor   %xmm0 %xmm0 -> %xmm0
	Instruction: mov    $0x00000001 -> %r12d
	Instruction: movups %xmm0 -> 0x10(%r13)[16byte]
	Instruction: jmp    $0x00007f43bd4fc832
[ARKADE BB END] handling event_bb is done.




[ARKADE BB START] Basic Block is detected -> event_bb_insert is called.

	Instruction: lea    0x00000908(%r15) -> %rdi
	Instruction: call   0x00000f10(%r15)[8byte] %rsp -> %rsp 0xfffffff8(%rsp)[8byte]
[ARKADE BB END] handling event_bb is done.




[ARKADE BB START] Basic Block is detected -> event_bb_insert is called.

	Instruction: add    $0x0000000000000028 %rsp -> %rsp
	Instruction: mov    %r12d -> %eax
	Instruction: pop    %rsp (%rsp)[8byte] -> %rbx %rsp
	Instruction: pop    %rsp (%rsp)[8byte] -> %rbp %rsp
	Instruction: pop    %rsp (%rsp)[8byte] -> %r12 %rsp
	Instruction: pop    %rsp (%rsp)[8byte] -> %r13 %rsp
	Instruction: pop    %rsp (%rsp)[8byte] -> %r14 %rsp
	Instruction: pop    %rsp (%rsp)[8byte] -> %r15 %rsp
	Instruction: ret    %rsp (%rsp)[8byte] -> %rsp
[ARKADE BB END] handling event_bb is done.




[ARKADE BB START] Basic Block is detected -> event_bb_insert is called.

	Instruction: test   %eax %eax
	Instruction: jz     $0x00007f43bd43608e
[ARKADE BB END] handling event_bb is done.




[ARKADE BB START] Basic Block is detected -> event_bb_insert is called.

	Instruction: mov    (%rsp)[8byte] -> %rax
	Instruction: cmp    0x30(%rax)[8byte] $0x0000000000000000
	Instruction: jnz    $0x00007f43bd43607d
[ARKADE BB END] handling event_bb is done.




[ARKADE BB START] Basic Block is detected -> event_bb_insert is called.

	Instruction: jmp    $0x00007f43bd43608e
[ARKADE BB END] handling event_bb is done.




[ARKADE BB START] Basic Block is detected -> event_bb_insert is called.

	Instruction: lea    <rel> 0x00007f43bd589b80 -> %rcx
	Instruction: mov    <rel> 0x00007f43bd588d70[8byte] -> %rax
	Instruction: lea    0x60(%rcx) -> %rdx
	Instruction: mov    %rcx -> %fs:(%rax)[8byte]
	Instruction: mov    %rdx -> %rax
	Instruction: add    $0x0000000000000850 %rcx -> %rcx
	Instruction: data16 nop
	Instruction: movd   %rax -> %xmm0
	Instruction: add    $0x0000000000000010 %rax -> %rax
	Instruction: punpcklqdq %xmm0 %xmm0 -> %xmm0
	Instruction: movaps %xmm0 -> (%rax)[16byte]
	Instruction: cmp    %rcx %rax
	Instruction: jnz    $0x00007f43bd4360b0
[ARKADE BB END] handling event_bb is done.




[ARKADE BB START] Basic Block is detected -> event_bb_insert is called.

	Instruction: movd   %rax -> %xmm0
	Instruction: add    $0x0000000000000010 %rax -> %rax
	Instruction: punpcklqdq %xmm0 %xmm0 -> %xmm0
	Instruction: movaps %xmm0 -> (%rax)[16byte]
	Instruction: cmp    %rcx %rax
	Instruction: jnz    $0x00007f43bd4360b0
[ARKADE BB END] handling event_bb is done.




[ARKADE BB START] Basic Block is detected -> event_bb_insert is called.

	Instruction: movd   %rax -> %xmm0
	Instruction: add    $0x0000000000000010 %rax -> %rax
	Instruction: punpcklqdq %xmm0 %xmm0 -> %xmm0
	Instruction: movaps %xmm0 -> (%rax)[16byte]
	Instruction: cmp    %rcx %rax
	Instruction: jnz    $0x00007f43bd4360b0
[ARKADE BB END] handling event_bb is done.




[ARKADE BB START] Basic Block is detected -> event_bb_insert is called.

	Instruction: mov    $0x0000000000000080 -> <rel> 0x00007f43bd58bea0[8byte]
	Instruction: lea    0x08(%rsp) -> %rbp
	Instruction: mov    $0x00000019 -> %edi
	Instruction: mov    $0x00000000 -> <rel> 0x00007f43bd589b88[4byte]
	Instruction: mov    %rdx -> <rel> 0x00007f43bd589be0[8byte]
	Instruction: mov    %rbp -> %rsi
	Instruction: lea    <rel> 0x00007f43bd433180 -> %rdx
	Instruction: call   $0x00007f43bd3bf450 %rsp -> %rsp 0xfffffff8(%rsp)[8byte]
[ARKADE BB END] handling event_bb is done.




[ARKADE BB START] Basic Block is detected -> event_bb_insert is called.

	Instruction: nop    %edx
	Instruction: jmp    <rel> 0x00007f43bd5890a0[8byte]
[ARKADE BB END] handling event_bb is done.




[ARKADE BB START] Basic Block is detected -> event_bb_insert is called.

	Instruction: nop    %edx
	Instruction: push   $0x0000000000000004 %rsp -> %rsp 0xfffffff8(%rsp)[8byte]
	Instruction: jmp    $0x00007f43bd3bf000
[ARKADE BB END] handling event_bb is done.




[ARKADE BB START] Basic Block is detected -> event_bb_insert is called.

	Instruction: mov    %eax -> (%rsi)[4byte]
	Instruction: lea    0x00(,%rdi,8) -> %rax
	Instruction: sub    %rdi %rax -> %rax
	Instruction: cmp    0x28(%rcx,%rax,8)[1byte] $0x00
	Instruction: lea    0x00(,%rax,8) -> %rsi
	Instruction: jz     $0x00007f43bd9a9640
[ARKADE BB END] handling event_bb is done.




[ARKADE BB START] Basic Block is detected -> event_bb_insert is called.

	Instruction: lea    <rel> 0x00007f43bd4321d0 -> %rdx
	Instruction: mov    %rbp -> %rsi
	Instruction: mov    $0x00000008 -> %edi
	Instruction: call   $0x00007f43bd3bf450 %rsp -> %rsp 0xfffffff8(%rsp)[8byte]
[ARKADE BB END] handling event_bb is done.




[ARKADE BB START] Basic Block is detected -> event_bb_insert is called.

	Instruction: lea    <rel> 0x00007f43bd432240 -> %rdx
	Instruction: mov    %rbp -> %rsi
	Instruction: mov    $0x00000002 -> %edi
	Instruction: call   $0x00007f43bd3bf450 %rsp -> %rsp 0xfffffff8(%rsp)[8byte]
[ARKADE BB END] handling event_bb is done.




[ARKADE BB START] Basic Block is detected -> event_bb_insert is called.

	Instruction: lea    <rel> 0x00007f43bd4321f0 -> %rdx
	Instruction: mov    %rbp -> %rsi
	Instruction: mov    $0x00000013 -> %edi
	Instruction: call   $0x00007f43bd3bf450 %rsp -> %rsp 0xfffffff8(%rsp)[8byte]
[ARKADE BB END] handling event_bb is done.




[ARKADE BB START] Basic Block is detected -> event_bb_insert is called.

	Instruction: lea    <rel> 0x00007f43bd4321b0 -> %rdx
	Instruction: mov    %rbp -> %rsi
	Instruction: mov    $0x00000001 -> %edi
	Instruction: call   $0x00007f43bd3bf450 %rsp -> %rsp 0xfffffff8(%rsp)[8byte]
[ARKADE BB END] handling event_bb is done.




[ARKADE BB START] Basic Block is detected -> event_bb_insert is called.

	Instruction: lea    <rel> 0x00007f43bd432220 -> %rdx
	Instruction: mov    %rbp -> %rsi
	Instruction: mov    $0x0000000c -> %edi
	Instruction: call   $0x00007f43bd3bf450 %rsp -> %rsp 0xfffffff8(%rsp)[8byte]
[ARKADE BB END] handling event_bb is done.




[ARKADE BB START] Basic Block is detected -> event_bb_insert is called.

	Instruction: lea    <rel> 0x00007f43bd431e20 -> %rdx
	Instruction: mov    %rbp -> %rsi
	Instruction: mov    $0x00000012 -> %edi
	Instruction: call   $0x00007f43bd3bf450 %rsp -> %rsp 0xfffffff8(%rsp)[8byte]
[ARKADE BB END] handling event_bb is done.




[ARKADE BB START] Basic Block is detected -> event_bb_insert is called.

	Instruction: lea    <rel> 0x00007f43bd431e30 -> %rdx
	Instruction: mov    %rbp -> %rsi
	Instruction: mov    $0x00000016 -> %edi
	Instruction: call   $0x00007f43bd3bf450 %rsp -> %rsp 0xfffffff8(%rsp)[8byte]
[ARKADE BB END] handling event_bb is done.




[ARKADE BB START] Basic Block is detected -> event_bb_insert is called.

	Instruction: lea    <rel> 0x00007f43bd431e40 -> %rdx
	Instruction: mov    %rbp -> %rsi
	Instruction: mov    $0x00000018 -> %edi
	Instruction: call   $0x00007f43bd3bf450 %rsp -> %rsp 0xfffffff8(%rsp)[8byte]
[ARKADE BB END] handling event_bb is done.




[ARKADE BB START] Basic Block is detected -> event_bb_insert is called.

	Instruction: lea    <rel> 0x00007f43bd431e80 -> %rdx
	Instruction: mov    %rbp -> %rsi
	Instruction: mov    $0x00000015 -> %edi
	Instruction: call   $0x00007f43bd3bf450 %rsp -> %rsp 0xfffffff8(%rsp)[8byte]
[ARKADE BB END] handling event_bb is done.




[ARKADE BB START] Basic Block is detected -> event_bb_insert is called.

	Instruction: lea    <rel> 0x00007f43bd431ea0 -> %rdx
	Instruction: mov    %rbp -> %rsi
	Instruction: mov    $0x0000000e -> %edi
	Instruction: call   $0x00007f43bd3bf450 %rsp -> %rsp 0xfffffff8(%rsp)[8byte]
[ARKADE BB END] handling event_bb is done.




[ARKADE BB START] Basic Block is detected -> event_bb_insert is called.

	Instruction: lea    <rel> 0x00007f43bd432250 -> %rdx
	Instruction: mov    %rbp -> %rsi
	Instruction: mov    $0x00000006 -> %edi
	Instruction: call   $0x00007f43bd3bf450 %rsp -> %rsp 0xfffffff8(%rsp)[8byte]
[ARKADE BB END] handling event_bb is done.




[ARKADE BB START] Basic Block is detected -> event_bb_insert is called.

	Instruction: mov    <rel> 0x00007f43bd588e68[8byte] -> %rax
	Instruction: mov    (%rax)[8byte] -> %rax
	Instruction: test   %rax %rax
	Instruction: jz     $0x00007f43bd4361e7
[ARKADE BB END] handling event_bb is done.




[ARKADE BB START] Basic Block is detected -> event_bb_insert is called.

	Instruction: mov    $0x00000001 -> <rel> 0x00007f43bd589264[4byte]
	Instruction: mov    0x38(%rsp)[8byte] -> %rax
	Instruction: xor    %fs:0x28[8byte] %rax -> %rax
	Instruction: jnz    $0x00007f43bd436242
[ARKADE BB END] handling event_bb is done.




[ARKADE BB START] Basic Block is detected -> event_bb_insert is called.

	Instruction: add    $0x0000000000000040 %rsp -> %rsp
	Instruction: pop    %rsp (%rsp)[8byte] -> %rbp %rsp
	Instruction: ret    %rsp (%rsp)[8byte] -> %rsp
[ARKADE BB END] handling event_bb is done.




[ARKADE BB START] Basic Block is detected -> event_bb_insert is called.

	Instruction: mov    (%rbx)[8byte] -> %rax
	Instruction: test   %rax %rax
	Instruction: jnz    $0x00007f43bd436c7b
[ARKADE BB END] handling event_bb is done.




[ARKADE BB START] Basic Block is detected -> event_bb_insert is called.

	Instruction: test   %rbp %rbp
	Instruction: js     $0x00007f43bd436ca0
[ARKADE BB END] handling event_bb is done.




[ARKADE BB START] Basic Block is detected -> event_bb_insert is called.

	Instruction: lea    0x17(%rbp) -> %rax
	Instruction: xor    %ebx %ebx -> %ebx
	Instruction: cmp    %rax $0x000000000000001f
	Instruction: jnbe   $0x00007f43bd436be0
[ARKADE BB END] handling event_bb is done.




[ARKADE BB START] Basic Block is detected -> event_bb_insert is called.

	Instruction: mov    <rel> 0x00007f43bd588d78[8byte] -> %r12
	Instruction: mov    %fs:(%r12)[8byte] -> %rax
	Instruction: test   %rax %rax
	Instruction: jz     $0x00007f43bd436bf8
[ARKADE BB END] handling event_bb is done.




[ARKADE BB START] Basic Block is detected -> event_bb_insert is called.

	Instruction: mov    <rel> 0x00007f43bd588d80[8byte] -> %rax
	Instruction: cmp    %fs:(%rax)[1byte] $0x00
	Instruction: jnz    $0x00007f43bd436b83
[ARKADE BB END] handling event_bb is done.




[ARKADE BB START] Basic Block is detected -> event_bb_insert is called.

	Instruction: call   $0x00007f43bd435940 %rsp -> %rsp 0xfffffff8(%rsp)[8byte]
[ARKADE BB END] handling event_bb is done.




[ARKADE BB START] Basic Block is detected -> event_bb_insert is called.

	Instruction: mov    <rel> 0x00007f43bd588d70[8byte] -> %rax
	Instruction: push   %rbp %rsp -> %rsp 0xfffffff8(%rsp)[8byte]
	Instruction: mov    %fs:(%rax)[8byte] -> %rbp
	Instruction: test   %rbp %rbp
	Instruction: jz     $0x00007f43bd4359e0
[ARKADE BB END] handling event_bb is done.




[ARKADE BB START] Basic Block is detected -> event_bb_insert is called.

	Instruction: mov    %fs:0x18[4byte] -> %eax
	Instruction: test   %eax %eax
	Instruction: jnz    $0x00007f43bd435a50
[ARKADE BB END] handling event_bb is done.




[ARKADE BB START] Basic Block is detected -> event_bb_insert is called.

	Instruction: mov    $0x00000001 -> %edx
	Instruction: cmpxchg %edx 0x00(%rbp)[4byte] %eax -> 0x00(%rbp)[4byte] %eax
	Instruction: mov    $0x00000280 -> %esi
	Instruction: mov    %rbp -> %rdi
	Instruction: call   $0x00007f43bd434a70 %rsp -> %rsp 0xfffffff8(%rsp)[8byte]
[ARKADE BB END] handling event_bb is done.




[ARKADE BB START] Basic Block is detected -> event_bb_insert is called.

	Instruction: test   %rsi %rsi
	Instruction: js     $0x00007f43bd435090
[ARKADE BB END] handling event_bb is done.




[ARKADE BB START] Basic Block is detected -> event_bb_insert is called.

	Instruction: push   %r15 %rsp -> %rsp 0xfffffff8(%rsp)[8byte]
	Instruction: lea    0x17(%rsi) -> %rax
	Instruction: push   %r14 %rsp -> %rsp 0xfffffff8(%rsp)[8byte]
	Instruction: push   %r13 %rsp -> %rsp 0xfffffff8(%rsp)[8byte]
	Instruction: push   %r12 %rsp -> %rsp 0xfffffff8(%rsp)[8byte]
	Instruction: push   %rbp %rsp -> %rsp 0xfffffff8(%rsp)[8byte]
	Instruction: mov    %rsi -> %rbp
	Instruction: push   %rbx %rsp -> %rsp 0xfffffff8(%rsp)[8byte]
	Instruction: mov    %rdi -> %rbx
	Instruction: sub    $0x0000000000000088 %rsp -> %rsp
	Instruction: cmp    %rax $0x000000000000001f
	Instruction: jnbe   $0x00007f43bd434ba0
[ARKADE BB END] handling event_bb is done.




[ARKADE BB START] Basic Block is detected -> event_bb_insert is called.

	Instruction: and    $0xfffffffffffffff0 %rax -> %rax
	Instruction: mov    %rax -> %r13
	Instruction: test   %rdi %rdi
	Instruction: jz     $0x00007f43bd4350be
[ARKADE BB END] handling event_bb is done.




[ARKADE BB START] Basic Block is detected -> event_bb_insert is called.

	Instruction: mov    %eax -> %r14d
	Instruction: shr    $0x00000004 %r14d -> %r14d
	Instruction: cmp    %rax <rel> 0x00007f43bd58bea0[8byte]
	Instruction: jbe    $0x00007f43bd434e30
[ARKADE BB END] handling event_bb is done.




[ARKADE BB START] Basic Block is detected -> event_bb_insert is called.

	Instruction: cmp    %rax $0x00000000000003ff
	Instruction: jbe    $0x00007f43bd434dc0
[ARKADE BB END] handling event_bb is done.




[ARKADE BB START] Basic Block is detected -> event_bb_insert is called.

	Instruction: lea    0xfffffffe(%r14,%r14) -> %eax
	Instruction: lea    0x70(,%rax,8) -> %rax
	Instruction: jmp    $0x00007f43bd434ac6
[ARKADE BB END] handling event_bb is done.




[ARKADE BB START] Basic Block is detected -> event_bb_insert is called.

	Instruction: add    %rbx %rax -> %rax
	Instruction: mov    0x08(%rax)[8byte] -> %r8
	Instruction: lea    0xfffffff0(%rax) -> %rcx
	Instruction: cmp    %rcx %r8
	Instruction: jz     $0x00007f43bd434e48
[ARKADE BB END] handling event_bb is done.




[ARKADE BB START] Basic Block is detected -> event_bb_insert is called.

	Instruction: mov    %r13 -> %rax
	Instruction: mov    %r13 -> %rdi
	Instruction: mov    %r14d -> 0x28(%rsp)[4byte]
	Instruction: shr    $0x0000000000000006 %rax -> %rax
	Instruction: shr    $0x0000000000000009 %rdi -> %rdi
	Instruction: mov    $0x0000006e -> 0x70(%rsp)[4byte]
	Instruction: mov    %rax -> 0x40(%rsp)[8byte]
	Instruction: add    $0x00000030 %eax -> %eax
	Instruction: mov    %rdi -> 0x50(%rsp)[8byte]
	Instruction: add    $0x0000005b %edi -> %edi
	Instruction: mov    %edi -> 0x74(%rsp)[4byte]
	Instruction: mov    %eax -> 0x4c(%rsp)[4byte]
	Instruction: mov    $0x00000077 -> 0x6c(%rsp)[4byte]
	Instruction: mov    $0x0000007c -> 0x68(%rsp)[4byte]
	Instruction: mov    $0x0000000000000000 -> 0x60(%rsp)[8byte]
	Instruction: mov    $0x0000000000000000 -> 0x58(%rsp)[8byte]
	Instruction: lea    0xffffffef(%r13) -> %rax
	Instruction: mov    <rel> 0x00007f43bd588d78[8byte] -> %r12
	Instruction: shr    $0x0000000000000004 %rax -> %rax
	Instruction: mov    %rax -> %r15
	Instruction: xor    %eax %eax -> %eax
	Instruction: mov    %rax -> 0x08(%rsp)[8byte]
	Instruction: cmp    %fs:(%r12)[8byte] $0x0000000000000000
	Instruction: jz     $0x00007f43bd434ece
[ARKADE BB END] handling event_bb is done.




[ARKADE BB START] Basic Block is detected -> event_bb_insert is called.

	Instruction: mov    $0x0000000000000000 -> (%rsp)[8byte]
	Instruction: lea    0x60(%rbx) -> %r11
	Instruction: mov    %rbp -> 0x20(%rsp)[8byte]
	Instruction: mov    %r14d -> 0x48(%rsp)[4byte]
	Instruction: mov    %r12 -> %r14
	Instruction: mov    0x78(%rbx)[8byte] -> %rsi
	Instruction: cmp    %rsi %r11
	Instruction: jz     $0x00007f43bd435238
[ARKADE BB END] handling event_bb is done.




[ARKADE BB START] Basic Block is detected -> event_bb_insert is called.

	Instruction: cmp    %r13 $0x00000000000003ff
	Instruction: jbe    $0x00007f43bd435264
[ARKADE BB END] handling event_bb is done.




[ARKADE BB START] Basic Block is detected -> event_bb_insert is called.

	Instruction: mov    0x28(%rsp)[4byte] -> %eax
	Instruction: lea    0x01(%rax) -> %ecx
	Instruction: add    %eax %eax -> %eax
	Instruction: mov    %ecx -> %edi
	Instruction: lea    0x60(%rbx,%rax,8) -> %rdx
	Instruction: shr    $0x00000005 %edi -> %edi
	Instruction: mov    %edi -> %eax
	Instruction: mov    0x00000860(%rbx,%rax,4)[4byte] -> %esi
	Instruction: mov    $0x00000001 -> %eax
	Instruction: shl    %cl %eax -> %eax
	Instruction: data16 nop    0x00000000(%rax,%rax)[4byte]
	Instruction: cmp    %eax %esi
	Instruction: jnbe   $0x00007f43bd435440
[ARKADE BB END] handling event_bb is done.




[ARKADE BB START] Basic Block is detected -> event_bb_insert is called.

	Instruction: lea    0x01(%rdi) -> %eax
	Instruction: cmp    %edi $0x00000003
	Instruction: jz     $0x00007f43bd435485
[ARKADE BB END] handling event_bb is done.




[ARKADE BB START] Basic Block is detected -> event_bb_insert is called.

	Instruction: mov    %eax -> %edx
	Instruction: mov    0x00000860(%rbx,%rdx,4)[4byte] -> %esi
	Instruction: test   %esi %esi
	Instruction: jnz    $0x00007f43bd435695
[ARKADE BB END] handling event_bb is done.




[ARKADE BB START] Basic Block is detected -> event_bb_insert is called.

	Instruction: lea    0x02(%rdi) -> %eax
	Instruction: cmp    %edi $0x00000002
	Instruction: jz     $0x00007f43bd435485
[ARKADE BB END] handling event_bb is done.




[ARKADE BB START] Basic Block is detected -> event_bb_insert is called.

	Instruction: mov    %eax -> %edx
	Instruction: mov    0x00000860(%rbx,%rdx,4)[4byte] -> %esi
	Instruction: test   %esi %esi
	Instruction: jnz    $0x00007f43bd435695
[ARKADE BB END] handling event_bb is done.




[ARKADE BB START] Basic Block is detected -> event_bb_insert is called.

	Instruction: cmp    %edi $0x00000001
	Instruction: jz     $0x00007f43bd435485
[ARKADE BB END] handling event_bb is done.




[ARKADE BB START] Basic Block is detected -> event_bb_insert is called.

	Instruction: mov    0x60(%rbx)[8byte] -> %r8
	Instruction: mov    0x08(%r8)[8byte] -> %rax
	Instruction: and    $0xfffffffffffffff8 %rax -> %rax
	Instruction: cmp    0x00000888(%rbx)[8byte] %rax
	Instruction: jb     $0x00007f43bd4356ae
[ARKADE BB END] handling event_bb is done.




[ARKADE BB START] Basic Block is detected -> event_bb_insert is called.

	Instruction: lea    0x20(%r13) -> %rdx
	Instruction: cmp    %rdx %rax
	Instruction: jbe    $0x00007f43bd435705
[ARKADE BB END] handling event_bb is done.




[ARKADE BB START] Basic Block is detected -> event_bb_insert is called.

	Instruction: mov    %r11 -> 0x10(%rsp)[8byte]
	Instruction: mov    0x08(%rbx)[4byte] -> %eax
	Instruction: test   %eax %eax
	Instruction: jz     $0x00007f43bd435783
[ARKADE BB END] handling event_bb is done.




[ARKADE BB START] Basic Block is detected -> event_bb_insert is called.

	Instruction: mov    %rbx -> %rsi
	Instruction: mov    %r13 -> %rdi
	Instruction: mov    0x20(%rsp)[8byte] -> %rbp
	Instruction: call   $0x00007f43bd434200 %rsp -> %rsp 0xfffffff8(%rsp)[8byte]
[ARKADE BB END] handling event_bb is done.




[ARKADE BB START] Basic Block is detected -> event_bb_insert is called.

	Instruction: push   %r15 %rsp -> %rsp 0xfffffff8(%rsp)[8byte]
	Instruction: push   %r14 %rsp -> %rsp 0xfffffff8(%rsp)[8byte]
	Instruction: push   %r13 %rsp -> %rsp 0xfffffff8(%rsp)[8byte]
	Instruction: push   %r12 %rsp -> %rsp 0xfffffff8(%rsp)[8byte]
	Instruction: push   %rbp %rsp -> %rsp 0xfffffff8(%rsp)[8byte]
	Instruction: mov    %rdi -> %rbp
	Instruction: push   %rbx %rsp -> %rsp 0xfffffff8(%rsp)[8byte]
	Instruction: sub    $0x0000000000000048 %rsp -> %rsp
	Instruction: mov    <rel> 0x00007f43bd588e60[8byte] -> %rax
	Instruction: mov    0x18(%rax)[8byte] -> %r13
	Instruction: test   %rsi %rsi
	Instruction: jz     $0x00007f43bd434480
[ARKADE BB END] handling event_bb is done.




[ARKADE BB START] Basic Block is detected -> event_bb_insert is called.

	Instruction: cmp    <rel> 0x00007f43bd589290[8byte] %rdi
	Instruction: mov    %rsi -> %rbx
	Instruction: jbe    $0x00007f43bd434390
[ARKADE BB END] handling event_bb is done.




[ARKADE BB START] Basic Block is detected -> event_bb_insert is called.

	Instruction: mov    $0x00 -> 0x18(%rsp)[1byte]
	Instruction: lea    0x60(%rbx) -> %rax
	Instruction: mov    %r13 -> %r11
	Instruction: neg    %r11 -> %r11
	Instruction: mov    %rax -> 0x08(%rsp)[8byte]
	Instruction: lea    0x07(%r13,%rbp) -> %rax
	Instruction: and    %r11 %rax -> %rax
	Instruction: mov    %r11 -> 0x10(%rsp)[8byte]
	Instruction: mov    %rax -> 0x20(%rsp)[8byte]
	Instruction: mov    0x60(%rbx)[8byte] -> %r14
	Instruction: mov    0x08(%r14)[8byte] -> %rax
	Instruction: mov    %rax -> %r12
	Instruction: and    $0xfffffffffffffff8 %r12 -> %r12
	Instruction: lea    (%r14,%r12) -> %r10
	Instruction: cmp    %r14 0x08(%rsp)[8byte]
	Instruction: jnz    $0x00007f43bd43427a
[ARKADE BB END] handling event_bb is done.




[ARKADE BB START] Basic Block is detected -> event_bb_insert is called.

	Instruction: test   %r12 %r12
	Instruction: jz     $0x00007f43bd434299
[ARKADE BB END] handling event_bb is done.




[ARKADE BB START] Basic Block is detected -> event_bb_insert is called.

	Instruction: lea    0x20(%rbp) -> %r15
	Instruction: cmp    %r15 %r12
	Instruction: jbe    $0x00007f43bd43493f
[ARKADE BB END] handling event_bb is done.




[ARKADE BB START] Basic Block is detected -> event_bb_insert is called.

	Instruction: lea    <rel> 0x00007f43bd589b80 -> %rax
	Instruction: cmp    %rbx %rax
	Instruction: jz     $0x00007f43bd434528
[ARKADE BB END] handling event_bb is done.




[ARKADE BB START] Basic Block is detected -> event_bb_insert is called.

	Instruction: lea    0xffffffff(%r13) -> %rax
	Instruction: mov    %r13 -> %r11
	Instruction: mov    %rax -> 0x08(%rsp)[8byte]
	Instruction: mov    <rel> 0x00007f43bd589288[8byte] -> %rax
	Instruction: neg    %r11 -> %r11
	Instruction: lea    0x1f(%r13,%rax) -> %rsi
	Instruction: add    %rbp %rsi -> %rsi
	Instruction: test   0x04(%rbx)[1byte] $0x02
	Instruction: jnz    $0x00007f43bd4345f0
[ARKADE BB END] handling event_bb is done.




[ARKADE BB START] Basic Block is detected -> event_bb_insert is called.

	Instruction: sub    %r12 %rsi -> %rsi
	Instruction: and    %r11 %rsi -> %rsi
	Instruction: mov    %rsi -> %r13
	Instruction: jle    $0x00007f43bd4346e5
[ARKADE BB END] handling event_bb is done.




[ARKADE BB START] Basic Block is detected -> event_bb_insert is called.

	Instruction: mov    <rel> 0x00007f43bd588dc0[8byte] -> %rax
	Instruction: mov    %r11 -> 0x18(%rsp)[8byte]
	Instruction: mov    %r13 -> %rdi
	Instruction: mov    %r10 -> 0x10(%rsp)[8byte]
	Instruction: call   (%rax)[8byte] %rsp -> %rsp 0xfffffff8(%rsp)[8byte]
[ARKADE BB END] handling event_bb is done.




[ARKADE BB START] Basic Block is detected -> event_bb_insert is called.

	Instruction: nop    %edx
	Instruction: sub    $0x0000000000000008 %rsp -> %rsp
	Instruction: call   $0x00007f43bd4b1500 %rsp -> %rsp 0xfffffff8(%rsp)[8byte]
[ARKADE BB END] handling event_bb is done.




[ARKADE BB START] Basic Block is detected -> event_bb_insert is called.

	Instruction: nop    %edx
	Instruction: push   %r12 %rsp -> %rsp 0xfffffff8(%rsp)[8byte]
	Instruction: push   %rbp %rsp -> %rsp 0xfffffff8(%rsp)[8byte]
	Instruction: mov    <rel> 0x00007f43bd588ec8[8byte] -> %rbp
	Instruction: push   %rbx %rsp -> %rsp 0xfffffff8(%rsp)[8byte]
	Instruction: mov    %rdi -> %rbx
	Instruction: mov    0x00(%rbp)[8byte] -> %r12
	Instruction: test   %r12 %r12
	Instruction: jz     $0x00007f43bd4b1560
[ARKADE BB END] handling event_bb is done.




[ARKADE BB START] Basic Block is detected -> event_bb_insert is called.

	Instruction: xor    %edi %edi -> %edi
	Instruction: call   $0x00007f43bd4b14a0 %rsp -> %rsp 0xfffffff8(%rsp)[8byte]
[ARKADE BB END] handling event_bb is done.




[ARKADE BB START] Basic Block is detected -> event_bb_insert is called.

	Instruction: nop    %edx
	Instruction: mov    $0x0000000c -> %eax
	Instruction: syscall  -> %rcx %r11
[ARKADE BB END] handling event_bb is done.




[ARKADE BB START] Basic Block is detected -> event_bb_insert is called.

	Instruction: cmp    %rax $0xfffffffffffff000
	Instruction: jnbe   $0x00007f43bd4b14c8
[ARKADE BB END] handling event_bb is done.




[ARKADE BB START] Basic Block is detected -> event_bb_insert is called.

	Instruction: mov    <rel> 0x00007f43bd588ec8[8byte] -> %rdx
	Instruction: mov    %rax -> (%rdx)[8byte]
	Instruction: cmp    %rdi %rax
	Instruction: jnbe   $0x00007f43bd4b14e8
[ARKADE BB END] handling event_bb is done.




[ARKADE BB START] Basic Block is detected -> event_bb_insert is called.

	Instruction: xor    %eax %eax -> %eax
	Instruction: ret    %rsp (%rsp)[8byte] -> %rsp
[ARKADE BB END] handling event_bb is done.




[ARKADE BB START] Basic Block is detected -> event_bb_insert is called.

	Instruction: test   %eax %eax
	Instruction: js     $0x00007f43bd4b1547
[ARKADE BB END] handling event_bb is done.




[ARKADE BB START] Basic Block is detected -> event_bb_insert is called.

	Instruction: mov    0x00(%rbp)[8byte] -> %r12
	Instruction: jmp    $0x00007f43bd4b1525
[ARKADE BB END] handling event_bb is done.




[ARKADE BB START] Basic Block is detected -> event_bb_insert is called.

	Instruction: test   %rbx %rbx
	Instruction: jz     $0x00007f43bd4b154e
[ARKADE BB END] handling event_bb is done.




[ARKADE BB START] Basic Block is detected -> event_bb_insert is called.

	Instruction: jle    $0x00007f43bd4b1578
[ARKADE BB END] handling event_bb is done.




[ARKADE BB START] Basic Block is detected -> event_bb_insert is called.

	Instruction: mov    %r12 -> %rax
	Instruction: add    %rbx %rax -> %rax
	Instruction: setb    -> %al
	Instruction: test   %al %al
	Instruction: jz     $0x00007f43bd4b1588
[ARKADE BB END] handling event_bb is done.




[ARKADE BB START] Basic Block is detected -> event_bb_insert is called.

	Instruction: lea    (%r12,%rbx) -> %rdi
	Instruction: call   $0x00007f43bd4b14a0 %rsp -> %rsp 0xfffffff8(%rsp)[8byte]
[ARKADE BB END] handling event_bb is done.




[ARKADE BB START] Basic Block is detected -> event_bb_insert is called.

	Instruction: test   %eax %eax
	Instruction: js     $0x00007f43bd4b1547
[ARKADE BB END] handling event_bb is done.




[ARKADE BB START] Basic Block is detected -> event_bb_insert is called.

	Instruction: mov    %r12 -> %rax
	Instruction: pop    %rsp (%rsp)[8byte] -> %rbx %rsp
	Instruction: pop    %rsp (%rsp)[8byte] -> %rbp %rsp
	Instruction: pop    %rsp (%rsp)[8byte] -> %r12 %rsp
	Instruction: ret    %rsp (%rsp)[8byte] -> %rsp
[ARKADE BB END] handling event_bb is done.




[ARKADE BB START] Basic Block is detected -> event_bb_insert is called.

	Instruction: mov    $0x00000000 -> %edx
	Instruction: cmp    %rax $0xffffffffffffffff
	Instruction: cmovz  %rdx -> %rax
	Instruction: add    $0x0000000000000008 %rsp -> %rsp
	Instruction: ret    %rsp (%rsp)[8byte] -> %rsp
[ARKADE BB END] handling event_bb is done.




[ARKADE BB START] Basic Block is detected -> event_bb_insert is called.

	Instruction: mov    %rax -> %r8
	Instruction: nop
	Instruction: test   %rax %rax
	Instruction: mov    0x10(%rsp)[8byte] -> %r10
	Instruction: mov    0x18(%rsp)[8byte] -> %r11
	Instruction: jz     $0x00007f43bd4346d8
[ARKADE BB END] handling event_bb is done.




[ARKADE BB START] Basic Block is detected -> event_bb_insert is called.

	Instruction: mov    <rel> 0x00007f43bd588ea8[8byte] -> %rax
	Instruction: mov    (%rax)[8byte] -> %rax
	Instruction: test   %rax %rax
	Instruction: jnz    $0x00007f43bd4348e0
[ARKADE BB END] handling event_bb is done.




[ARKADE BB START] Basic Block is detected -> event_bb_insert is called.

	Instruction: mov    <rel> 0x00007f43bd58a408[8byte] -> %rcx
	Instruction: mov    <rel> 0x00007f43bd5892c8[8byte] -> %rax
	Instruction: mov    $0x00000001 -> %edi
	Instruction: add    %r13 %rcx -> %rcx
	Instruction: test   %rax %rax
	Instruction: jz     $0x00007f43bd434702
[ARKADE BB END] handling event_bb is done.




[ARKADE BB START] Basic Block is detected -> event_bb_insert is called.

	Instruction: mov    %r8 -> <rel> 0x00007f43bd5892c8[8byte]
	Instruction: jmp    $0x00007f43bd4345c0
[ARKADE BB END] handling event_bb is done.




[ARKADE BB START] Basic Block is detected -> event_bb_insert is called.

	Instruction: mov    %rcx -> <rel> 0x00007f43bd58a408[8byte]
	Instruction: cmp    %r10 %r8
	Instruction: jnz    $0x00007f43bd434800
[ARKADE BB END] handling event_bb is done.




[ARKADE BB START] Basic Block is detected -> event_bb_insert is called.

	Instruction: test   <rel> 0x00007f43bd589b84[1byte] $0x02
	Instruction: jnz    $0x00007f43bd4349be
[ARKADE BB END] handling event_bb is done.




[ARKADE BB START] Basic Block is detected -> event_bb_insert is called.

	Instruction: test   %r12 %r12
	Instruction: jz     $0x00007f43bd434830
[ARKADE BB END] handling event_bb is done.




[ARKADE BB START] Basic Block is detected -> event_bb_insert is called.

	Instruction: mov    %r8 -> %rcx
	Instruction: and    $0x0000000f %ecx -> %ecx
	Instruction: jz     $0x00007f43bd4348a8
[ARKADE BB END] handling event_bb is done.




[ARKADE BB START] Basic Block is detected -> event_bb_insert is called.

	Instruction: mov    %r8 -> 0x10(%rsp)[8byte]
	Instruction: mov    %r12 -> %rax
	Instruction: jmp    $0x00007f43bd43484c
[ARKADE BB END] handling event_bb is done.




[ARKADE BB START] Basic Block is detected -> event_bb_insert is called.

	Instruction: lea    (%rax,%r13) -> %rsi
	Instruction: mov    0x08(%rsp)[8byte] -> %rdi
	Instruction: lea    (%r8,%rsi) -> %rdx
	Instruction: add    %rdx %rdi -> %rdi
	Instruction: sub    %rdx %rax -> %rax
	Instruction: and    %rdi %r11 -> %r11
	Instruction: lea    (%r11,%rax) -> %rdi
	Instruction: mov    %rdi -> %r13
	Instruction: test   %rdi %rdi
	Instruction: js     $0x00007f43bd4349ec
[ARKADE BB END] handling event_bb is done.




[ARKADE BB START] Basic Block is detected -> event_bb_insert is called.

	Instruction: mov    <rel> 0x00007f43bd588dc0[8byte] -> %rax
	Instruction: call   (%rax)[8byte] %rsp -> %rsp 0xfffffff8(%rsp)[8byte]
[ARKADE BB END] handling event_bb is done.




[ARKADE BB START] Basic Block is detected -> event_bb_insert is called.

	Instruction: mov    <rel> 0x00007f43bd5891a0[4byte] -> %eax
	Instruction: test   %eax %eax
	Instruction: jnz    $0x00007f43bd4b1560
[ARKADE BB END] handling event_bb is done.




[ARKADE BB START] Basic Block is detected -> event_bb_insert is called.

	Instruction: mov    %r12 -> %rax
	Instruction: pop    %rsp (%rsp)[8byte] -> %rbx %rsp
	Instruction: pop    %rsp (%rsp)[8byte] -> %rbp %rsp
	Instruction: pop    %rsp (%rsp)[8byte] -> %r12 %rsp
	Instruction: ret    %rsp (%rsp)[8byte] -> %rsp
[ARKADE BB END] handling event_bb is done.




[ARKADE BB START] Basic Block is detected -> event_bb_insert is called.

	Instruction: test   %rax %rax
	Instruction: jz     $0x00007f43bd4348b8
[ARKADE BB END] handling event_bb is done.




[ARKADE BB START] Basic Block is detected -> event_bb_insert is called.

	Instruction: mov    <rel> 0x00007f43bd588ea8[8byte] -> %rdx
	Instruction: mov    (%rdx)[8byte] -> %rdx
	Instruction: test   %rdx %rdx
	Instruction: jnz    $0x00007f43bd434900
[ARKADE BB END] handling event_bb is done.




[ARKADE BB START] Basic Block is detected -> event_bb_insert is called.

	Instruction: mov    <rel> 0x00007f43bd58a408[8byte] -> %rcx
	Instruction: mov    0x10(%rsp)[8byte] -> %r8
	Instruction: add    %r13 %rcx -> %rcx
	Instruction: jmp    $0x00007f43bd43478a
[ARKADE BB END] handling event_bb is done.




[ARKADE BB START] Basic Block is detected -> event_bb_insert is called.

	Instruction: sub    %r8 %rax -> %rax
	Instruction: mov    %r8 -> <rel> 0x00007f43bd589be0[8byte]
	Instruction: add    %r13 %rax -> %rax
	Instruction: or     $0x0000000000000001 %rax -> %rax
	Instruction: mov    %rax -> 0x08(%r8)[8byte]
	Instruction: mov    %rcx -> <rel> 0x00007f43bd58a408[8byte]
	Instruction: test   %r12 %r12
	Instruction: jz     $0x00007f43bd434329
[ARKADE BB END] handling event_bb is done.




[ARKADE BB START] Basic Block is detected -> event_bb_insert is called.

	Instruction: cmp    0x00000890(%rbx)[8byte] %rcx
	Instruction: jnb    $0x00007f43bd434339
[ARKADE BB END] handling event_bb is done.




[ARKADE BB START] Basic Block is detected -> event_bb_insert is called.

	Instruction: mov    %rcx -> 0x00000890(%rbx)[8byte]
	Instruction: mov    0x08(%r8)[8byte] -> %rax
	Instruction: and    $0xfffffffffffffff8 %rax -> %rax
	Instruction: cmp    %r15 %rax
	Instruction: jnbe   $0x00007f43bd434460
[ARKADE BB END] handling event_bb is done.




[ARKADE BB START] Basic Block is detected -> event_bb_insert is called.

	Instruction: mov    %rbp -> %rsi
	Instruction: lea    <rel> 0x00007f43bd589b80 -> %rdx
	Instruction: lea    (%r8,%rbp) -> %rcx
	Instruction: sub    %rbp %rax -> %rax
	Instruction: or     $0x0000000000000004 %rsi -> %rsi
	Instruction: cmp    %rbx %rdx
	Instruction: mov    %rcx -> 0x60(%rbx)[8byte]
	Instruction: cmovnz %rsi -> %rbp
	Instruction: or     $0x0000000000000001 %rax -> %rax
	Instruction: add    $0x0000000000000010 %r8 -> %r8
	Instruction: or     $0x0000000000000001 %rbp -> %rbp
	Instruction: mov    %rbp -> 0xfffffff8(%r8)[8byte]
	Instruction: mov    %rax -> 0x08(%rcx)[8byte]
	Instruction: add    $0x0000000000000048 %rsp -> %rsp
	Instruction: mov    %r8 -> %rax
	Instruction: pop    %rsp (%rsp)[8byte] -> %rbx %rsp
	Instruction: pop    %rsp (%rsp)[8byte] -> %rbp %rsp
	Instruction: pop    %rsp (%rsp)[8byte] -> %r12 %rsp
	Instruction: pop    %rsp (%rsp)[8byte] -> %r13 %rsp
	Instruction: pop    %rsp (%rsp)[8byte] -> %r14 %rsp
	Instruction: pop    %rsp (%rsp)[8byte] -> %r15 %rsp
	Instruction: ret    %rsp (%rsp)[8byte] -> %rsp
[ARKADE BB END] handling event_bb is done.




[ARKADE BB START] Basic Block is detected -> event_bb_insert is called.

	Instruction: mov    %rax -> %r8
	Instruction: test   %rax %rax
	Instruction: jz     $0x00007f43bd435418
[ARKADE BB END] handling event_bb is done.




[ARKADE BB START] Basic Block is detected -> event_bb_insert is called.

	Instruction: mov    <rel> 0x00007f43bd58be8c[4byte] -> %eax
	Instruction: test   %eax %eax
	Instruction: jz     $0x00007f43bd434e12
[ARKADE BB END] handling event_bb is done.




[ARKADE BB START] Basic Block is detected -> event_bb_insert is called.

	Instruction: add    $0x0000000000000088 %rsp -> %rsp
	Instruction: mov    %r8 -> %rax
	Instruction: pop    %rsp (%rsp)[8byte] -> %rbx %rsp
	Instruction: pop    %rsp (%rsp)[8byte] -> %rbp %rsp
	Instruction: pop    %rsp (%rsp)[8byte] -> %r12 %rsp
	Instruction: pop    %rsp (%rsp)[8byte] -> %r13 %rsp
	Instruction: pop    %rsp (%rsp)[8byte] -> %r14 %rsp
	Instruction: pop    %rsp (%rsp)[8byte] -> %r15 %rsp
	Instruction: ret    %rsp (%rsp)[8byte] -> %rsp
[ARKADE BB END] handling event_bb is done.




[ARKADE BB START] Basic Block is detected -> event_bb_insert is called.

	Instruction: mov    %rax -> %r8
	Instruction: test   %rax %rax
	Instruction: jz     $0x00007f43bd435a20
[ARKADE BB END] handling event_bb is done.




[ARKADE BB START] Basic Block is detected -> event_bb_insert is called.

	Instruction: mov    %fs:0x18[4byte] -> %eax
	Instruction: test   %eax %eax
	Instruction: jnz    $0x00007f43bd435a70
[ARKADE BB END] handling event_bb is done.




[ARKADE BB START] Basic Block is detected -> event_bb_insert is called.

	Instruction: sub    $0x00000001 0x00(%rbp)[4byte] -> 0x00(%rbp)[4byte]
	Instruction: test   %r8 %r8
	Instruction: jz     $0x00007f43bd4359d7
[ARKADE BB END] handling event_bb is done.




[ARKADE BB START] Basic Block is detected -> event_bb_insert is called.

	Instruction: mov    <rel> 0x00007f43bd588d78[8byte] -> %rax
	Instruction: lea    0x08(%r8) -> %rdi
	Instruction: and    $0xfffffffffffffff8 %rdi -> %rdi
	Instruction: mov    %r8 -> %fs:(%rax)[8byte]
	Instruction: xor    %eax %eax -> %eax
	Instruction: mov    $0x0000000000000000 -> (%r8)[8byte]
	Instruction: mov    $0x0000000000000000 -> 0x00000278(%r8)[8byte]
	Instruction: sub    %rdi %r8 -> %r8
	Instruction: lea    0x00000280(%r8) -> %ecx
	Instruction: shr    $0x00000003 %ecx -> %ecx
	Instruction: rep stos %rax %rdi %rcx -> %es:(%rdi)[8byte] %rdi %rcx
	Instruction: pop    %rsp (%rsp)[8byte] -> %rbp %rsp
	Instruction: ret    %rsp (%rsp)[8byte] -> %rsp
[ARKADE BB END] handling event_bb is done.




[ARKADE BB START] Basic Block is detected -> event_bb_insert is called.

	Instruction: cmp    <rel> 0x00007f43bd5892d0[8byte] %rbx
	Instruction: jbe    $0x00007f43bd436b83
[ARKADE BB END] handling event_bb is done.




[ARKADE BB START] Basic Block is detected -> event_bb_insert is called.

	Instruction: mov    %fs:(%r12)[8byte] -> %rax
	Instruction: test   %rax %rax
	Instruction: jz     $0x00007f43bd436b83
[ARKADE BB END] handling event_bb is done.




[ARKADE BB START] Basic Block is detected -> event_bb_insert is called.

	Instruction: nop    0x00000000(%rax)[4byte]
	Instruction: lea    (%rax,%rbx,2) -> %rcx
	Instruction: movzx  (%rcx)[2byte] -> %edx
	Instruction: data16 test   %dx %dx
	Instruction: jz     $0x00007f43bd436b83
[ARKADE BB END] handling event_bb is done.




[ARKADE BB START] Basic Block is detected -> event_bb_insert is called.

	Instruction: mov    %fs:0x18[4byte] -> %eax
	Instruction: test   %eax %eax
	Instruction: jnz    $0x00007f43bd436cc0
[ARKADE BB END] handling event_bb is done.




[ARKADE BB START] Basic Block is detected -> event_bb_insert is called.

	Instruction: mov    %rbp -> %rsi
	Instruction: lea    <rel> 0x00007f43bd589b80 -> %rdi
	Instruction: call   $0x00007f43bd434a70 %rsp -> %rsp 0xfffffff8(%rsp)[8byte]
[ARKADE BB END] handling event_bb is done.




[ARKADE BB START] Basic Block is detected -> event_bb_insert is called.

	Instruction: test   %rdi %rdi
	Instruction: jz     $0x00007f43bd4350b8
[ARKADE BB END] handling event_bb is done.




[ARKADE BB START] Basic Block is detected -> event_bb_insert is called.

	Instruction: cmp    <rel> 0x00007f43bd58bea0[8byte] $0x000000000000001f
	Instruction: jnbe   $0x00007f43bd434c90
[ARKADE BB END] handling event_bb is done.




[ARKADE BB START] Basic Block is detected -> event_bb_insert is called.

	Instruction: mov    $0x00000010 -> %ecx
	Instruction: mov    $0x00000002 -> %r14d
	Instruction: mov    $0x00000020 -> %r13d
	Instruction: xor    %eax %eax -> %eax
	Instruction: lea    (%rbx,%rax,8) -> %rsi
	Instruction: mov    0x10(%rsi)[8byte] -> %r8
	Instruction: test   %r8 %r8
	Instruction: jz     $0x00007f43bd434dc0
[ARKADE BB END] handling event_bb is done.




[ARKADE BB START] Basic Block is detected -> event_bb_insert is called.

	Instruction: cmp    <rel> 0x00007f43bd5892d0[8byte] %r15
	Instruction: cmovnbe %r13 -> %rax
	Instruction: mov    %rax -> 0x08(%rsp)[8byte]
	Instruction: mov    $0x0000000000000000 -> (%rsp)[8byte]
	Instruction: lea    0x60(%rbx) -> %r11
	Instruction: mov    %rbp -> 0x20(%rsp)[8byte]
	Instruction: mov    %r14d -> 0x48(%rsp)[4byte]
	Instruction: mov    %r12 -> %r14
	Instruction: mov    0x78(%rbx)[8byte] -> %rsi
	Instruction: cmp    %rsi %r11
	Instruction: jz     $0x00007f43bd435238
[ARKADE BB END] handling event_bb is done.




[ARKADE BB START] Basic Block is detected -> event_bb_insert is called.

	Instruction: mov    0x0000086c(%rbx)[4byte] -> %esi
	Instruction: test   %esi %esi
	Instruction: jnz    $0x00007f43bd4356df
[ARKADE BB END] handling event_bb is done.




[ARKADE BB START] Basic Block is detected -> event_bb_insert is called.

	Instruction: lea    <rel> 0x00007f43bd589b80 -> %rdx
	Instruction: sub    %r13 %rax -> %rax
	Instruction: lea    (%r8,%r13) -> %rcx
	Instruction: mov    0x20(%rsp)[8byte] -> %rbp
	Instruction: cmp    %rbx %rdx
	Instruction: mov    %rcx -> 0x60(%rbx)[8byte]
	Instruction: setnz   -> %dl
	Instruction: or     $0x0000000000000001 %rax -> %rax
	Instruction: add    $0x0000000000000010 %r8 -> %r8
	Instruction: movzx  %dl -> %edx
	Instruction: shl    $0x0000000000000002 %rdx -> %rdx
	Instruction: or     %r13 %rdx -> %rdx
	Instruction: or     $0x0000000000000001 %rdx -> %rdx
	Instruction: mov    %rdx -> 0xfffffff8(%r8)[8byte]
	Instruction: mov    %rax -> 0x08(%rcx)[8byte]
	Instruction: mov    <rel> 0x00007f43bd58be8c[4byte] -> %eax
	Instruction: test   %eax %eax
	Instruction: jz     $0x00007f43bd434e12
[ARKADE BB END] handling event_bb is done.




[ARKADE BB START] Basic Block is detected -> event_bb_insert is called.

	Instruction: mov    %rax -> %r8
	Instruction: test   %rax %rax
	Instruction: jz     $0x00007f43bd436c90
[ARKADE BB END] handling event_bb is done.




[ARKADE BB START] Basic Block is detected -> event_bb_insert is called.

	Instruction: mov    0xfffffff8(%rax)[8byte] -> %rax
	Instruction: test   %al $0x02
	Instruction: jnz    $0x00007f43bd436bd4
[ARKADE BB END] handling event_bb is done.




[ARKADE BB START] Basic Block is detected -> event_bb_insert is called.

	Instruction: test   %al $0x04
	Instruction: jz     $0x00007f43bd436bd4
[ARKADE BB END] handling event_bb is done.




[ARKADE BB START] Basic Block is detected -> event_bb_insert is called.

	Instruction: pop    %rsp (%rsp)[8byte] -> %rbx %rsp
	Instruction: mov    %r8 -> %rax
	Instruction: pop    %rsp (%rsp)[8byte] -> %rbp %rsp
	Instruction: pop    %rsp (%rsp)[8byte] -> %r12 %rsp
	Instruction: ret    %rsp (%rsp)[8byte] -> %rsp
[ARKADE BB END] handling event_bb is done.




[ARKADE BB START] Basic Block is detected -> event_bb_insert is called.

	Instruction: mov    %rax -> 0xfffffff8(%rbp)[8byte]
	Instruction: mov    0xfffffff8(%rbp)[8byte] -> %rax
	Instruction: leave  %rbp %rsp (%rbp)[8byte] -> %rsp %rbp
	Instruction: ret    %rsp (%rsp)[8byte] -> %rsp
[ARKADE BB END] handling event_bb is done.
[ARKADE MALLOC RETURN] Malloc (Nonuser Code) return base address: 0x00007f43b99c02a0, Size: 4, Active: true




[ARKADE BB START] Basic Block is detected -> event_bb_insert is called.

	Instruction: mov    %rax -> 0xfffffff8(%rbp)[8byte]
	Instruction: mov    $0x00000000 -> 0xfffffff0(%rbp)[4byte]
	Instruction: jmp    $0x00007f43b99bb1d4
[ARKADE BB END] handling event_bb is done.




[ARKADE BB START] Basic Block is detected -> event_bb_insert is called.

	Instruction: mov    0xfffffff0(%rbp)[4byte] -> %eax
	Instruction: cmp    %eax 0xfffffff4(%rbp)[4byte]
	Instruction: jl     $0x00007f43b99bb1b9
[ARKADE BB END] handling event_bb is done.




[ARKADE BB START] Basic Block is detected -> event_bb_insert is called.

	Instruction: mov    0xfffffff0(%rbp)[4byte] -> %eax
	Instruction: lea    0x41(%rax) -> %ecx
	Instruction: mov    0xfffffff0(%rbp)[4byte] -> %eax
	Instruction: movsxd %eax -> %rdx
	Instruction: mov    0xfffffff8(%rbp)[8byte] -> %rax
	Instruction: add    %rdx %rax -> %rax
	Instruction: mov    %ecx -> %edx
	Instruction: mov    %dl -> (%rax)[1byte]
	Instruction: add    $0x00000001 0xfffffff0(%rbp)[4byte] -> 0xfffffff0(%rbp)[4byte]
	Instruction: mov    0xfffffff0(%rbp)[4byte] -> %eax
	Instruction: cmp    %eax 0xfffffff4(%rbp)[4byte]
	Instruction: jl     $0x00007f43b99bb1b9
[ARKADE BB END] handling event_bb is done.




[ARKADE BB START] Basic Block is detected -> event_bb_insert is called.

	Instruction: mov    0xfffffff4(%rbp)[4byte] -> %eax
	Instruction: cwde   %ax -> %rax
	Instruction: lea    0xffffffff(%rax) -> %rdx
	Instruction: mov    0xfffffff8(%rbp)[8byte] -> %rax
	Instruction: add    %rdx %rax -> %rax
	Instruction: mov    $0x00 -> (%rax)[1byte]
	Instruction: mov    0xfffffff8(%rbp)[8byte] -> %rax
	Instruction: mov    %rax -> %rdi
	Instruction: call   $0x00007f43b99bb060 %rsp -> %rsp 0xfffffff8(%rsp)[8byte]
[ARKADE BB END] handling event_bb is done.




[ARKADE BB START] Basic Block is detected -> event_bb_insert is called.

	Instruction: nop    %edx
	Instruction: jmp    <rel> 0x00007f43b99bdfc8[8byte]
[ARKADE BB END] handling event_bb is done.




[ARKADE BB START] Basic Block is detected -> event_bb_insert is called.

	Instruction: nop    %edx
	Instruction: sub    $0x0000000000000018 %rsp -> %rsp
	Instruction: mov    <rel> 0x00007f43bd588ef8[8byte] -> %rax
	Instruction: mov    (%rax)[8byte] -> %rax
	Instruction: test   %rax %rax
	Instruction: jnz    $0x00007f43bd437768
[ARKADE BB END] handling event_bb is done.
[ARKADE FREE] Free (Nonuser Code) (0x00007f43b99c02a0)
[ARKADE FREE CALLED] Module start: 0x00007f43b99ba000
[ARKADE FREE CALLED] Module end: 0x00007f43b99bf000
[ARKADE FREE CALLED] Module full path: /home/arkade/tools/Binary_Instrumentation_Tools/DynamoRIO/src/github/dynamorio_research/debug/arkade_examples/hello2
Caller: main (/home/arkade/tools/Binary_Instrumentation_Tools/DynamoRIO/src/github/dynamorio_research/debug/arkade_examples/hello2.c:28)




[ARKADE BB START] Basic Block is detected -> event_bb_insert is called.

	Instruction: test   %rdi %rdi
	Instruction: jz     $0x00007f43bd437760
[ARKADE BB END] handling event_bb is done.




[ARKADE BB START] Basic Block is detected -> event_bb_insert is called.

	Instruction: mov    0xfffffff8(%rdi)[8byte] -> %rax
	Instruction: lea    0xfffffff0(%rdi) -> %rsi
	Instruction: test   %al $0x02
	Instruction: jnz    $0x00007f43bd437730
[ARKADE BB END] handling event_bb is done.




[ARKADE BB START] Basic Block is detected -> event_bb_insert is called.

	Instruction: mov    <rel> 0x00007f43bd588d78[8byte] -> %rdx
	Instruction: cmp    %fs:(%rdx)[8byte] $0x0000000000000000
	Instruction: jz     $0x00007f43bd4377a8
[ARKADE BB END] handling event_bb is done.




[ARKADE BB START] Basic Block is detected -> event_bb_insert is called.

	Instruction: lea    <rel> 0x00007f43bd589b80 -> %rdi
	Instruction: test   %al $0x04
	Instruction: jz     $0x00007f43bd437725
[ARKADE BB END] handling event_bb is done.




[ARKADE BB START] Basic Block is detected -> event_bb_insert is called.

	Instruction: xor    %edx %edx -> %edx
	Instruction: add    $0x0000000000000018 %rsp -> %rsp
	Instruction: jmp    $0x00007f43bd433840
[ARKADE BB END] handling event_bb is done.




[ARKADE BB START] Basic Block is detected -> event_bb_insert is called.

	Instruction: push   %r15 %rsp -> %rsp 0xfffffff8(%rsp)[8byte]
	Instruction: push   %r14 %rsp -> %rsp 0xfffffff8(%rsp)[8byte]
	Instruction: push   %r13 %rsp -> %rsp 0xfffffff8(%rsp)[8byte]
	Instruction: mov    %edx -> %r13d
	Instruction: push   %r12 %rsp -> %rsp 0xfffffff8(%rsp)[8byte]
	Instruction: push   %rbp %rsp -> %rsp 0xfffffff8(%rsp)[8byte]
	Instruction: push   %rbx %rsp -> %rsp 0xfffffff8(%rsp)[8byte]
	Instruction: sub    $0x0000000000000048 %rsp -> %rsp
	Instruction: mov    %fs:0x28[8byte] -> %rax
	Instruction: mov    %rax -> 0x38(%rsp)[8byte]
	Instruction: xor    %eax %eax -> %eax
	Instruction: mov    0x08(%rsi)[8byte] -> %rax
	Instruction: mov    %rax -> %rbx
	Instruction: and    $0xfffffffffffffff8 %rbx -> %rbx
	Instruction: mov    %rbx -> %rdx
	Instruction: neg    %rdx -> %rdx
	Instruction: cmp    %rsi %rdx
	Instruction: jnbe   $0x00007f43bd433b20
[ARKADE BB END] handling event_bb is done.




[ARKADE BB START] Basic Block is detected -> event_bb_insert is called.

	Instruction: mov    %rsi -> %r12
	Instruction: test   %sil $0x0f
	Instruction: jnz    $0x00007f43bd433b20
[ARKADE BB END] handling event_bb is done.




[ARKADE BB START] Basic Block is detected -> event_bb_insert is called.

	Instruction: cmp    %rbx $0x000000000000001f
	Instruction: jbe    $0x00007f43bd433b30
[ARKADE BB END] handling event_bb is done.




[ARKADE BB START] Basic Block is detected -> event_bb_insert is called.

	Instruction: test   %al $0x08
	Instruction: jnz    $0x00007f43bd433b30
[ARKADE BB END] handling event_bb is done.




[ARKADE BB START] Basic Block is detected -> event_bb_insert is called.

	Instruction: mov    <rel> 0x00007f43bd588d78[8byte] -> %rcx
	Instruction: mov    %rdi -> %rbp
	Instruction: mov    %fs:(%rcx)[8byte] -> %rdx
	Instruction: test   %rdx %rdx
	Instruction: jz     $0x00007f43bd4338e5
[ARKADE BB END] handling event_bb is done.




[ARKADE BB START] Basic Block is detected -> event_bb_insert is called.

	Instruction: lea    0xffffffef(%rbx) -> %rax
	Instruction: shr    $0x0000000000000004 %rax -> %rax
	Instruction: cmp    <rel> 0x00007f43bd5892d0[8byte] %rax
	Instruction: jbe    $0x00007f43bd4338e5
[ARKADE BB END] handling event_bb is done.




[ARKADE BB START] Basic Block is detected -> event_bb_insert is called.

	Instruction: lea    0x10(%rsi) -> %rsi
	Instruction: cmp    %rdx 0x18(%r12)[8byte]
	Instruction: jz     $0x00007f43bd433f38
[ARKADE BB END] handling event_bb is done.




[ARKADE BB START] Basic Block is detected -> event_bb_insert is called.

	Instruction: lea    (%rdx,%rax,2) -> %rdi
	Instruction: movzx  (%rdi)[2byte] -> %r8d
	Instruction: cmp    %r8 <rel> 0x00007f43bd5892e0[8byte]
	Instruction: mov    %r8 -> %rcx
	Instruction: jb     $0x00007f43bd433af8
[ARKADE BB END] handling event_bb is done.




[ARKADE BB START] Basic Block is detected -> event_bb_insert is called.

	Instruction: lea    (%rdx,%rax,8) -> %rax
	Instruction: mov    %rdx -> 0x18(%r12)[8byte]
	Instruction: add    $0x00000001 %ecx -> %ecx
	Instruction: mov    0x80(%rax)[8byte] -> %rdx
	Instruction: mov    %rdx -> 0x10(%r12)[8byte]
	Instruction: mov    %rsi -> 0x80(%rax)[8byte]
	Instruction: data16 mov    %cx -> (%rdi)[2byte]
	Instruction: jmp    $0x00007f43bd433975
[ARKADE BB END] handling event_bb is done.




[ARKADE BB START] Basic Block is detected -> event_bb_insert is called.

	Instruction: mov    0x38(%rsp)[8byte] -> %rax
	Instruction: xor    %fs:0x28[8byte] %rax -> %rax
	Instruction: jnz    $0x00007f43bd4341ba
[ARKADE BB END] handling event_bb is done.




[ARKADE BB START] Basic Block is detected -> event_bb_insert is called.

	Instruction: add    $0x0000000000000048 %rsp -> %rsp
	Instruction: pop    %rsp (%rsp)[8byte] -> %rbx %rsp
	Instruction: pop    %rsp (%rsp)[8byte] -> %rbp %rsp
	Instruction: pop    %rsp (%rsp)[8byte] -> %r12 %rsp
	Instruction: pop    %rsp (%rsp)[8byte] -> %r13 %rsp
	Instruction: pop    %rsp (%rsp)[8byte] -> %r14 %rsp
	Instruction: pop    %rsp (%rsp)[8byte] -> %r15 %rsp
	Instruction: ret    %rsp (%rsp)[8byte] -> %rsp
[ARKADE BB END] handling event_bb is done.




[ARKADE BB START] Basic Block is detected -> event_bb_insert is called.

	Instruction: mov    $0x00000000 -> %eax
	Instruction: leave  %rbp %rsp (%rbp)[8byte] -> %rsp %rbp
	Instruction: ret    %rsp (%rsp)[8byte] -> %rsp
[ARKADE BB END] handling event_bb is done.




[ARKADE BB START] Basic Block is detected -> event_bb_insert is called.

	Instruction: mov    %eax -> %edi
	Instruction: call   $0x00007f43bd3e3a40 %rsp -> %rsp 0xfffffff8(%rsp)[8byte]
[ARKADE BB END] handling event_bb is done.




[ARKADE BB START] Basic Block is detected -> event_bb_insert is called.

	Instruction: nop    %edx
	Instruction: push   %rax %rsp -> %rsp 0xfffffff8(%rsp)[8byte]
	Instruction: pop    %rsp (%rsp)[8byte] -> %rax %rsp
	Instruction: mov    $0x00000001 -> %ecx
	Instruction: mov    $0x00000001 -> %edx
	Instruction: lea    <rel> 0x00007f43bd589718 -> %rsi
	Instruction: sub    $0x0000000000000008 %rsp -> %rsp
	Instruction: call   $0x00007f43bd3e37b0 %rsp -> %rsp 0xfffffff8(%rsp)[8byte]
[ARKADE BB END] handling event_bb is done.




[ARKADE BB START] Basic Block is detected -> event_bb_insert is called.

	Instruction: nop    %edx
	Instruction: push   %r15 %rsp -> %rsp 0xfffffff8(%rsp)[8byte]
	Instruction: push   %r14 %rsp -> %rsp 0xfffffff8(%rsp)[8byte]
	Instruction: push   %r13 %rsp -> %rsp 0xfffffff8(%rsp)[8byte]
	Instruction: push   %r12 %rsp -> %rsp 0xfffffff8(%rsp)[8byte]
	Instruction: push   %rbp %rsp -> %rsp 0xfffffff8(%rsp)[8byte]
	Instruction: mov    %edi -> %ebp
	Instruction: push   %rbx %rsp -> %rsp 0xfffffff8(%rsp)[8byte]
	Instruction: mov    %rsi -> %rbx
	Instruction: sub    $0x0000000000000018 %rsp -> %rsp
	Instruction: mov    %edx -> 0x0c(%rsp)[4byte]
	Instruction: test   %cl %cl
	Instruction: jnz    $0x00007f43bd3e3a08
[ARKADE BB END] handling event_bb is done.




[ARKADE BB START] Basic Block is detected -> event_bb_insert is called.

	Instruction: call   $0x00007f43bd3e4280 %rsp -> %rsp 0xfffffff8(%rsp)[8byte]
[ARKADE BB END] handling event_bb is done.




[ARKADE BB START] Basic Block is detected -> event_bb_insert is called.

	Instruction: nop    %edx
	Instruction: push   %rbp %rsp -> %rsp 0xfffffff8(%rsp)[8byte]
	Instruction: push   %rbx %rsp -> %rsp 0xfffffff8(%rsp)[8byte]
	Instruction: sub    $0x0000000000000008 %rsp -> %rsp
	Instruction: mov    <rel> 0x00007f43bd588d60[8byte] -> %rbx
	Instruction: mov    %fs:(%rbx)[8byte] -> %rbp
	Instruction: test   %rbp %rbp
	Instruction: jz     $0x00007f43bd3e42dd
[ARKADE BB END] handling event_bb is done.




[ARKADE BB START] Basic Block is detected -> event_bb_insert is called.

	Instruction: add    $0x0000000000000008 %rsp -> %rsp
	Instruction: pop    %rsp (%rsp)[8byte] -> %rbx %rsp
	Instruction: pop    %rsp (%rsp)[8byte] -> %rbp %rsp
	Instruction: ret    %rsp (%rsp)[8byte] -> %rsp
[ARKADE BB END] handling event_bb is done.




[ARKADE BB START] Basic Block is detected -> event_bb_insert is called.

	Instruction: jmp    $0x00007f43bd3e37d3
[ARKADE BB END] handling event_bb is done.




[ARKADE BB START] Basic Block is detected -> event_bb_insert is called.

	Instruction: lea    <rel> 0x00007f43bd58e2e8 -> %r14
	Instruction: xor    %r12d %r12d -> %r12d
	Instruction: nop    (%rax)[4byte]
	Instruction: mov    %fs:0x18[4byte] -> %eax
	Instruction: mov    $0x00000001 -> %edx
	Instruction: test   %eax %eax
	Instruction: jnz    $0x00007f43bd3e39c2
[ARKADE BB END] handling event_bb is done.




[ARKADE BB START] Basic Block is detected -> event_bb_insert is called.

	Instruction: cmpxchg %edx (%r14)[4byte] %eax -> (%r14)[4byte] %eax
	Instruction: mov    (%rbx)[8byte] -> %r15
	Instruction: test   %r15 %r15
	Instruction: jnz    $0x00007f43bd3e383c
[ARKADE BB END] handling event_bb is done.




[ARKADE BB START] Basic Block is detected -> event_bb_insert is called.

	Instruction: mov    0x08(%r15)[8byte] -> %rax
	Instruction: test   %rax %rax
	Instruction: jz     $0x00007f43bd3e3940
[ARKADE BB END] handling event_bb is done.




[ARKADE BB START] Basic Block is detected -> event_bb_insert is called.

	Instruction: lea    0xffffffff(%rax) -> %r9
	Instruction: mov    <rel> 0x00007f43bd58e2e0[8byte] -> %r13
	Instruction: mov    %r9 -> 0x08(%r15)[8byte]
	Instruction: mov    %fs:0x18[4byte] -> %eax
	Instruction: test   %eax %eax
	Instruction: jnz    $0x00007f43bd3e3910
[ARKADE BB END] handling event_bb is done.




[ARKADE BB START] Basic Block is detected -> event_bb_insert is called.

	Instruction: sub    $0x00000001 (%r14)[4byte] -> (%r14)[4byte]
	Instruction: mov    %r9 -> %rax
	Instruction: shl    $0x0000000000000005 %rax -> %rax
	Instruction: add    %r15 %rax -> %rax
	Instruction: mov    0x10(%rax)[8byte] -> %rdx
	Instruction: cmp    %rdx $0x0000000000000003
	Instruction: jz     $0x00007f43bd3e38b0
[ARKADE BB END] handling event_bb is done.




[ARKADE BB START] Basic Block is detected -> event_bb_insert is called.

	Instruction: cmp    %rdx $0x0000000000000004
	Instruction: jnz    $0x00007f43bd3e3810
[ARKADE BB END] handling event_bb is done.




[ARKADE BB START] Basic Block is detected -> event_bb_insert is called.

	Instruction: mov    0x18(%rax)[8byte] -> %rdx
	Instruction: mov    0x20(%rax)[8byte] -> %rdi
	Instruction: mov    $0x0000000000000000 -> 0x10(%rax)[8byte]
	Instruction: mov    %ebp -> %esi
	Instruction: ror    $0x0000000000000011 %rdx -> %rdx
	Instruction: xor    %fs:0x30[8byte] %rdx -> %rdx
	Instruction: call   %rdx %rsp -> %rsp 0xfffffff8(%rsp)[8byte]
[ARKADE BB END] handling event_bb is done.




[ARKADE BB START] Basic Block is detected -> event_bb_insert is called.

	Instruction: nop    %edx
	Instruction: push   %rbp %rsp -> %rsp 0xfffffff8(%rsp)[8byte]
	Instruction: mov    %rsp -> %rbp
	Instruction: push   %r15 %rsp -> %rsp 0xfffffff8(%rsp)[8byte]
	Instruction: push   %r14 %rsp -> %rsp 0xfffffff8(%rsp)[8byte]
	Instruction: push   %r13 %rsp -> %rsp 0xfffffff8(%rsp)[8byte]
	Instruction: push   %r12 %rsp -> %rsp 0xfffffff8(%rsp)[8byte]
	Instruction: push   %rbx %rsp -> %rsp 0xfffffff8(%rsp)[8byte]
	Instruction: sub    $0x0000000000000028 %rsp -> %rsp
	Instruction: mov    <rel> 0x00007f43bd9bd960[8byte] -> %r12
	Instruction: sub    $0x0000000000000001 %r12 -> %r12
	Instruction: js     $0x00007f43bd9a1065
[ARKADE BB END] handling event_bb is done.




[ARKADE BB START] Basic Block is detected -> event_bb_insert is called.

	Instruction: mov    $0x00000000 -> 0xffffffc4(%rbp)[4byte]
	Instruction: lea    (%r12,%r12,8) -> %rbx
	Instruction: lea    <rel> 0x00007f43bd9bd060 -> %rax
	Instruction: shl    $0x0000000000000004 %rbx -> %rbx
	Instruction: add    %rax %rbx -> %rbx
	Instruction: jmp    $0x00007f43bd9a0dca
[ARKADE BB END] handling event_bb is done.




[ARKADE BB START] Basic Block is detected -> event_bb_insert is called.

	Instruction: lea    <rel> 0x00007f43bd9bd968 -> %rdi
	Instruction: call   <rel> 0x00007f43bd9bdf68[8byte] %rsp -> %rsp 0xfffffff8(%rsp)[8byte]
[ARKADE BB END] handling event_bb is done.




[ARKADE BB START] Basic Block is detected -> event_bb_insert is called.

	Instruction: mov    0x08(%rbx)[4byte] -> %ecx
	Instruction: test   %ecx %ecx
	Instruction: jz     $0x00007f43bd9a0da8
[ARKADE BB END] handling event_bb is done.




[ARKADE BB START] Basic Block is detected -> event_bb_insert is called.

	Instruction: mov    (%rbx)[8byte] -> %rax
	Instruction: movzx  0x0000031d(%rax)[1byte] -> %edx
	Instruction: shr    $0x03 %dl -> %dl
	Instruction: and    $0x00000001 %edx -> %edx
	Instruction: cmp    %edx 0xffffffc4(%rbp)[4byte]
	Instruction: jnz    $0x00007f43bd9a0da8
[ARKADE BB END] handling event_bb is done.




[ARKADE BB START] Basic Block is detected -> event_bb_insert is called.

	Instruction: mov    %ecx -> %edx
	Instruction: mov    %rsp -> %rdi
	Instruction: mov    %rsp -> 0xffffffb0(%rbp)[8byte]
	Instruction: lea    0x0f(,%rdx,8) -> %rdx
	Instruction: shr    $0x0000000000000004 %rdx -> %rdx
	Instruction: shl    $0x0000000000000004 %rdx -> %rdx
	Instruction: mov    %rdx -> %rsi
	Instruction: and    $0xfffffffffffff000 %rsi -> %rsi
	Instruction: sub    %rsi %rdi -> %rdi
	Instruction: mov    %rdi -> %rsi
	Instruction: cmp    %rsp %rsi
	Instruction: jz     $0x00007f43bd9a0e36
[ARKADE BB END] handling event_bb is done.




[ARKADE BB START] Basic Block is detected -> event_bb_insert is called.

	Instruction: and    $0x00000fff %edx -> %edx
	Instruction: sub    %rdx %rsp -> %rsp
	Instruction: test   %rdx %rdx
	Instruction: jz     $0x00007f43bd9a0e4a
[ARKADE BB END] handling event_bb is done.




[ARKADE BB START] Basic Block is detected -> event_bb_insert is called.

	Instruction: or     $0x0000000000000000 0xfffffff8(%rsp,%rdx)[8byte] -> 0xfffffff8(%rsp,%rdx)[8byte]
	Instruction: mov    %rsp -> %r13
	Instruction: xor    %r14d %r14d -> %r14d
	Instruction: jmp    $0x00007f43bd9a0e61
[ARKADE BB END] handling event_bb is done.




[ARKADE BB START] Basic Block is detected -> event_bb_insert is called.

	Instruction: cmp    0x28(%rax)[8byte] %rax
	Instruction: jnz    $0x00007f43bd9a0e58
[ARKADE BB END] handling event_bb is done.




[ARKADE BB START] Basic Block is detected -> event_bb_insert is called.

	Instruction: cmp    %ecx %r14d
	Instruction: jbe    $0x00007f43bd9a1179
[ARKADE BB END] handling event_bb is done.




[ARKADE BB START] Basic Block is detected -> event_bb_insert is called.

	Instruction: mov    %r14d -> %edx
	Instruction: mov    %rax -> 0x00(%r13,%rdx,8)[8byte]
	Instruction: mov    %r14d -> 0x000003ec(%rax)[4byte]
	Instruction: add    $0x00000001 %r14d -> %r14d
	Instruction: add    $0x00000001 0x00000318(%rax)[4byte] -> 0x00000318(%rax)[4byte]
	Instruction: mov    0x18(%rax)[8byte] -> %rax
	Instruction: test   %rax %rax
	Instruction: jnz    $0x00007f43bd9a0e61
[ARKADE BB END] handling event_bb is done.




[ARKADE BB START] Basic Block is detected -> event_bb_insert is called.

	Instruction: cmp    %r14d %ecx
	Instruction: setz    -> %dl
	Instruction: test   %r12 %r12
	Instruction: jnz    $0x00007f43bd9a0ea6
[ARKADE BB END] handling event_bb is done.




[ARKADE BB START] Basic Block is detected -> event_bb_insert is called.

	Instruction: test   %dl %dl
	Instruction: jz     $0x00007f43bd9a11b7
[ARKADE BB END] handling event_bb is done.




[ARKADE BB START] Basic Block is detected -> event_bb_insert is called.

	Instruction: test   %r12 %r12
	Instruction: setz    -> %al
	Instruction: test   %dl %dl
	Instruction: jnz    $0x00007f43bd9a1030
[ARKADE BB END] handling event_bb is done.




[ARKADE BB START] Basic Block is detected -> event_bb_insert is called.

	Instruction: movzx  %al -> %eax
	Instruction: mov    %r14d -> %esi
	Instruction: lea    0x08(%r13) -> %rdi
	Instruction: sub    %eax %esi -> %esi
	Instruction: test   %r12 %r12
	Instruction: cmovnz %r13 -> %rdi
	Instruction: jmp    $0x00007f43bd9a0ece
[ARKADE BB END] handling event_bb is done.




[ARKADE BB START] Basic Block is detected -> event_bb_insert is called.

	Instruction: xor    %edx %edx -> %edx
	Instruction: mov    $0x00000001 -> %ecx
	Instruction: call   $0x00007f43bd9a8290 %rsp -> %rsp 0xfffffff8(%rsp)[8byte]
[ARKADE BB END] handling event_bb is done.




[ARKADE BB START] Basic Block is detected -> event_bb_insert is called.

	Instruction: cmp    0x28(%rbx)[8byte] %rbx
	Instruction: jnz    $0x00007f43bd9a83cb
[ARKADE BB END] handling event_bb is done.




[ARKADE BB START] Basic Block is detected -> event_bb_insert is called.

	Instruction: cmp    0x000003ec(%rbx)[4byte] $0xffffffff
	Instruction: jnz    $0x00007f43bd9a838c
[ARKADE BB END] handling event_bb is done.




[ARKADE BB START] Basic Block is detected -> event_bb_insert is called.

	Instruction: mov    0x000003d0(%rsi)[8byte] -> %rax
	Instruction: test   %rax %rax
	Instruction: jz     $0x00007f43bd9a83be
[ARKADE BB END] handling event_bb is done.




[ARKADE BB START] Basic Block is detected -> event_bb_insert is called.

	Instruction: mov    0x00(%r13)[8byte] -> %rsi
	Instruction: mov    %r12d -> %ecx
	Instruction: mov    0x000003c8(%rsi)[8byte] -> %rax
	Instruction: test   %rax %rax
	Instruction: jnz    $0x00007f43bd9a8400
[ARKADE BB END] handling event_bb is done.




[ARKADE BB START] Basic Block is detected -> event_bb_insert is called.

	Instruction: mov    (%rax)[8byte] -> %rdx
	Instruction: test   %rdx %rdx
	Instruction: jz     $0x00007f43bd9a83b5
[ARKADE BB END] handling event_bb is done.




[ARKADE BB START] Basic Block is detected -> event_bb_insert is called.

	Instruction: add    $0x0000000000000008 %rax -> %rax
	Instruction: cmp    %rdx %rbx
	Instruction: jnz    $0x00007f43bd9a8400
[ARKADE BB END] handling event_bb is done.




[ARKADE BB START] Basic Block is detected -> event_bb_insert is called.

	Instruction: lea    <rel> 0x00007f43bd9bd968 -> %rdi
	Instruction: call   <rel> 0x00007f43bd9bdf70[8byte] %rsp -> %rsp 0xfffffff8(%rsp)[8byte]
[ARKADE BB END] handling event_bb is done.




[ARKADE BB START] Basic Block is detected -> event_bb_insert is called.

	Instruction: test   %r14d %r14d
	Instruction: jz     $0x00007f43bd9a0fb8
[ARKADE BB END] handling event_bb is done.




[ARKADE BB START] Basic Block is detected -> event_bb_insert is called.

	Instruction: lea    0xffffffff(%r14) -> %eax
	Instruction: lea    0x08(%r13,%rax,8) -> %rax
	Instruction: mov    %rax -> 0xffffffb8(%rbp)[8byte]
	Instruction: nop    (%rax)[4byte]
	Instruction: mov    0x00(%r13)[8byte] -> %r15
	Instruction: movzx  0x0000031c(%r15)[1byte] -> %eax
	Instruction: test   %al $0x08
	Instruction: jz     $0x00007f43bd9a0fa2
[ARKADE BB END] handling event_bb is done.




[ARKADE BB START] Basic Block is detected -> event_bb_insert is called.

	Instruction: and    $0xfffffff7 %eax -> %eax
	Instruction: mov    %al -> 0x0000031c(%r15)[1byte]
	Instruction: mov    0x00000110(%r15)[8byte] -> %rax
	Instruction: test   %rax %rax
	Instruction: jz     $0x00007f43bd9a0fc8
[ARKADE BB END] handling event_bb is done.




[ARKADE BB START] Basic Block is detected -> event_bb_insert is called.

	Instruction: test   <rel> 0x00007f43bd9bc620[1byte] $0x02
	Instruction: jnz    $0x00007f43bd9a0fe0
[ARKADE BB END] handling event_bb is done.




[ARKADE BB START] Basic Block is detected -> event_bb_insert is called.

	Instruction: mov    0x08(%rax)[8byte] -> %r14
	Instruction: mov    0x00000120(%r15)[8byte] -> %rax
	Instruction: mov    (%r15)[8byte] -> %rsi
	Instruction: mov    0x08(%rax)[8byte] -> %rdx
	Instruction: add    %r14 %rsi -> %rsi
	Instruction: shr    $0x0000000000000003 %rdx -> %rdx
	Instruction: mov    %rsi -> 0xffffffc8(%rbp)[8byte]
	Instruction: lea    0xffffffff(%rdx) -> %eax
	Instruction: lea    (%rsi,%rax,8) -> %r14
	Instruction: test   %edx %edx
	Instruction: jz     $0x00007f43bd9a0f78
[ARKADE BB END] handling event_bb is done.




[ARKADE BB START] Basic Block is detected -> event_bb_insert is called.

	Instruction: nop    0x00(%rax,%rax)[4byte]
	Instruction: call   (%r14)[8byte] %rsp -> %rsp 0xfffffff8(%rsp)[8byte]
[ARKADE BB END] handling event_bb is done.




[ARKADE BB START] Basic Block is detected -> event_bb_insert is called.

	Instruction: nop    %edx
	Instruction: cmp    <rel> 0x00007f43b99be010[1byte] $0x00
	Instruction: jnz    $0x00007f43b99bb158
[ARKADE BB END] handling event_bb is done.




[ARKADE BB START] Basic Block is detected -> event_bb_insert is called.

	Instruction: push   %rbp %rsp -> %rsp 0xfffffff8(%rsp)[8byte]
	Instruction: cmp    <rel> 0x00007f43b99bdff8[8byte] $0x0000000000000000
	Instruction: mov    %rsp -> %rbp
	Instruction: jz     $0x00007f43b99bb147
[ARKADE BB END] handling event_bb is done.




[ARKADE BB START] Basic Block is detected -> event_bb_insert is called.

	Instruction: mov    <rel> 0x00007f43b99be008[8byte] -> %rdi
	Instruction: call   $0x00007f43b99bb050 %rsp -> %rsp 0xfffffff8(%rsp)[8byte]
[ARKADE BB END] handling event_bb is done.




[ARKADE BB START] Basic Block is detected -> event_bb_insert is called.

	Instruction: nop    %edx
	Instruction: jmp    <rel> 0x00007f43b99bdff8[8byte]
[ARKADE BB END] handling event_bb is done.




[ARKADE BB START] Basic Block is detected -> event_bb_insert is called.

	Instruction: nop    %edx
	Instruction: push   %r15 %rsp -> %rsp 0xfffffff8(%rsp)[8byte]
	Instruction: push   %r14 %rsp -> %rsp 0xfffffff8(%rsp)[8byte]
	Instruction: push   %r13 %rsp -> %rsp 0xfffffff8(%rsp)[8byte]
	Instruction: push   %r12 %rsp -> %rsp 0xfffffff8(%rsp)[8byte]
	Instruction: push   %rbp %rsp -> %rsp 0xfffffff8(%rsp)[8byte]
	Instruction: mov    %rdi -> %rbp
	Instruction: push   %rbx %rsp -> %rsp 0xfffffff8(%rsp)[8byte]
	Instruction: sub    $0x0000000000000008 %rsp -> %rsp
	Instruction: mov    %fs:0x18[4byte] -> %eax
	Instruction: lea    <rel> 0x00007f43bd58e2e8 -> %r13
	Instruction: test   %eax %eax
	Instruction: jnz    $0x00007f43bd3e4150
[ARKADE BB END] handling event_bb is done.




[ARKADE BB START] Basic Block is detected -> event_bb_insert is called.

	Instruction: mov    $0x00000001 -> %edx
	Instruction: cmpxchg %edx 0x00(%r13)[4byte] %eax -> 0x00(%r13)[4byte] %eax
	Instruction: data16 nop    0x00000000(%rax,%rax)[4byte]
	Instruction: mov    <rel> 0x00007f43bd589718[8byte] -> %r15
	Instruction: test   %r15 %r15
	Instruction: jz     $0x00007f43bd3e401c
[ARKADE BB END] handling event_bb is done.




[ARKADE BB START] Basic Block is detected -> event_bb_insert is called.

	Instruction: mov    0x08(%r15)[8byte] -> %rax
	Instruction: lea    0x10(%r15) -> %r12
	Instruction: shl    $0x0000000000000005 %rax -> %rax
	Instruction: lea    0xfffffff0(%r15,%rax) -> %rbx
	Instruction: cmp    %r12 %rbx
	Instruction: jbe    $0x00007f43bd3e3f93
[ARKADE BB END] handling event_bb is done.




[ARKADE BB START] Basic Block is detected -> event_bb_insert is called.

	Instruction: jmp    $0x00007f43bd3e4010
[ARKADE BB END] handling event_bb is done.




[ARKADE BB START] Basic Block is detected -> event_bb_insert is called.

	Instruction: mov    (%r15)[8byte] -> %r15
	Instruction: test   %r15 %r15
	Instruction: jnz    $0x00007f43bd3e3f60
[ARKADE BB END] handling event_bb is done.




[ARKADE BB START] Basic Block is detected -> event_bb_insert is called.

	Instruction: mov    <rel> 0x00007f43bd589720[8byte] -> %rcx
	Instruction: test   %rcx %rcx
	Instruction: jz     $0x00007f43bd3e406e
[ARKADE BB END] handling event_bb is done.




[ARKADE BB START] Basic Block is detected -> event_bb_insert is called.

	Instruction: nop    0x00000000(%rax,%rax)[4byte]
	Instruction: mov    0x08(%rcx)[8byte] -> %rax
	Instruction: lea    0x10(%rcx) -> %rdx
	Instruction: shl    $0x0000000000000005 %rax -> %rax
	Instruction: lea    0xfffffff0(%rcx,%rax) -> %rax
	Instruction: cmp    %rdx %rax
	Instruction: jnbe   $0x00007f43bd3e4066
[ARKADE BB END] handling event_bb is done.




[ARKADE BB START] Basic Block is detected -> event_bb_insert is called.

	Instruction: mov    (%rcx)[8byte] -> %rcx
	Instruction: test   %rcx %rcx
	Instruction: jnz    $0x00007f43bd3e4030
[ARKADE BB END] handling event_bb is done.




[ARKADE BB START] Basic Block is detected -> event_bb_insert is called.

	Instruction: test   %rbp %rbp
	Instruction: jz     $0x00007f43bd3e407b
[ARKADE BB END] handling event_bb is done.




[ARKADE BB START] Basic Block is detected -> event_bb_insert is called.

	Instruction: mov    %rbp -> %rdi
	Instruction: call   $0x00007f43bd431900 %rsp -> %rsp 0xfffffff8(%rsp)[8byte]
[ARKADE BB END] handling event_bb is done.




[ARKADE BB START] Basic Block is detected -> event_bb_insert is called.

	Instruction: nop    %edx
	Instruction: push   %rbx %rsp -> %rsp 0xfffffff8(%rsp)[8byte]
	Instruction: mov    %rdi -> %rbx
	Instruction: mov    %fs:0x18[4byte] -> %eax
	Instruction: test   %eax %eax
	Instruction: jnz    $0x00007f43bd431a00
[ARKADE BB END] handling event_bb is done.




[ARKADE BB START] Basic Block is detected -> event_bb_insert is called.

	Instruction: mov    $0x00000001 -> %edx
	Instruction: cmpxchg %edx <rel> 0x00007f43bd58b800[4byte] %eax -> <rel> 0x00007f43bd58b800[4byte] %eax
	Instruction: mov    <rel> 0x00007f43bd58b820[8byte] -> %rsi
	Instruction: test   %rsi %rsi
	Instruction: jz     $0x00007f43bd4319eb
[ARKADE BB END] handling event_bb is done.




[ARKADE BB START] Basic Block is detected -> event_bb_insert is called.

	Instruction: mov    %fs:0x18[4byte] -> %eax
	Instruction: test   %eax %eax
	Instruction: jnz    $0x00007f43bd431a30
[ARKADE BB END] handling event_bb is done.




[ARKADE BB START] Basic Block is detected -> event_bb_insert is called.

	Instruction: sub    $0x00000001 <rel> 0x00007f43bd58b800[4byte] -> <rel> 0x00007f43bd58b800[4byte]
	Instruction: pop    %rsp (%rsp)[8byte] -> %rbx %rsp
	Instruction: ret    %rsp (%rsp)[8byte] -> %rsp
[ARKADE BB END] handling event_bb is done.




[ARKADE BB START] Basic Block is detected -> event_bb_insert is called.

	Instruction: mov    %fs:0x18[4byte] -> %eax
	Instruction: test   %eax %eax
	Instruction: jnz    $0x00007f43bd3e411b
[ARKADE BB END] handling event_bb is done.




[ARKADE BB START] Basic Block is detected -> event_bb_insert is called.

	Instruction: sub    $0x00000001 0x00(%r13)[4byte] -> 0x00(%r13)[4byte]
	Instruction: add    $0x0000000000000008 %rsp -> %rsp
	Instruction: pop    %rsp (%rsp)[8byte] -> %rbx %rsp
	Instruction: pop    %rsp (%rsp)[8byte] -> %rbp %rsp
	Instruction: pop    %rsp (%rsp)[8byte] -> %r12 %rsp
	Instruction: pop    %rsp (%rsp)[8byte] -> %r13 %rsp
	Instruction: pop    %rsp (%rsp)[8byte] -> %r14 %rsp
	Instruction: pop    %rsp (%rsp)[8byte] -> %r15 %rsp
	Instruction: ret    %rsp (%rsp)[8byte] -> %rsp
[ARKADE BB END] handling event_bb is done.




[ARKADE BB START] Basic Block is detected -> event_bb_insert is called.

	Instruction: call   $0x00007f43b99bb0b0 %rsp -> %rsp 0xfffffff8(%rsp)[8byte]
[ARKADE BB END] handling event_bb is done.




[ARKADE BB START] Basic Block is detected -> event_bb_insert is called.

	Instruction: lea    <rel> 0x00007f43b99be010 -> %rdi
	Instruction: lea    <rel> 0x00007f43b99be010 -> %rax
	Instruction: cmp    %rax %rdi
	Instruction: jz     $0x00007f43b99bb0d8
[ARKADE BB END] handling event_bb is done.




[ARKADE BB START] Basic Block is detected -> event_bb_insert is called.

	Instruction: ret    %rsp (%rsp)[8byte] -> %rsp
[ARKADE BB END] handling event_bb is done.




[ARKADE BB START] Basic Block is detected -> event_bb_insert is called.

	Instruction: mov    $0x01 -> <rel> 0x00007f43b99be010[1byte]
	Instruction: pop    %rsp (%rsp)[8byte] -> %rbp %rsp
	Instruction: ret    %rsp (%rsp)[8byte] -> %rsp
[ARKADE BB END] handling event_bb is done.




[ARKADE BB START] Basic Block is detected -> event_bb_insert is called.

	Instruction: mov    %r14 -> %rdx
	Instruction: sub    $0x0000000000000008 %r14 -> %r14
	Instruction: cmp    0xffffffc8(%rbp)[8byte] %rdx
	Instruction: jnz    $0x00007f43bd9a0f68
[ARKADE BB END] handling event_bb is done.




[ARKADE BB START] Basic Block is detected -> event_bb_insert is called.

	Instruction: mov    0xa8(%r15)[8byte] -> %rax
	Instruction: test   %rax %rax
	Instruction: jz     $0x00007f43bd9a0f8d
[ARKADE BB END] handling event_bb is done.




[ARKADE BB START] Basic Block is detected -> event_bb_insert is called.

	Instruction: mov    0x08(%rax)[8byte] -> %rax
	Instruction: add    (%r15)[8byte] %rax -> %rax
	Instruction: call   %rax %rsp -> %rsp 0xfffffff8(%rsp)[8byte]
[ARKADE BB END] handling event_bb is done.




[ARKADE BB START] Basic Block is detected -> event_bb_insert is called.

	Instruction: nop    %edx
	Instruction: sub    $0x0000000000000008 %rsp -> %rsp
	Instruction: add    $0x0000000000000008 %rsp -> %rsp
	Instruction: ret    %rsp (%rsp)[8byte] -> %rsp
[ARKADE BB END] handling event_bb is done.




[ARKADE BB START] Basic Block is detected -> event_bb_insert is called.

	Instruction: mov    0xffffffc4(%rbp)[4byte] -> %ecx
	Instruction: test   %ecx %ecx
	Instruction: jnz    $0x00007f43bd9a0fa2
[ARKADE BB END] handling event_bb is done.




[ARKADE BB START] Basic Block is detected -> event_bb_insert is called.

	Instruction: mov    <rel> 0x00007f43bd9bc830[4byte] -> %eax
	Instruction: test   %eax %eax
	Instruction: jnz    $0x00007f43bd9a1088
[ARKADE BB END] handling event_bb is done.




[ARKADE BB START] Basic Block is detected -> event_bb_insert is called.

	Instruction: sub    $0x00000001 0x00000318(%r15)[4byte] -> 0x00000318(%r15)[4byte]
	Instruction: add    $0x0000000000000008 %r13 -> %r13
	Instruction: cmp    0xffffffb8(%rbp)[8byte] %r13
	Instruction: jnz    $0x00007f43bd9a0f00
[ARKADE BB END] handling event_bb is done.




[ARKADE BB START] Basic Block is detected -> event_bb_insert is called.

	Instruction: mov    0x00(%r13)[8byte] -> %r15
	Instruction: movzx  0x0000031c(%r15)[1byte] -> %eax
	Instruction: test   %al $0x08
	Instruction: jz     $0x00007f43bd9a0fa2
[ARKADE BB END] handling event_bb is done.




[ARKADE BB START] Basic Block is detected -> event_bb_insert is called.

	Instruction: mov    0xa8(%r15)[8byte] -> %rax
	Instruction: test   %rax %rax
	Instruction: jz     $0x00007f43bd9a0f8d
[ARKADE BB END] handling event_bb is done.




[ARKADE BB START] Basic Block is detected -> event_bb_insert is called.

	Instruction: mov    0xffffffb0(%rbp)[8byte] -> %rsp
	Instruction: jmp    $0x00007f43bd9a0db5
[ARKADE BB END] handling event_bb is done.




[ARKADE BB START] Basic Block is detected -> event_bb_insert is called.

	Instruction: sub    $0x0000000000000001 %r12 -> %r12
	Instruction: sub    $0x0000000000000090 %rbx -> %rbx
	Instruction: cmp    %r12 $0xffffffffffffffff
	Instruction: jz     $0x00007f43bd9a1050
[ARKADE BB END] handling event_bb is done.




[ARKADE BB START] Basic Block is detected -> event_bb_insert is called.

	Instruction: mov    0xffffffc4(%rbp)[4byte] -> %edx
	Instruction: test   %edx %edx
	Instruction: jnz    $0x00007f43bd9a1065
[ARKADE BB END] handling event_bb is done.




[ARKADE BB START] Basic Block is detected -> event_bb_insert is called.

	Instruction: mov    <rel> 0x00007f43bd9bc830[4byte] -> %eax
	Instruction: test   %eax %eax
	Instruction: jnz    $0x00007f43bd9a1135
[ARKADE BB END] handling event_bb is done.




[ARKADE BB START] Basic Block is detected -> event_bb_insert is called.

	Instruction: test   <rel> 0x00007f43bd9bc620[1byte] $0x80
	Instruction: jnz    $0x00007f43bd9a1158
[ARKADE BB END] handling event_bb is done.




[ARKADE BB START] Basic Block is detected -> event_bb_insert is called.

	Instruction: lea    0xffffffd8(%rbp) -> %rsp
	Instruction: pop    %rsp (%rsp)[8byte] -> %rbx %rsp
	Instruction: pop    %rsp (%rsp)[8byte] -> %r12 %rsp
	Instruction: pop    %rsp (%rsp)[8byte] -> %r13 %rsp
	Instruction: pop    %rsp (%rsp)[8byte] -> %r14 %rsp
	Instruction: pop    %rsp (%rsp)[8byte] -> %r15 %rsp
	Instruction: pop    %rsp (%rsp)[8byte] -> %rbp %rsp
	Instruction: ret    %rsp (%rsp)[8byte] -> %rsp
[ARKADE BB END] handling event_bb is done.




[ARKADE BB START] Basic Block is detected -> event_bb_insert is called.

	Instruction: jmp    $0x00007f43bd3e381a
[ARKADE BB END] handling event_bb is done.




[ARKADE BB START] Basic Block is detected -> event_bb_insert is called.

	Instruction: mov    %fs:0x18[4byte] -> %eax
	Instruction: mov    $0x00000001 -> %edx
	Instruction: test   %eax %eax
	Instruction: jnz    $0x00007f43bd3e38f0
[ARKADE BB END] handling event_bb is done.




[ARKADE BB START] Basic Block is detected -> event_bb_insert is called.

	Instruction: cmpxchg %edx (%r14)[4byte] %eax -> (%r14)[4byte] %eax
	Instruction: cmp    <rel> 0x00007f43bd58e2e0[8byte] %r13
	Instruction: jnz    $0x00007f43bd3e37f9
[ARKADE BB END] handling event_bb is done.




[ARKADE BB START] Basic Block is detected -> event_bb_insert is called.

	Instruction: mov    (%r15)[8byte] -> %rax
	Instruction: mov    %rax -> (%rbx)[8byte]
	Instruction: test   %rax %rax
	Instruction: jz     $0x00007f43bd3e3953
[ARKADE BB END] handling event_bb is done.




[ARKADE BB START] Basic Block is detected -> event_bb_insert is called.

	Instruction: mov    %fs:0x18[4byte] -> %eax
	Instruction: test   %eax %eax
	Instruction: jnz    $0x00007f43bd3e39dd
[ARKADE BB END] handling event_bb is done.




[ARKADE BB START] Basic Block is detected -> event_bb_insert is called.

	Instruction: sub    $0x00000001 (%r14)[4byte] -> (%r14)[4byte]
	Instruction: jmp    $0x00007f43bd3e37e0
[ARKADE BB END] handling event_bb is done.




[ARKADE BB START] Basic Block is detected -> event_bb_insert is called.

	Instruction: mov    %fs:0x18[4byte] -> %eax
	Instruction: mov    $0x00000001 -> %edx
	Instruction: test   %eax %eax
	Instruction: jnz    $0x00007f43bd3e39c2
[ARKADE BB END] handling event_bb is done.




[ARKADE BB START] Basic Block is detected -> event_bb_insert is called.

	Instruction: jmp    $0x00007f43bd3e3968
[ARKADE BB END] handling event_bb is done.




[ARKADE BB START] Basic Block is detected -> event_bb_insert is called.

	Instruction: mov    $0x01 -> <rel> 0x00007f43bd58ac8c[1byte]
	Instruction: mov    %fs:0x18[4byte] -> %eax
	Instruction: test   %eax %eax
	Instruction: jnz    $0x00007f43bd3e3a12
[ARKADE BB END] handling event_bb is done.




[ARKADE BB START] Basic Block is detected -> event_bb_insert is called.

	Instruction: sub    $0x00000001 (%r14)[4byte] -> (%r14)[4byte]
	Instruction: cmp    0x0c(%rsp)[1byte] $0x00
	Instruction: jz     $0x00007f43bd3e39bb
[ARKADE BB END] handling event_bb is done.




[ARKADE BB START] Basic Block is detected -> event_bb_insert is called.

	Instruction: lea    <rel> 0x00007f43bd585898 -> %rbx
	Instruction: lea    <rel> 0x00007f43bd5858a0 -> %rax
	Instruction: cmp    %rbx %rax
	Instruction: jnb    $0x00007f43bd3e39bb
[ARKADE BB END] handling event_bb is done.




[ARKADE BB START] Basic Block is detected -> event_bb_insert is called.

	Instruction: sub    $0x0000000000000001 %rax -> %rax
	Instruction: sub    %rbx %rax -> %rax
	Instruction: shr    $0x0000000000000003 %rax -> %rax
	Instruction: lea    0x08(%rbx,%rax,8) -> %r12
	Instruction: nop    (%rax)[4byte]
	Instruction: call   (%rbx)[8byte] %rsp -> %rsp 0xfffffff8(%rsp)[8byte]
[ARKADE BB END] handling event_bb is done.




[ARKADE BB START] Basic Block is detected -> event_bb_insert is called.

	Instruction: nop    %edx
	Instruction: push   %r15 %rsp -> %rsp 0xfffffff8(%rsp)[8byte]
	Instruction: xor    %edi %edi -> %edi
	Instruction: push   %r14 %rsp -> %rsp 0xfffffff8(%rsp)[8byte]
	Instruction: push   %r13 %rsp -> %rsp 0xfffffff8(%rsp)[8byte]
	Instruction: push   %r12 %rsp -> %rsp 0xfffffff8(%rsp)[8byte]
	Instruction: push   %rbp %rsp -> %rsp 0xfffffff8(%rsp)[8byte]
	Instruction: push   %rbx %rsp -> %rsp 0xfffffff8(%rsp)[8byte]
	Instruction: sub    $0x0000000000000048 %rsp -> %rsp
	Instruction: mov    %fs:0x28[8byte] -> %rax
	Instruction: mov    %rax -> 0x38(%rsp)[8byte]
	Instruction: xor    %eax %eax -> %eax
	Instruction: call   $0x00007f43bd42fa30 %rsp -> %rsp 0xfffffff8(%rsp)[8byte]
[ARKADE BB END] handling event_bb is done.




[ARKADE BB START] Basic Block is detected -> event_bb_insert is called.

	Instruction: nop    %edx
	Instruction: push   %r15 %rsp -> %rsp 0xfffffff8(%rsp)[8byte]
	Instruction: push   %r14 %rsp -> %rsp 0xfffffff8(%rsp)[8byte]
	Instruction: push   %r13 %rsp -> %rsp 0xfffffff8(%rsp)[8byte]
	Instruction: push   %r12 %rsp -> %rsp 0xfffffff8(%rsp)[8byte]
	Instruction: push   %rbp %rsp -> %rsp 0xfffffff8(%rsp)[8byte]
	Instruction: mov    %edi -> %ebp
	Instruction: push   %rbx %rsp -> %rsp 0xfffffff8(%rsp)[8byte]
	Instruction: sub    $0x0000000000000048 %rsp -> %rsp
	Instruction: mov    %fs:0x28[8byte] -> %rax
	Instruction: mov    %rax -> 0x38(%rsp)[8byte]
	Instruction: xor    %eax %eax -> %eax
	Instruction: mov    <rel> 0x00007f43bd58e490[4byte] -> %eax
	Instruction: mov    %eax -> 0x04(%rsp)[4byte]
	Instruction: test   %eax %eax
	Instruction: jz     $0x00007f43bd42fc80
[ARKADE BB END] handling event_bb is done.




[ARKADE BB START] Basic Block is detected -> event_bb_insert is called.

	Instruction: mov    $0x0000000000000000 -> 0x18(%rsp)[8byte]
	Instruction: lea    <rel> 0x00007f43bd42dfb0 -> %rax
	Instruction: mov    %rax -> 0x10(%rsp)[8byte]
	Instruction: jmp    $0x00007f43bd42fa8a
[ARKADE BB END] handling event_bb is done.




[ARKADE BB START] Basic Block is detected -> event_bb_insert is called.

	Instruction: mov    %fs:0x10[8byte] -> %rbx
	Instruction: cmp    <rel> 0x00007f43bd58b7c8[8byte] %rbx
	Instruction: jz     $0x00007f43bd42fabf
[ARKADE BB END] handling event_bb is done.




[ARKADE BB START] Basic Block is detected -> event_bb_insert is called.

	Instruction: mov    %fs:0x18[4byte] -> %eax
	Instruction: test   %eax %eax
	Instruction: jnz    $0x00007f43bd42fd2c
[ARKADE BB END] handling event_bb is done.




[ARKADE BB START] Basic Block is detected -> event_bb_insert is called.

	Instruction: mov    $0x00000001 -> %edx
	Instruction: cmpxchg %edx <rel> 0x00007f43bd58b7c0[4byte] %eax -> <rel> 0x00007f43bd58b7c0[4byte] %eax
	Instruction: mov    %rbx -> <rel> 0x00007f43bd58b7c8[8byte]
	Instruction: mov    <rel> 0x00007f43bd58b7c4[4byte] -> %eax
	Instruction: mov    <rel> 0x00007f43bd58a5a0[8byte] -> %rbx
	Instruction: xor    %r15d %r15d -> %r15d
	Instruction: lea    0x01(%rax) -> %edx
	Instruction: mov    %edx -> <rel> 0x00007f43bd58b7c4[4byte]
	Instruction: test   %rbx %rbx
	Instruction: jz     $0x00007f43bd42fc09
[ARKADE BB END] handling event_bb is done.




[ARKADE BB START] Basic Block is detected -> event_bb_insert is called.

	Instruction: lea    <rel> 0x00007f43bd5858a0 -> %r13
	Instruction: lea    <rel> 0x00007f43bd586608 -> %r12
	Instruction: sub    %r13 %r12 -> %r12
	Instruction: mov    %fs:0x10[8byte] -> %r14
	Instruction: jmp    $0x00007f43bd42fb94
[ARKADE BB END] handling event_bb is done.




[ARKADE BB START] Basic Block is detected -> event_bb_insert is called.

	Instruction: mov    %rbx -> <rel> 0x00007f43bd58b7b0[8byte]
	Instruction: test   %ebp %ebp
	Instruction: jz     $0x00007f43bd42fbdd
[ARKADE BB END] handling event_bb is done.




[ARKADE BB START] Basic Block is detected -> event_bb_insert is called.

	Instruction: mov    0xc0(%rbx)[4byte] -> %edx
	Instruction: test   %edx %edx
	Instruction: jnle   $0x00007f43bd42fb00
[ARKADE BB END] handling event_bb is done.




[ARKADE BB START] Basic Block is detected -> event_bb_insert is called.

	Instruction: mov    0x20(%rbx)[8byte] -> %rax
	Instruction: cmp    0x28(%rbx)[8byte] %rax
	Instruction: jnbe   $0x00007f43bd42fb11
[ARKADE BB END] handling event_bb is done.




[ARKADE BB START] Basic Block is detected -> event_bb_insert is called.

	Instruction: jmp    $0x00007f43bd42fb3e
[ARKADE BB END] handling event_bb is done.




[ARKADE BB START] Basic Block is detected -> event_bb_insert is called.

	Instruction: test   %ebp %ebp
	Instruction: jz     $0x00007f43bd42fb80
[ARKADE BB END] handling event_bb is done.




[ARKADE BB START] Basic Block is detected -> event_bb_insert is called.

	Instruction: mov    $0x0000000000000000 -> <rel> 0x00007f43bd58b7b0[8byte]
	Instruction: mov    0x68(%rbx)[8byte] -> %rbx
	Instruction: test   %rbx %rbx
	Instruction: jz     $0x00007f43bd42fc00
[ARKADE BB END] handling event_bb is done.




[ARKADE BB START] Basic Block is detected -> event_bb_insert is called.

	Instruction: mov    <rel> 0x00007f43bd58b7c4[4byte] -> %eax
	Instruction: sub    $0x00000001 %eax -> %eax
	Instruction: mov    %eax -> <rel> 0x00007f43bd58b7c4[4byte]
	Instruction: test   %eax %eax
	Instruction: jnz    $0x00007f43bd42fc35
[ARKADE BB END] handling event_bb is done.




[ARKADE BB START] Basic Block is detected -> event_bb_insert is called.

	Instruction: mov    $0x0000000000000000 -> <rel> 0x00007f43bd58b7c8[8byte]
	Instruction: mov    %fs:0x18[4byte] -> %edx
	Instruction: test   %edx %edx
	Instruction: jnz    $0x00007f43bd42fcb4
[ARKADE BB END] handling event_bb is done.




[ARKADE BB START] Basic Block is detected -> event_bb_insert is called.

	Instruction: sub    $0x00000001 <rel> 0x00007f43bd58b7c0[4byte] -> <rel> 0x00007f43bd58b7c0[4byte]
	Instruction: mov    0x04(%rsp)[4byte] -> %eax
	Instruction: test   %eax %eax
	Instruction: jz     $0x00007f43bd42fc5a
[ARKADE BB END] handling event_bb is done.




[ARKADE BB START] Basic Block is detected -> event_bb_insert is called.

	Instruction: mov    0x38(%rsp)[8byte] -> %rax
	Instruction: xor    %fs:0x28[8byte] %rax -> %rax
	Instruction: jnz    $0x00007f43bd42fd52
[ARKADE BB END] handling event_bb is done.




[ARKADE BB START] Basic Block is detected -> event_bb_insert is called.

	Instruction: add    $0x0000000000000048 %rsp -> %rsp
	Instruction: mov    %r15d -> %eax
	Instruction: pop    %rsp (%rsp)[8byte] -> %rbx %rsp
	Instruction: pop    %rsp (%rsp)[8byte] -> %rbp %rsp
	Instruction: pop    %rsp (%rsp)[8byte] -> %r12 %rsp
	Instruction: pop    %rsp (%rsp)[8byte] -> %r13 %rsp
	Instruction: pop    %rsp (%rsp)[8byte] -> %r14 %rsp
	Instruction: pop    %rsp (%rsp)[8byte] -> %r15 %rsp
	Instruction: ret    %rsp (%rsp)[8byte] -> %rsp
[ARKADE BB END] handling event_bb is done.




[ARKADE BB START] Basic Block is detected -> event_bb_insert is called.

	Instruction: mov    <rel> 0x00007f43bd58e490[4byte] -> %r13d
	Instruction: mov    %eax -> %r12d
	Instruction: test   %r13d %r13d
	Instruction: jz     $0x00007f43bd42ffd8
[ARKADE BB END] handling event_bb is done.




[ARKADE BB START] Basic Block is detected -> event_bb_insert is called.

	Instruction: mov    $0x0000000000000000 -> 0x18(%rsp)[8byte]
	Instruction: lea    <rel> 0x00007f43bd42dfb0 -> %rax
	Instruction: mov    %rax -> 0x10(%rsp)[8byte]
	Instruction: jmp    $0x00007f43bd42fdc0
[ARKADE BB END] handling event_bb is done.




[ARKADE BB START] Basic Block is detected -> event_bb_insert is called.

	Instruction: mov    %fs:0x10[8byte] -> %rbx
	Instruction: cmp    %rbx <rel> 0x00007f43bd58b7c8[8byte]
	Instruction: jz     $0x00007f43bd42fdf5
[ARKADE BB END] handling event_bb is done.




[ARKADE BB START] Basic Block is detected -> event_bb_insert is called.

	Instruction: mov    %fs:0x18[4byte] -> %eax
	Instruction: test   %eax %eax
	Instruction: jnz    $0x00007f43bd430088
[ARKADE BB END] handling event_bb is done.




[ARKADE BB START] Basic Block is detected -> event_bb_insert is called.

	Instruction: mov    $0x00000001 -> %edx
	Instruction: cmpxchg %edx <rel> 0x00007f43bd58b7c0[4byte] %eax -> <rel> 0x00007f43bd58b7c0[4byte] %eax
	Instruction: mov    %rbx -> <rel> 0x00007f43bd58b7c8[8byte]
	Instruction: mov    <rel> 0x00007f43bd58b7c4[4byte] -> %eax
	Instruction: mov    <rel> 0x00007f43bd58a5a0[8byte] -> %r15
	Instruction: lea    0x01(%rax) -> %edx
	Instruction: mov    %edx -> <rel> 0x00007f43bd58b7c4[4byte]
	Instruction: test   %r15 %r15
	Instruction: jz     $0x00007f43bd42ff51
[ARKADE BB END] handling event_bb is done.




[ARKADE BB START] Basic Block is detected -> event_bb_insert is called.

	Instruction: lea    <rel> 0x00007f43bd5858a0 -> %r14
	Instruction: lea    <rel> 0x00007f43bd586608 -> %rbp
	Instruction: mov    %fs:0x10[8byte] -> %rax
	Instruction: sub    %r14 %rbp -> %rbp
	Instruction: mov    %rax -> (%rsp)[8byte]
	Instruction: jmp    $0x00007f43bd42fe50
[ARKADE BB END] handling event_bb is done.




[ARKADE BB START] Basic Block is detected -> event_bb_insert is called.

	Instruction: mov    (%r15)[4byte] -> %ebx
	Instruction: and    $0x00000002 %ebx -> %ebx
	Instruction: jnz    $0x00007f43bd42fe38
[ARKADE BB END] handling event_bb is done.




[ARKADE BB START] Basic Block is detected -> event_bb_insert is called.

	Instruction: mov    $0xffffffff -> 0xc0(%r15)[4byte]
	Instruction: mov    0x68(%r15)[8byte] -> %r15
	Instruction: test   %r15 %r15
	Instruction: jz     $0x00007f43bd42ff48
[ARKADE BB END] handling event_bb is done.




[ARKADE BB START] Basic Block is detected -> event_bb_insert is called.

	Instruction: mov    0xc0(%r15)[4byte] -> %edx
	Instruction: test   %edx %edx
	Instruction: jz     $0x00007f43bd42fe38
[ARKADE BB END] handling event_bb is done.




[ARKADE BB START] Basic Block is detected -> event_bb_insert is called.

	Instruction: mov    <rel> 0x00007f43bd58b7c4[4byte] -> %eax
	Instruction: sub    $0x00000001 %eax -> %eax
	Instruction: mov    %eax -> <rel> 0x00007f43bd58b7c4[4byte]
	Instruction: test   %eax %eax
	Instruction: jnz    $0x00007f43bd42ff7d
[ARKADE BB END] handling event_bb is done.




[ARKADE BB START] Basic Block is detected -> event_bb_insert is called.

	Instruction: mov    $0x0000000000000000 -> <rel> 0x00007f43bd58b7c8[8byte]
	Instruction: mov    %fs:0x18[4byte] -> %edx
	Instruction: test   %edx %edx
	Instruction: jnz    $0x00007f43bd430020
[ARKADE BB END] handling event_bb is done.




[ARKADE BB START] Basic Block is detected -> event_bb_insert is called.

	Instruction: sub    $0x00000001 <rel> 0x00007f43bd58b7c0[4byte] -> <rel> 0x00007f43bd58b7c0[4byte]
	Instruction: test   %r13d %r13d
	Instruction: jz     $0x00007f43bd42ff9f
[ARKADE BB END] handling event_bb is done.




[ARKADE BB START] Basic Block is detected -> event_bb_insert is called.

	Instruction: mov    0x38(%rsp)[8byte] -> %rax
	Instruction: xor    %fs:0x28[8byte] %rax -> %rax
	Instruction: jnz    $0x00007f43bd430104
[ARKADE BB END] handling event_bb is done.




[ARKADE BB START] Basic Block is detected -> event_bb_insert is called.

	Instruction: add    $0x0000000000000048 %rsp -> %rsp
	Instruction: mov    %r12d -> %eax
	Instruction: pop    %rsp (%rsp)[8byte] -> %rbx %rsp
	Instruction: pop    %rsp (%rsp)[8byte] -> %rbp %rsp
	Instruction: pop    %rsp (%rsp)[8byte] -> %r12 %rsp
	Instruction: pop    %rsp (%rsp)[8byte] -> %r13 %rsp
	Instruction: pop    %rsp (%rsp)[8byte] -> %r14 %rsp
	Instruction: pop    %rsp (%rsp)[8byte] -> %r15 %rsp
	Instruction: ret    %rsp (%rsp)[8byte] -> %rsp
[ARKADE BB END] handling event_bb is done.




[ARKADE BB START] Basic Block is detected -> event_bb_insert is called.

	Instruction: add    $0x0000000000000008 %rbx -> %rbx
	Instruction: cmp    %r12 %rbx
	Instruction: jnz    $0x00007f43bd3e39b0
[ARKADE BB END] handling event_bb is done.




[ARKADE BB START] Basic Block is detected -> event_bb_insert is called.

	Instruction: mov    %ebp -> %edi
	Instruction: call   $0x00007f43bd480110 %rsp -> %rsp 0xfffffff8(%rsp)[8byte]
[ARKADE BB END] handling event_bb is done.




[ARKADE BB START] Basic Block is detected -> event_bb_insert is called.

	Instruction: nop    %edx
	Instruction: mov    <rel> 0x00007f43bd588e70[8byte] -> %r9
	Instruction: mov    %edi -> %edx
	Instruction: mov    $0x000000e7 -> %r8d
	Instruction: mov    $0x0000003c -> %esi
	Instruction: jmp    $0x00007f43bd48013f
[ARKADE BB END] handling event_bb is done.




[ARKADE BB START] Basic Block is detected -> event_bb_insert is called.

	Instruction: mov    %edx -> %edi
	Instruction: mov    %r8d -> %eax
	Instruction: syscall  -> %rcx %r11
[ARKADE BB END] handling event_bb is done.
[ARKADE EXIT 1] drwrap_exit is done.
[ARKADE EXIT 2] drmgr_exit is done.
[ARKADE EXIT 2] drsym_exit is done.
[ARKADE EXIT 3] drutil_exit is done.
[ARKADE EXIT 4] drreg_exit is done.
PASS: Memory is accssed by base address.
